{"type":"FeatureCollection","crs":{"type":"name","properties":{"name":"EPSG:4326"}},"features":[{"type":"Feature","geometry":{"type":"Polygon","coordinates":[[[114.697378765118,-1.16427721082459],[114.697126122173,-1.16831949434913],[114.69705832768,-1.16940420623905],[114.695534998442,-1.1776798171698],[114.693999200103,-1.18602315784238],[114.687605428648,-1.19343700241569],[114.685843409446,-1.19655450858363],[114.685335572179,-1.19963149579684],[114.686412381726,-1.20243390290227],[114.688688276243,-1.20660637498418],[114.688702220231,-1.20716415340291],[114.688877934269,-1.21419268884148],[114.687929645037,-1.22576181765373],[114.683731932583,-1.2421876461429],[114.68356751403,-1.24283102383265],[114.678198340181,-1.25000000369715],[114.675661340998,-1.25338738741794],[114.673053677585,-1.25564425228038],[114.672546871841,-1.25608288042054],[114.668308867061,-1.25975076358679],[114.66325611158,-1.26412379437755],[114.661810228359,-1.26537517042772],[114.661051943393,-1.26967345586525],[114.661632344257,-1.27504216566336],[114.661776826639,-1.27637863736419],[114.663453110772,-1.28106584811036],[114.662587309157,-1.28284670631041],[114.658243016202,-1.29178243221344],[114.65930620102,-1.29497518105973],[114.659412895689,-1.29529558792098],[114.66708943403,-1.31834827865009],[114.667885116405,-1.32073772156855],[114.667699172579,-1.32157884668635],[114.664860924792,-1.33441782812025],[114.662966772698,-1.34298613600134],[114.662158845155,-1.34664084499894],[114.662024056565,-1.35796302717193],[114.661858992299,-1.37182843993054],[114.661641368954,-1.39010875321634],[114.661641368954,-1.39993784315686],[114.661641368954,-1.3999807012483],[114.661641368954,-1.40822038156529],[114.656155866001,-1.42532276643249],[114.640691000889,-1.47353823530125],[114.639081190145,-1.47855721044687],[114.638852120229,-1.4792713917613],[114.638514628947,-1.48032360215245],[114.638422580638,-1.48061058391124],[114.637699055367,-1.4828663507015],[114.633746104199,-1.49519063394058],[114.633359518027,-1.49639590894401],[114.632693465731,-1.49847248581654],[114.632203522275,-1.50000000139892],[114.63123139831,-1.50302607079647],[114.626453062859,-1.51792510136227],[114.617415476143,-1.53370514018002],[114.617082317795,-1.53410656786377],[114.616730062343,-1.53458450806852],[114.61639688331,-1.53500506882881],[114.616139827391,-1.53535874880714],[114.615939870329,-1.53565509160916],[114.615777905126,-1.53598017584437],[114.615530280398,-1.5364008328321],[114.615444522846,-1.53658250308001],[114.613516184824,-1.55156098155402],[114.624145823371,-1.60437431981893],[114.624080361719,-1.60444379964161],[114.624000936294,-1.60457136037991],[114.623798032154,-1.60513909699171],[114.623631002869,-1.60555790587262],[114.62353222763,-1.60587013969513],[114.623228588629,-1.60658590201774],[114.622864211214,-1.60745395913284],[114.622568114827,-1.60819258312119],[114.622355581645,-1.60867990235556],[114.622120170609,-1.60931194319159],[114.621839329422,-1.60995154732598],[114.621626707207,-1.61051504992957],[114.621239666877,-1.61133736662612],[114.620943612758,-1.61203789892983],[114.62073113983,-1.61247189016552],[114.620404678733,-1.61327904069515],[114.620101017248,-1.61401003573451],[114.619865548656,-1.61468778281488],[114.619561851199,-1.61544924958315],[114.619273372069,-1.61614217092438],[114.618954549813,-1.61688838339211],[114.618696316682,-1.61761181243514],[114.618316424164,-1.61879218970773],[114.617974646713,-1.61974406723488],[114.617640467634,-1.62067309478743],[114.616767297873,-1.6228813512933],[114.61627375443,-1.62413777343943],[114.616038289436,-1.62480789876548],[114.615658334864,-1.62603398228242],[114.615255613056,-1.6273057468627],[114.61492133775,-1.6283109559858],[114.614553540214,-1.62931022868406],[114.614450471612,-1.62959025598548],[114.614032893004,-1.6306182161577],[114.613661014344,-1.63141006831995],[114.613228355904,-1.63238468430569],[114.612879382977,-1.63300896129448],[114.612340695367,-1.6340215385631],[114.611847562015,-1.63491989743528],[114.611445324043,-1.63577265438443],[114.610602908398,-1.63755430308856],[114.610139753947,-1.63870409531768],[114.609350134801,-1.64064578557452],[114.608758019367,-1.64201634787611],[114.608188622607,-1.64337931630234],[114.607695044091,-1.64464334131708],[114.606860009182,-1.64656973320655],[114.606100764639,-1.6484200316591],[114.605204785373,-1.65065868884739],[114.604893315074,-1.65156487361998],[114.603959386217,-1.6538796611174],[114.603716466742,-1.6544354916046],[114.60272165558,-1.65700921910013],[114.602410355254,-1.65777065529147],[114.601612954275,-1.65985705455938],[114.601210484277,-1.66088501383229],[114.600967525231,-1.6614713142497],[114.600443567617,-1.66279623056153],[114.599950040362,-1.66399929233341],[114.599661509971,-1.66470742570709],[114.599091961225,-1.66616941038995],[114.598681829903,-1.6672659177878],[114.598438822294,-1.66789030629258],[114.597983481153,-1.66881154032029],[114.597725383819,-1.66939019919829],[114.597512830853,-1.66986988138984],[114.597406521993,-1.67013638468637],[114.597277613171,-1.67031144221926],[114.60487494912,-1.75000000539586],[114.607751069157,-1.78017862634249],[114.618960736249,-1.82744535272082],[114.61852704089,-1.83856449495545],[114.618167348944,-1.85165123331774],[114.618171814078,-1.85298324168321],[114.618208088233,-1.86382010741198],[114.61727817215,-1.88361372699188],[114.617081932885,-1.88865109597123],[114.616883951633,-1.89373266303193],[114.616781997291,-1.89800803104578],[114.616388177872,-1.91451693800622],[114.615863794878,-1.93266893961982],[114.615432458441,-1.94088724395112],[114.616110654283,-1.97904699822033],[114.616257595412,-1.98732244907171],[114.6107986998,-1.98708981064618],[114.606668517438,-1.98708379418173],[114.602360237835,-1.98695792506817],[114.602070287414,-1.98695148322435],[114.59455404963,-1.98678450160344],[114.594005106151,-1.98677230589715],[114.590701103973,-1.98669571243715],[114.587429121257,-1.98667959388808],[114.587242516429,-1.98667867478099],[114.583677056151,-1.98660168292128],[114.58271152062,-1.98655797586986],[114.582557543196,-1.98655100612399],[114.573733940269,-1.98658582157833],[114.500000005996,-1.98705120544872],[114.479917773287,-1.98717738033179],[114.476688109968,-1.98128799364594],[114.468527844285,-1.96640750710071],[114.459147900056,-1.95836755631763],[114.45244794092,-1.9469776264163],[114.435363045169,-1.92185277988182],[114.405548227869,-1.86389813439132],[114.395935699173,-1.81439100344198],[114.395864850582,-1.81408003496557],[114.395794993944,-1.81307560285671],[114.39572722733,-1.81060771927076],[114.395783961061,-1.80415138467862],[114.395914841197,-1.79737899414522],[114.395891996618,-1.78115023589464],[114.3959050206,-1.78033722358396],[114.395904133869,-1.7800950757271],[114.395902757007,-1.77971927512442],[114.395896427578,-1.77799377109562],[114.395769779652,-1.77510015924491],[114.395817826831,-1.77472958100532],[114.394254056879,-1.75401807017772],[114.394636737296,-1.74999999999994],[114.395498288715,-1.74095388591303],[114.397843275447,-1.73023395003673],[114.399183266195,-1.69103919030636],[114.386788342108,-1.65854438881246],[114.384108357914,-1.64346948233072],[114.379753384611,-1.60527971498681],[114.369033451433,-1.56273497613819],[114.36887502776,-1.56213298704768],[114.36986220098,-1.56252665628011],[114.37419594129,-1.56473151784525],[114.385766768022,-1.57100990538277],[114.395774672863,-1.57609328367806],[114.411302811576,-1.56441739364777],[114.430899421171,-1.54966808941077],[114.441419194041,-1.54719700243965],[114.444873201337,-1.54738067817573],[114.446541184728,-1.54612968973333],[114.448894234781,-1.53859397623097],[114.450443077786,-1.53716427361229],[114.451723850875,-1.53344109473068],[114.454732180246,-1.53010512794924],[114.455387459564,-1.52739465314068],[114.455595958387,-1.52539902874213],[114.456102309974,-1.5247139638783],[114.457591580987,-1.52373104265342],[114.459557419839,-1.52310554888192],[114.468016484373,-1.52262898374056],[114.486429530399,-1.50000000319756],[114.488033266222,-1.49694032343712],[114.492856366328,-1.48773859695865],[114.494869942994,-1.48389700344393],[114.4999999997,-1.4741096510395],[114.500000024881,-1.47410960337544],[114.51005210622,-1.47083466099076],[114.512933960334,-1.46853503606303],[114.514998611297,-1.46688751314815],[114.514727561028,-1.46574184880723],[114.514702073342,-1.4656341172207],[114.514781253252,-1.46434493367173],[114.514828619645,-1.4635737155545],[114.515404580557,-1.46314064162726],[114.516072407216,-1.46263849167303],[114.515925878876,-1.46152478564028],[114.515825913835,-1.46076499430899],[114.517544801551,-1.45938630483403],[114.517896009294,-1.45910460839093],[114.518002650902,-1.45901907207246],[114.517981479062,-1.45881471103002],[114.517695670019,-1.45605593903031],[114.517752590809,-1.45217550109845],[114.515484255094,-1.44559106797334],[114.515518592109,-1.44525730977699],[114.515903805017,-1.44151300582052],[114.516067025673,-1.43992648931601],[114.516188825354,-1.4387425920969],[114.517233553386,-1.4285877569194],[114.517250612626,-1.42316738736497],[114.509222912407,-1.41788211037107],[114.500000025781,-1.40906771470321],[114.4999999997,-1.40906766164323],[114.499621624339,-1.40828742872179],[114.493439059565,-1.39553863220209],[114.486446195735,-1.38111895017937],[114.482227098302,-1.37241892939005],[114.481454675993,-1.36854423273013],[114.478665799187,-1.3545544176522],[114.477559286832,-1.34900383256075],[114.477242014108,-1.34741229783924],[114.47700872817,-1.34679499059627],[114.474762962741,-1.34085239821957],[114.474088410951,-1.33906744180894],[114.47223643976,-1.33416687859852],[114.471911145983,-1.33334720231147],[114.469254896696,-1.32665396470867],[114.467595381322,-1.32247230335406],[114.467230169337,-1.3215520378962],[114.466323110423,-1.318960966975],[114.463476694994,-1.31083000120356],[114.463067548429,-1.30712531058458],[114.462599041213,-1.30288313205085],[114.460921226433,-1.28769106908754],[114.460907222191,-1.2875419902706],[114.460660560636,-1.2849161443645],[114.460091847361,-1.27886185439104],[114.460077609294,-1.27871028175406],[114.459828577127,-1.27605918738152],[114.459225203081,-1.26963591366643],[114.459198033662,-1.26934668899844],[114.458783918343,-1.26291192464555],[114.458678971058,-1.26128119836858],[114.456273925801,-1.2573317842344],[114.456126009808,-1.25708888634296],[114.455322883744,-1.25577004315295],[114.454264728834,-1.25453980207016],[114.45367607579,-1.25385541799312],[114.451764097335,-1.25307491797304],[114.451533771966,-1.25298089565177],[114.451461170597,-1.25295521730936],[114.44999160373,-1.25243542085792],[114.449446342075,-1.25213447082911],[114.449388431131,-1.25210250802428],[114.448950449604,-1.25182032774586],[114.448684904984,-1.25153109228603],[114.448517804653,-1.25130659991959],[114.448426599008,-1.25118406819013],[114.448398661569,-1.25090471807823],[114.448420294761,-1.25000000189851],[114.448455891726,-1.24987228198017],[114.448517210201,-1.24949750120868],[114.448551487861,-1.24906817115914],[114.448550495009,-1.24897683781074],[114.448545266351,-1.24849567983171],[114.448518813692,-1.24779772228703],[114.448510139731,-1.24706125757092],[114.448506292431,-1.24673452397906],[114.448425803108,-1.24584602257585],[114.448433067832,-1.24533488479705],[114.448453643421,-1.24506910725347],[114.448542062067,-1.24468072243735],[114.44869825632,-1.24424469603582],[114.449086367742,-1.2433699272803],[114.449486778292,-1.24251840330163],[114.449778582216,-1.24191894130604],[114.450085081961,-1.241500299699],[114.450485105803,-1.24105087879497],[114.450871487829,-1.2407036721367],[114.451251149221,-1.2403019368848],[114.451794355925,-1.2396866621097],[114.452065592353,-1.23934615809867],[114.452282725567,-1.23892381758009],[114.452398247981,-1.2385218269207],[114.452439158141,-1.23823562307552],[114.452459899205,-1.23779264671322],[114.452460249041,-1.23742462074961],[114.452404180808,-1.23687059969836],[114.452304156412,-1.23631155413489],[114.452151486602,-1.23572354590488],[114.452003266637,-1.23514794831914],[114.451855214846,-1.2347382288861],[114.451798006273,-1.23447315371305],[114.451778905572,-1.23410048724764],[114.451776713025,-1.23386178379423],[114.451774567243,-1.2336282667311],[114.451524677122,-1.23340448123179],[114.451381583293,-1.23325956267865],[114.45123401174,-1.23302865005212],[114.451083969749,-1.23271824724924],[114.450989927643,-1.23246687234825],[114.450923840063,-1.23229501280457],[114.450829697233,-1.23215133081919],[114.450671567639,-1.23199505832525],[114.45018446604,-1.23171783510998],[114.449954119087,-1.23151818471638],[114.449769973905,-1.2312976142934],[114.449701358331,-1.23114899503003],[114.449657099995,-1.23090475714878],[114.449646988018,-1.23076553670012],[114.449604702795,-1.23057421043143],[114.449538113393,-1.23042152263514],[114.449396783135,-1.23016346577128],[114.449137747809,-1.22970050107722],[114.44897382838,-1.22937974707764],[114.448852606962,-1.22905903534615],[114.448772537623,-1.22850558536442],[114.448673282146,-1.2276529579176],[114.448553709186,-1.22712252878165],[114.44831336537,-1.22655584257802],[114.448020347361,-1.22602524706747],[114.447747271819,-1.22556851107788],[114.447540891799,-1.22512526491897],[114.447467035875,-1.22472662783156],[114.447414055015,-1.22431709635686],[114.44743458204,-1.2237733743417],[114.447494958026,-1.22341765200298],[114.44766230657,-1.22280694218659],[114.447763863412,-1.2222876178792],[114.447857654607,-1.22186479892127],[114.447978143976,-1.22142857916555],[114.448178746752,-1.2209253068574],[114.448252816714,-1.22072817276694],[114.448520259802,-1.22008399468058],[114.44872091204,-1.21952702025573],[114.448841457168,-1.21903038404491],[114.448955246587,-1.2186210090523],[114.449035671159,-1.21822502766287],[114.449149430002,-1.21784921626829],[114.449410274764,-1.21712447601374],[114.449584309768,-1.21691507427118],[114.449736763741,-1.21649433724383],[114.449832285232,-1.2159778898677],[114.449965515296,-1.21578670569187],[114.450079864095,-1.21546158728239],[114.450099177035,-1.21513637804139],[114.450004373203,-1.21488758509395],[114.449700562431,-1.21456206918413],[114.449472709298,-1.21431315033158],[114.449226045046,-1.21385377123448],[114.44918835266,-1.21350937675629],[114.449188991179,-1.21306284897128],[114.449303275226,-1.21257206644765],[114.449303526137,-1.21230423215457],[114.449303902054,-1.21190248071485],[114.449193934752,-1.2116311939244],[114.449133231414,-1.21148143701868],[114.449023854967,-1.21124968892195],[114.448943534716,-1.21107950571457],[114.449115488689,-1.21019293515576],[114.449449586829,-1.20847037011146],[114.449963604237,-1.20582016516846],[114.450435162853,-1.20338887139923],[114.450695537269,-1.20248224236155],[114.452876644142,-1.19488758189635],[114.454757507853,-1.18833837431646],[114.45556757938,-1.18551769118847],[114.458386185974,-1.17570323771417],[114.459075284297,-1.17330378534137],[114.459532523008,-1.17196423256325],[114.459560285079,-1.17188290057533],[114.460982804813,-1.16771541523417],[114.461421929379,-1.16642893414797],[114.461719174201,-1.16555810891953],[114.462445145627,-1.16343126534059],[114.463909342642,-1.15914167814589],[114.465762383128,-1.1537129188161],[114.466444285975,-1.15171518280937],[114.466706044448,-1.15094832370613],[114.46789641139,-1.14746096415212],[114.468682423355,-1.14515822307351],[114.470408231355,-1.14100334263009],[114.472601354069,-1.13572340311254],[114.473173519842,-1.13434591423248],[114.473219939249,-1.13423415907914],[114.47367529298,-1.13313789629683],[114.475264831207,-1.12931108583791],[114.475641736177,-1.1284036869805],[114.477089738201,-1.12491762694685],[114.479835318046,-1.11830764857905],[114.480450813155,-1.11682584823427],[114.480527169194,-1.11664202141213],[114.480786684758,-1.11601723720571],[114.481029311953,-1.1154331122483],[114.481180333306,-1.11506952893558],[114.48192169483,-1.11381934808441],[114.482072045289,-1.11356580941452],[114.48289883971,-1.1121715589702],[114.483523790291,-1.11111768573255],[114.48386037056,-1.1105500993076],[114.485275870185,-1.10816309804846],[114.486561407883,-1.10599525437743],[114.488353215329,-1.10297367439551],[114.490290132883,-1.09970738798552],[114.491127476352,-1.09829535074977],[114.491475826948,-1.09770791628728],[114.493782168912,-1.09381865780477],[114.49460445683,-1.09243200843042],[114.49624971795,-1.08965755225421],[114.497913565359,-1.08685175380532],[114.49828583882,-1.08622397665516],[114.4999999997,-1.08333333436582],[114.500388172276,-1.08360390259799],[114.504843669999,-1.08483294128717],[114.506948905568,-1.08541366500856],[114.508995542211,-1.08629282695233],[114.511642400776,-1.0874298227281],[114.511694347416,-1.0874521367067],[114.512636987107,-1.0878629443194],[114.515561342282,-1.08913739337595],[114.516143852057,-1.08939125400315],[114.521257893637,-1.0914575327389],[114.52164775514,-1.09197323817438],[114.523589424712,-1.09454166776374],[114.523662214939,-1.0952835266134],[114.523012667001,-1.0962719417966],[114.522100721171,-1.09747206188609],[114.521646935857,-1.09806924230162],[114.519889963651,-1.1003814163692],[114.519732631756,-1.10058846458594],[114.518474614212,-1.10194633205754],[114.516687608247,-1.10387517190162],[114.516666091967,-1.10389839599412],[114.514479143997,-1.10473976213029],[114.512893024094,-1.1053499764202],[114.511480505721,-1.1058934016591],[114.510804880141,-1.10760845286774],[114.510203391973,-1.10913530924705],[114.510081797337,-1.11034924292318],[114.509549175654,-1.11566665089515],[114.509458925989,-1.11656765737143],[114.508826208863,-1.12288435512886],[114.510058763901,-1.1259513886456],[114.511409315388,-1.12550120601577],[114.51330008693,-1.12559124164244],[114.514380527939,-1.1261314625969],[114.515641042001,-1.1267617200773],[114.518072035396,-1.12703183055447],[114.518688723906,-1.12732203818149],[114.519602659036,-1.12775212456086],[114.519781841759,-1.12791637584002],[114.520683100045,-1.12874252904442],[114.5240144596,-1.12910267604764],[114.526085304194,-1.12901263862233],[114.52851629669,-1.12829234641458],[114.530856249017,-1.12783313279277],[114.531689764971,-1.12796489966036],[114.535145515153,-1.129359946904],[114.536979750815,-1.12973293262871],[114.538485142176,-1.130827762791],[114.538960559782,-1.13117352244006],[114.538974637769,-1.13117955509233],[114.540851332223,-1.13198385207306],[114.542021808859,-1.13234399907623],[114.542262924295,-1.1327659501884],[114.54265839307,-1.133458020771],[114.542742102866,-1.1336045131377],[114.543012214242,-1.13495506462448],[114.543192287294,-1.13720598316957],[114.543732508249,-1.13846649723104],[114.543372361246,-1.14017719572098],[114.543372361246,-1.14120695093999],[114.543372360346,-1.1423380768407],[114.543652634961,-1.14258331836538],[114.544092654353,-1.14296833522047],[114.544286677688,-1.14312708174936],[114.547063866904,-1.14539932681743],[114.553726586013,-1.14494914328827],[114.555257210552,-1.14602958519714],[114.557057945568,-1.14494914328827],[114.557668115791,-1.144756458144],[114.558768644058,-1.14440892323319],[114.560839488652,-1.142518150792],[114.562460149716,-1.1421580046881],[114.562795210131,-1.14259173332181],[114.564370479714,-1.14463088940397],[114.567994903142,-1.1492520269594],[114.573624706815,-1.15332256088743],[114.577316214272,-1.1552133324293],[114.577450205163,-1.15536166660758],[114.578333239587,-1.15633923776556],[114.579701245116,-1.15785369788978],[114.580770991388,-1.15903796742822],[114.584986381816,-1.15844633403105],[114.585935793402,-1.15831308328211],[114.591347192219,-1.1581261250206],[114.592262313555,-1.1580945075554],[114.596449438291,-1.15837838215657],[114.597574482976,-1.15845465635726],[114.600365620677,-1.15656388391608],[114.603606943706,-1.15647384739009],[114.603771662632,-1.1565470549026],[114.606848266734,-1.1579144354028],[114.60952197456,-1.15796394757808],[114.611710250828,-1.15800447192879],[114.611810601678,-1.15808258794101],[114.612996022349,-1.15900535711148],[114.613608358139,-1.15948201937965],[114.615567465566,-1.16100705103452],[114.616219328359,-1.16159154741194],[114.616280966094,-1.16164681524828],[114.617708391629,-1.16292672588764],[114.619611856202,-1.16463347905176],[114.62122670315,-1.16608144060598],[114.623592859923,-1.16820307081503],[114.62457994321,-1.16908814490193],[114.626710542358,-1.17099856033525],[114.632465788865,-1.17177382899894],[114.639054816627,-1.17266141309369],[114.643315175855,-1.17227759683357],[114.652528110584,-1.17144760262471],[114.661510307155,-1.16562131417226],[114.667101080251,-1.16282592717477],[114.66879316817,-1.16197988276531],[114.670582727311,-1.16005266619754],[114.67194907539,-1.1585812143515],[114.677191217301,-1.15594584102769],[114.681570182718,-1.15803106308306],[114.687284991209,-1.16075239990329],[114.697378765118,-1.16427721082459]]]},"properties":{"Kecamatan":"TIMPAH"}},{"type":"Feature","geometry":{"type":"Polygon","coordinates":[[[114.289013974615,-0.915875055689241],[114.288945469658,-0.915872286676631],[114.288669849934,-0.915861798782942],[114.28847899401,-0.915861096412414],[114.288343819612,-0.915855633930335],[114.288120715798,-0.915828641678445],[114.287993799874,-0.915813642785338],[114.287891321228,-0.915810355763256],[114.287836822312,-0.915816116820281],[114.287742976257,-0.915854489992682],[114.2877289909,-0.915862413919228],[114.287565606568,-0.915954936171318],[114.287454376618,-0.916008811857125],[114.287376503423,-0.916034238389329],[114.287313328747,-0.916043119194569],[114.287163417158,-0.916044847691524],[114.286950698716,-0.916043067933174],[114.286558071798,-0.916047865816324],[114.286447857183,-0.916053664644835],[114.286351285284,-0.916062628187717],[114.286279858429,-0.916074936309201],[114.28621704618,-0.916092239265367],[114.286163630048,-0.916112938960907],[114.286101594813,-0.916147025065129],[114.286058773594,-0.916180103928582],[114.28601943365,-0.916214486809054],[114.285983824994,-0.916242962043043],[114.285963356424,-0.916254840288616],[114.285907629034,-0.916269726766416],[114.285833268591,-0.916266009868423],[114.285729794395,-0.916239353063645],[114.285657156153,-0.916213795230419],[114.285560488926,-0.916170596295956],[114.285318690006,-0.91605405944722],[114.285146393391,-0.915976904810236],[114.285068918596,-0.915935627726981],[114.28499936323,-0.915896127704059],[114.284944897589,-0.915867493290136],[114.284899155372,-0.915846736037963],[114.284863613265,-0.915833035765957],[114.284840240785,-0.915825480561409],[114.284806920903,-0.915817448716211],[114.284770420119,-0.915814150002973],[114.284715634319,-0.915819304017646],[114.284603195681,-0.915856323710329],[114.284500292555,-0.915904413158103],[114.284407488815,-0.91594133122743],[114.284345009315,-0.91595964682017],[114.284280178088,-0.915974616934989],[114.284192887192,-0.915987889129724],[114.284166463312,-0.91599030920537],[114.284059792925,-0.915998441774605],[114.284012063206,-0.916004026564508],[114.2839465413,-0.916019520984037],[114.283833546881,-0.91606765629723],[114.283779127105,-0.916098827698704],[114.283683389777,-0.916157387953035],[114.283642468825,-0.916181656158471],[114.283588749621,-0.916211891365663],[114.283543672003,-0.91623550576395],[114.282810202929,-0.916305381288282],[114.2823212847,-0.916222688626135],[114.282275687273,-0.916203939560091],[114.281945791665,-0.916068292117927],[114.281651991246,-0.916063496033473],[114.281392734687,-0.916263015125992],[114.281192220944,-0.916520155580656],[114.280953066031,-0.916826799217347],[114.280700858358,-0.917030399433315],[114.280459938975,-0.917163087206688],[114.280377594351,-0.917212792736166],[114.280221390205,-0.917307083954711],[114.279995917578,-0.917443188252491],[114.279349650366,-0.917579735916036],[114.278951015077,-0.917617625253172],[114.278451447976,-0.917627131986478],[114.278228166097,-0.917595935404051],[114.277173067983,-0.917249873582762],[114.276358097848,-0.916572757826486],[114.27582286903,-0.916177236889951],[114.275320587775,-0.915798979339399],[114.27494241566,-0.915320618251883],[114.274570992957,-0.914997963984774],[114.274304613767,-0.914887878872491],[114.273841749797,-0.914853554447916],[114.273448964598,-0.914966299754894],[114.27301594463,-0.915244079650506],[114.27268847899,-0.915506562078122],[114.272399003411,-0.915785053337515],[114.271110145417,-0.917300035068536],[114.271012720061,-0.917414552939192],[114.270735170392,-0.917834769259173],[114.268981459127,-0.920489915077496],[114.268287026925,-0.92123943794968],[114.268109696805,-0.92143083616412],[114.267993578141,-0.923363658206199],[114.267114361339,-0.924586758671921],[114.266421049692,-0.925794693869989],[114.265596001754,-0.927480830975526],[114.265724579626,-0.928975186755395],[114.265743498664,-0.930406018023291],[114.263939279674,-0.932132377307312],[114.262720227057,-0.933155213142527],[114.261022371785,-0.936179704229914],[114.258517350695,-0.938798036300284],[114.255644112985,-0.940319128924614],[114.25556068198,-0.940282816099057],[114.255302849947,-0.940197499215174],[114.255015015631,-0.940105924848524],[114.254721352808,-0.940025340197224],[114.254525589285,-0.939985409399071],[114.254427707073,-0.93997824360099],[114.254329938176,-0.939984541553315],[114.253978502906,-0.9400524934278],[114.253777586267,-0.940062254669272],[114.25366706858,-0.940073238988759],[114.25344632279,-0.94009964488265],[114.253237656693,-0.940118467693082],[114.253040674588,-0.940127740602691],[114.252843861555,-0.940124973388777],[114.252741489928,-0.940114224691683],[114.252640325191,-0.940094667135156],[114.25262699544,-0.940091255107291],[114.252539923978,-0.940068968108335],[114.252439856414,-0.940039792302514],[114.252243503835,-0.939981340866154],[114.252162508193,-0.939955806415298],[114.252055377354,-0.939916696698162],[114.251964698712,-0.939875703800624],[114.25187712363,-0.939825721279988],[114.251797191887,-0.939763385671654],[114.251661135253,-0.939614788891333],[114.251594610603,-0.939539031800848],[114.251522161219,-0.939469298369374],[114.251447833151,-0.939406899808546],[114.251372989772,-0.93934612182602],[114.251214953707,-0.939233720060088],[114.251128359786,-0.939184235763832],[114.25102257793,-0.939137337917771],[114.250914644895,-0.939102738300676],[114.250805210892,-0.939076830631166],[114.250694924331,-0.939056013124457],[114.250593413355,-0.939007211413639],[114.250409468722,-0.938885068191269],[114.250126772233,-0.938762846727968],[114.250000025381,-0.938735875160489],[114.2500000002,-0.938735869764514],[114.249996543206,-0.93873513321978],[114.249991720142,-0.938738500281488],[114.249954748113,-0.938747155356907],[114.249948978962,-0.938748505239289],[114.249908095782,-0.938783797334338],[114.249731394288,-0.938936333145193],[114.249410250882,-0.939171738784694],[114.249240947212,-0.939284868102106],[114.248890634295,-0.939455092678315],[114.248694334776,-0.939497126990773],[114.248387647072,-0.9395290403329],[114.24808924842,-0.939545684085999],[114.247795626067,-0.939552205070186],[114.247470227969,-0.939532098027883],[114.247153303282,-0.939454249114249],[114.247074393169,-0.939434864227565],[114.24660258634,-0.939280196124116],[114.24619889956,-0.939213178645218],[114.24582639767,-0.93921662574661],[114.245754716307,-0.939567073561534],[114.245669478564,-0.939831369022443],[114.245582956588,-0.939990701010004],[114.245419887018,-0.940102942696626],[114.244844776865,-0.940210194944484],[114.244374078901,-0.940251934279274],[114.243881800805,-0.940274214083672],[114.243353573209,-0.940300922149788],[114.242847718947,-0.940347121222601],[114.242657429597,-0.940411811256013],[114.24245348494,-0.94049851579382],[114.242156024281,-0.940687101828246],[114.241878089702,-0.94101883295275],[114.241708888554,-0.941378952976265],[114.241561014829,-0.941733076320361],[114.24140310467,-0.942075607403297],[114.24106331472,-0.942615798680094],[114.240795306858,-0.94304315741573],[114.240597981212,-0.943309605853585],[114.240386883348,-0.943569064760482],[114.240240054635,-0.943735121878319],[114.240014334694,-0.943956623099609],[114.239723811405,-0.944198982297166],[114.239485506351,-0.944437352102057],[114.23925477269,-0.944659711276586],[114.239101285396,-0.944778276995862],[114.238881703328,-0.945090449664463],[114.238738704827,-0.945346038788614],[114.238632503887,-0.945502036090033],[114.238579404316,-0.945580034291083],[114.238526302947,-0.945658033391453],[114.238473203376,-0.94573603069324],[114.238417280833,-0.945821433911988],[114.238364173168,-0.945908528755524],[114.238313306614,-0.9459971083798],[114.238264110101,-0.946086966840028],[114.238235953227,-0.946140197711884],[114.238216008062,-0.946177900889381],[114.238169308966,-0.946271015794707],[114.238126367238,-0.946365634366487],[114.238088069609,-0.946461935569801],[114.238055312703,-0.946560101067746],[114.23802898505,-0.946660311624044],[114.238009031791,-0.946753156732768],[114.237990619072,-0.946846184403853],[114.237973246868,-0.946939337080721],[114.23795642325,-0.947032564401297],[114.237939649995,-0.947125812406284],[114.23792781042,-0.947222966166919],[114.237921936049,-0.947321572332669],[114.237914354764,-0.947419695562473],[114.237897401644,-0.94751540681051],[114.237863409069,-0.94760677523243],[114.237813950853,-0.947696818952977],[114.237760637244,-0.947783243801609],[114.237648700427,-0.947951232663229],[114.237593205962,-0.948035801311107],[114.237534671788,-0.948125999715046],[114.237475422653,-0.948215651331225],[114.237416391154,-0.948305464825296],[114.23735850629,-0.94839614526586],[114.237302696163,-0.948488396822029],[114.237253872868,-0.948582363385299],[114.237212521141,-0.948679820217478],[114.237175601273,-0.948779326604608],[114.237140078052,-0.948879449027288],[114.237102917166,-0.948978747671049],[114.237068825666,-0.949069327387519],[114.237036658715,-0.949160637353486],[114.237004597884,-0.949252027359137],[114.236970821147,-0.949342843597321],[114.236933510973,-0.949432435858171],[114.236874965108,-0.949527674062836],[114.236798228655,-0.949610155384335],[114.236712384769,-0.949686511423295],[114.23662653009,-0.949763371981987],[114.236549754068,-0.949847364164498],[114.236488306091,-0.949928115190289],[114.236428924755,-0.950009496640916],[114.236371947308,-0.950092898868149],[114.236317705598,-0.950179708626592],[114.236266536871,-0.950271318066825],[114.236172887769,-0.950473997377003],[114.236139413203,-0.950577622659125],[114.236119357422,-0.950682800171023],[114.236116111769,-0.950789541604024],[114.236122711894,-0.950891130820992],[114.236130491929,-0.950992780292552],[114.236139229742,-0.95109443426071],[114.236148707697,-0.951196036068154],[114.236158709057,-0.951297529057683],[114.236168659156,-0.951392856295229],[114.236179066111,-0.951488151157207],[114.236189494649,-0.951583447817825],[114.236199514896,-0.95167877505537],[114.236208693377,-0.951774165245467],[114.236213531729,-0.951867309828458],[114.23621327902,-0.951960708020238],[114.23621095697,-0.952054226721145],[114.236209583705,-0.952147731932257],[114.236212181847,-0.952241094151134],[114.236233139648,-0.952505563181148],[114.2362488553,-0.952637279686655],[114.236269328367,-0.952768454800321],[114.236321322671,-0.953007998220471],[114.236342196835,-0.953091362676219],[114.23636708917,-0.953186840999876],[114.23639239969,-0.953282080103861],[114.236417667042,-0.953377264349228],[114.236446337429,-0.953479368877709],[114.236477259718,-0.953581183824554],[114.236508682929,-0.953682861175082],[114.236538851587,-0.953784555612685],[114.236566018307,-0.953886420921549],[114.236577866875,-0.953977704807187],[114.236571516762,-0.954070595781332],[114.236550562558,-0.954163876161886],[114.23651859166,-0.954256339058759],[114.236479196858,-0.954346771286396],[114.236436173291,-0.954434757358115],[114.236391599293,-0.954518931203665],[114.236344839043,-0.954600156172205],[114.236295260318,-0.954679293814308],[114.2362422228,-0.954757206579757],[114.236176576788,-0.954848122642716],[114.23610995501,-0.954937979304248],[114.236042981598,-0.955027437566116],[114.235976287875,-0.955117153034109],[114.235910505166,-0.955207778616057],[114.235845304317,-0.955298147891142],[114.235780670042,-0.955388403851714],[114.235718309253,-0.955480309168877],[114.235659926165,-0.955575616621388],[114.235607230389,-0.955676086182393],[114.235568609903,-0.955774154553524],[114.235541849677,-0.955874810274224],[114.235522948625,-0.95597717110951],[114.235507904766,-0.95608035842173],[114.235492720613,-0.956183493573349],[114.235480221835,-0.956280486355297],[114.235471707054,-0.95637795308005],[114.235463882952,-0.956475515132865],[114.235453451715,-0.956572776812152],[114.235437120027,-0.956669351409403],[114.235411146707,-0.956772307595884],[114.23533924501,-0.956971484946052],[114.235295420148,-0.957068633310712],[114.235247747985,-0.957164769938117],[114.235197197992,-0.957260102571638],[114.235144489627,-0.957353045706441],[114.235089037429,-0.957443825072403],[114.235030255042,-0.957532670896001],[114.234967555209,-0.957619810705637],[114.234906005608,-0.957698284648075],[114.234842151045,-0.95777379172705],[114.234776298188,-0.957847330190077],[114.2347087618,-0.957919897385295],[114.234639847651,-0.957992488862203],[114.234563670577,-0.958073229995534],[114.234486613067,-0.958152048378281],[114.234405575157,-0.95822555986166],[114.234317455986,-0.958290382994733],[114.234219151992,-0.95834313183002],[114.234121753616,-0.958369393832413],[114.234021706736,-0.958372615203984],[114.233920386417,-0.958364652606576],[114.233819174915,-0.958357365400047],[114.233719450892,-0.958362605749585],[114.233626677729,-0.958377740440312],[114.233534366818,-0.958394781693755],[114.233442439917,-0.958414979567578],[114.233350826879,-0.958439587716725],[114.233259450363,-0.958469859796139],[114.233172553371,-0.958508024325795],[114.233092067645,-0.958555914124076],[114.233017768355,-0.958612967114675],[114.232949431571,-0.958678623019978],[114.232886837857,-0.958752312569118],[114.232839415707,-0.958845440064977],[114.232819481334,-0.958948142642612],[114.232810263283,-0.959055044154923],[114.232794988298,-0.959160754065522],[114.232756885822,-0.959259888133261],[114.232700665603,-0.959347900285309],[114.232638157325,-0.959429991301022],[114.232569431134,-0.959504847270864],[114.232494570668,-0.959571149788701],[114.23241365057,-0.959627581347775],[114.232314777305,-0.959667333180846],[114.232085353057,-0.95966570270997],[114.231897238267,-0.959553962845064],[114.231717137336,-0.959299936742639],[114.231566357901,-0.959035685348567],[114.231427441423,-0.9587767066796],[114.231300420278,-0.958510289718049],[114.231220127007,-0.958330165404789],[114.231057720238,-0.957980615113229],[114.230946849118,-0.957812726975703],[114.230508901764,-0.957623956580278],[114.230420493011,-0.95763014931191],[114.230242271664,-0.95766054999433],[114.230066696121,-0.957707546765846],[114.22980437737,-0.95781735488697],[114.22942272398,-0.957904047733564],[114.229214262928,-0.957884117857702],[114.228937463293,-0.957786430799104],[114.228672074257,-0.957681741619012],[114.228290051245,-0.957530113224095],[114.228034232794,-0.957573449754875],[114.227963699865,-0.957656090256307],[114.227809032661,-0.957819560923951],[114.227622888286,-0.958023003758569],[114.227447674271,-0.958446893809082],[114.227426908925,-0.958538612966549],[114.227374580073,-0.958730676679352],[114.227315185248,-0.958931863114969],[114.227156605093,-0.959300479933177],[114.227046129675,-0.959652256946072],[114.226711298588,-0.960939247947863],[114.226307014657,-0.962114244576696],[114.225776089995,-0.963475390976441],[114.225316829608,-0.963838805216653],[114.226399652922,-0.963715680833957],[114.227064464154,-0.963957384425726],[114.227287121903,-0.964254806414147],[114.227399145954,-0.964415874992596],[114.227458665785,-0.964494103420066],[114.227613445404,-0.964660931256901],[114.227782651049,-0.964813348357268],[114.227868345648,-0.964888255588505],[114.227938818322,-0.964945062164816],[114.228012626582,-0.96499785686558],[114.228086872811,-0.965050067006928],[114.228158651301,-0.965105115408676],[114.228225062637,-0.965166425789846],[114.228299679387,-0.965252431554404],[114.228367946024,-0.965343660581425],[114.228433261986,-0.965437351952176],[114.228499021313,-0.965530742050078],[114.228568619846,-0.965621069956342],[114.228629787235,-0.965694497802758],[114.228691664189,-0.965767038917647],[114.228754861348,-0.96583850894001],[114.228887658838,-0.965977465887306],[114.228957994816,-0.966042733285462],[114.229032012617,-0.966103111969005],[114.22919170883,-0.966205126565285],[114.229277692112,-0.96624472911094],[114.2293756049,-0.96628241340261],[114.229473985336,-0.966317970797661],[114.229572604992,-0.966352467892023],[114.22967124803,-0.966386966785024],[114.22985971985,-0.966454353885297],[114.229949534244,-0.966485075625712],[114.230038892681,-0.966517712922041],[114.230127554143,-0.966555288395796],[114.230215276714,-0.966600820171664],[114.230281458722,-0.966671559045153],[114.230306676612,-0.966770402631937],[114.230300738388,-0.966883662351108],[114.230273451159,-0.966997646024481],[114.230234623829,-0.967098665071262],[114.230166460614,-0.967242981078641],[114.230148205276,-0.967278514192003],[114.230147674676,-0.96737748278457],[114.230145558571,-0.967773358053989],[114.230154180371,-0.967882257859856],[114.230178569985,-0.96798883831417],[114.230214747912,-0.968093648003389],[114.230258733754,-0.96819723371533],[114.23035156807,-0.968394026962699],[114.230451113128,-0.968572385007519],[114.230510102359,-0.968653500258768],[114.230578216112,-0.968726991957055],[114.230655612666,-0.968799358603462],[114.23088958029,-0.969013701221286],[114.231048708131,-0.969157849055421],[114.231210095969,-0.969303601280103],[114.231373303135,-0.969447957756984],[114.231536704555,-0.969569728660019],[114.231713063407,-0.969668357308819],[114.23189959539,-0.969751873749942],[114.232089820889,-0.969833596942919],[114.232279827852,-0.969914364156523],[114.232460785837,-0.969990843402627],[114.232641644896,-0.970067034865735],[114.232978640652,-0.97021814704982],[114.233212546222,-0.970275226120748],[114.233448016613,-0.970307518077448],[114.233723603961,-0.970346893993906],[114.234055725391,-0.970528516577758],[114.234444742431,-0.970796090067438],[114.234748375137,-0.97098723287445],[114.234985577622,-0.971149690006143],[114.235253940717,-0.971286063201205],[114.235427832728,-0.971248815080685],[114.235618389177,-0.971212347571736],[114.235721570194,-0.971193004053873],[114.235928630102,-0.971155144394345],[114.236032953258,-0.97113677574157],[114.23613493458,-0.971119277632511],[114.236338963772,-0.971085179837132],[114.236440998154,-0.971068490218613],[114.236543034334,-0.971051979565175],[114.236759255635,-0.971019871070155],[114.236867382024,-0.971005657285218],[114.236975532695,-0.9709924849152],[114.237180809247,-0.970972499281345],[114.237278761606,-0.970968819255575],[114.237377097975,-0.97096669056026],[114.237573011685,-0.97095712896828],[114.237950129795,-0.970904168792288],[114.238044563106,-0.970892724019961],[114.238153553744,-0.97088463461813],[114.238262776406,-0.970880513025236],[114.238372062021,-0.970877380686545],[114.238481243315,-0.970872261745455],[114.238590152114,-0.970862176748028],[114.238687805898,-0.970847510604074],[114.238785051389,-0.970829441425508],[114.238882169177,-0.970810216618133],[114.238979445245,-0.970792079091154],[114.239170302967,-0.970765460057862],[114.239263499711,-0.970753796750273],[114.239450124324,-0.970732266081143],[114.239543589065,-0.970723071412579],[114.239645043384,-0.970713847965669],[114.239746496803,-0.97070462272012],[114.239847950223,-0.970695399273211],[114.239949403642,-0.970686174926982],[114.240099522975,-0.970717010881287],[114.24028313306,-0.970830579067922],[114.240581344653,-0.970933019043571],[114.240781448305,-0.970968946059941],[114.240882379219,-0.970982533017434],[114.241063364183,-0.970991706102325],[114.24115424787,-0.970991846396544],[114.24124503533,-0.97099433302202],[114.241428978165,-0.971021781230149],[114.241519244018,-0.97104967010614],[114.242138172739,-0.97100398724416],[114.242473761055,-0.97090397903537],[114.2432174833,-0.970704021973006],[114.243680297808,-0.970461241892735],[114.243779078442,-0.970449828596657],[114.243877859076,-0.970438415300578],[114.243976638811,-0.970427001105179],[114.244075420344,-0.97041558690978],[114.244174200079,-0.970404173613701],[114.244482591998,-0.97028462403614],[114.24440480244,-0.970420882117992],[114.244388993258,-0.970520979359662],[114.244373183176,-0.970621075702013],[114.244357373094,-0.970721172044421],[114.244341563013,-0.970821266588132],[114.244313302717,-0.971223504561067],[114.244319153706,-0.971417009887034],[114.244332235245,-0.971509104961171],[114.244377884832,-0.971691631363626],[114.244448966347,-0.971886572906953],[114.244512021413,-0.972015405286697],[114.244545104773,-0.972083001029603],[114.244604122782,-0.972174275922043],[114.244672566586,-0.972260281686602],[114.24486395131,-0.97245720173845],[114.244939836105,-0.972523878374261],[114.24514871624,-0.972707410218732],[114.245301854597,-0.972832714558081],[114.245443494222,-0.972974084386465],[114.245725008103,-0.973078994799721],[114.246099079309,-0.97319968291896],[114.246376384363,-0.973134115147275],[114.246827279256,-0.972674709070532],[114.247530665108,-0.972490357044308],[114.247725112924,-0.972454153036665],[114.247870115114,-0.972431131291614],[114.248064859706,-0.972418993141957],[114.248260070146,-0.972411251777828],[114.248483277381,-0.972401941096678],[114.248594963287,-0.972398624396931],[114.248706631206,-0.972394260886404],[114.248925614326,-0.972371346160628],[114.249030637154,-0.972341067785976],[114.249100646678,-0.972307177734024],[114.249228576138,-0.972245246820648],[114.249318984084,-0.972183400443555],[114.249489650227,-0.972052532898033],[114.249659400861,-0.971921129356588],[114.249832880983,-0.97178948209887],[114.2500000002,-0.971663469093755],[114.250000023582,-0.971663451107361],[114.25070468917,-0.971554002714981],[114.251076992309,-0.971488362997491],[114.251352837763,-0.971460476819516],[114.251535229267,-0.971464971631065],[114.251747956703,-0.971536176353425],[114.25198937431,-0.97161698223789],[114.252136481813,-0.971626916149205],[114.252556095587,-0.971655251088919],[114.252937356874,-0.971686167082908],[114.253251586292,-0.971657699043533],[114.25364264839,-0.971543121817547],[114.253914229258,-0.971445863735596],[114.254228287805,-0.97136675756974],[114.25453988221,-0.971326619927538],[114.25493518641,-0.971310966327962],[114.255614323842,-0.971306967042835],[114.255871270043,-0.971330529280465],[114.256127051622,-0.971165579228057],[114.256409209418,-0.97106036034728],[114.256700533103,-0.970998114671204],[114.257220650613,-0.970937210783632],[114.257931634837,-0.97085144513801],[114.258386714276,-0.970755106163153],[114.258457459444,-0.970740129753153],[114.258883380164,-0.970536933332767],[114.25893774688,-0.970497446799698],[114.259252272175,-0.970269013604025],[114.259616238599,-0.969825895148915],[114.25978150881,-0.969407234656103],[114.260367053797,-0.969618911683369],[114.260993345267,-0.969761188028372],[114.261446390439,-0.970078496725193],[114.261787536566,-0.970433015770993],[114.262050751941,-0.970994247586418],[114.262056117296,-0.97147138289796],[114.262020821604,-0.971843846116542],[114.262028336339,-0.972215869566696],[114.26215660934,-0.97247955438786],[114.262406056095,-0.972751773775315],[114.26276707544,-0.973032247140452],[114.262970084802,-0.973199420316973],[114.263048833037,-0.973264266832416],[114.263367714648,-0.973617863173786],[114.263644797569,-0.974207723107895],[114.263712166683,-0.974527204566812],[114.263571624231,-0.97491613976797],[114.263374063862,-0.975165775380162],[114.263016468235,-0.97557657399966],[114.262125819251,-0.976253607917613],[114.261376540095,-0.97681959714663],[114.265634088043,-0.981152681850745],[114.266373990867,-0.981905712078913],[114.269611710312,-0.984526539767955],[114.269653832758,-0.984560636664014],[114.269770839053,-0.984655349664592],[114.270852772937,-0.986122077371931],[114.271178575731,-0.986563753314499],[114.271870058157,-0.98750116344786],[114.271974095328,-0.988973064954962],[114.272469352878,-0.989427826932626],[114.272610421434,-0.98950405886518],[114.273241858825,-0.989845283233194],[114.273367198238,-0.989913014773776],[114.273632750051,-0.990005385040433],[114.273777709074,-0.990028560569556],[114.273803107727,-0.990032621907915],[114.273836243248,-0.990025135951214],[114.27390350894,-0.990009938307935],[114.274015916102,-0.989950062345429],[114.274108364609,-0.989867503682319],[114.274189678611,-0.989778077796018],[114.27426635301,-0.989708901044878],[114.274349423387,-0.989678072285187],[114.274443442111,-0.989674362581695],[114.274496827667,-0.98971311257003],[114.274597111967,-0.989765461207014],[114.27463720914,-0.98978639202835],[114.27471707883,-0.989870421083026],[114.274782922694,-0.990024168280684],[114.274841642128,-0.990227413264449],[114.274912014978,-0.990376689932248],[114.275060830293,-0.990510875976099],[114.275865790074,-0.991130460302429],[114.275985765031,-0.991235109013019],[114.27611936022,-0.991317330430434],[114.276273431174,-0.991359191173672],[114.276254869167,-0.99170590680211],[114.276291405024,-0.99188643311237],[114.276345704291,-0.992082889113988],[114.276361277851,-0.992360112329266],[114.276346701639,-0.992497398336241],[114.276248260049,-0.992760139768563],[114.276182403595,-0.992874466983039],[114.276116457209,-0.99296746137918],[114.275992396632,-0.993113897987939],[114.275956176436,-0.993163146661857],[114.275933325563,-0.993219275149386],[114.275932819244,-0.993280092702093],[114.275954683562,-0.993341101810358],[114.275994510039,-0.993395501800933],[114.276406342878,-0.993658079556667],[114.276820807135,-0.994139201562859],[114.276817361832,-0.995941368299441],[114.277192409702,-0.996415001650973],[114.277525130081,-0.996787214858045],[114.277901554813,-0.997333535014604],[114.278094447701,-0.99775602392134],[114.278036291242,-0.998197117103246],[114.278209955725,-0.998449596371699],[114.278657669716,-0.998841997560078],[114.279010977375,-0.999079343037181],[114.279236759369,-0.999597101624886],[114.279443048558,-1.00000000239817],[114.279774050332,-1.00117445583641],[114.279868637428,-1.00194058019355],[114.279917568641,-1.00217506762522],[114.280116476195,-1.00312825906184],[114.280264395785,-1.0037859233816],[114.280470984448,-1.00531039206089],[114.280619925669,-1.00563392496559],[114.280673220393,-1.00574969109533],[114.281191220898,-1.00687489585971],[114.281131315258,-1.0075024967428],[114.28113076937,-1.00816003605678],[114.281219251867,-1.00887742795089],[114.28136639894,-1.01046162510386],[114.281653107305,-1.01130395801118],[114.281861961361,-1.01152411114879],[114.282082812372,-1.01160081072879],[114.28277941194,-1.01162755296917],[114.282781950727,-1.01162924998982],[114.282883067799,-1.01169685202802],[114.282884968966,-1.0116981227701],[114.283057200829,-1.01253541497738],[114.283110498251,-1.01271478925605],[114.283223195894,-1.01287628141523],[114.283395175947,-1.01316335310622],[114.283572928748,-1.01364769288665],[114.283786423305,-1.0140005553813],[114.283898981553,-1.01432942036644],[114.284029396739,-1.01461048008952],[114.28410036494,-1.01496322207498],[114.284159525941,-1.01523226685561],[114.28418309987,-1.01544748091646],[114.284254173292,-1.01567469283276],[114.284402407645,-1.01594979005074],[114.28457143972,-1.01620996212],[114.284723687748,-1.0164073947854],[114.284894640775,-1.01675121189885],[114.284912080428,-1.01688304081961],[114.284940671675,-1.01709915060525],[114.285073463769,-1.01737662742937],[114.285213160859,-1.01759457183198],[114.285372314781,-1.01791845457296],[114.285507517058,-1.01815528473855],[114.28572828803,-1.01832762991614],[114.285970469162,-1.01846412541903],[114.286308062967,-1.01860932815794],[114.286761135118,-1.01888801457017],[114.287159979949,-1.01916093542877],[114.28757308533,-1.01942669408663],[114.288033056181,-1.01962503057064],[114.28805647003,-1.01963512725928],[114.288065687182,-1.019648960631],[114.288164796968,-1.01979772468519],[114.288211763162,-1.01986821984241],[114.288352237266,-1.01978504694233],[114.288424520275,-1.01974225000481],[114.288709698894,-1.01959185458037],[114.288944885998,-1.01957053525194],[114.289169648161,-1.01957072590824],[114.289425841629,-1.01965702215381],[114.289607383274,-1.01987237201229],[114.289717417125,-1.0202724111428],[114.289785000278,-1.02051811222105],[114.289898811281,-1.02076927128479],[114.290162245191,-1.02105642301547],[114.290415173222,-1.02112478318213],[114.290753702322,-1.0210927906997],[114.291015155025,-1.02106962236513],[114.291395120389,-1.02103594994907],[114.291908409346,-1.02080684226189],[114.292600175957,-1.02019770356111],[114.292835518644,-1.01998988012883],[114.29307086313,-1.01978205489786],[114.293398746955,-1.01969625507809],[114.293655294756,-1.01969647181465],[114.293776110579,-1.02009588411772],[114.293918438185,-1.02033511277517],[114.293965817169,-1.02049057318135],[114.293977513751,-1.02070578004765],[114.293953548617,-1.02095682399818],[114.293929505243,-1.02130350904963],[114.293810391836,-1.02170989199789],[114.293738938002,-1.02193698430432],[114.293738748245,-1.02216413596608],[114.293750303634,-1.02254671925562],[114.293571934797,-1.0227976310058],[114.293358084108,-1.02286918196711],[114.293061031741,-1.02301239360702],[114.292906496737,-1.02316768314199],[114.292775675957,-1.02337081301255],[114.292716078784,-1.02362182638615],[114.292679906253,-1.02426738493182],[114.292619946653,-1.02494879135361],[114.292619666065,-1.0252835424015],[114.292536253046,-1.02560626681571],[114.292322281848,-1.02582128122708],[114.292167736052,-1.02598852455071],[114.292013201048,-1.02614381318637],[114.291906163739,-1.0263110969795],[114.291810946218,-1.0265501232895],[114.29182259064,-1.02682510719291],[114.291869919261,-1.02704034373681],[114.291857870145,-1.02724357523078],[114.291774588427,-1.02741087970827],[114.291667561909,-1.02756620881343],[114.291501127975,-1.02774539693246],[114.29139412304,-1.02787681486308],[114.29134646167,-1.02805610460547],[114.291286702619,-1.02849840197962],[114.291274432269,-1.02896465099781],[114.291298025084,-1.02915595658209],[114.291285885136,-1.0294667856636],[114.291190665817,-1.0297058119736],[114.291095515745,-1.02986115097127],[114.290917255727,-1.02998055216068],[114.290786505093,-1.03009999381959],[114.290715048561,-1.03032708432744],[114.290699439028,-1.0304588080275],[114.290661217841,-1.03078134268475],[114.290589791885,-1.03097256733008],[114.290482709609,-1.03119365036662],[114.290369717888,-1.0313788612454],[114.29029237979,-1.03154019062725],[114.290214969745,-1.03178521091871],[114.290220736198,-1.03198845590248],[114.290297821587,-1.03212600900804],[114.290452944748,-1.03235775710476],[114.290457962965,-1.03236525385336],[114.29052320698,-1.03246095341024],[114.290665607432,-1.03261051696177],[114.290807982702,-1.0327899703808],[114.291057228908,-1.03299940270023],[114.291193751391,-1.03307723003007],[114.291395543969,-1.03322086794867],[114.291573646607,-1.03328677566412],[114.291727991853,-1.03335863958949],[114.291882329906,-1.03343648220783],[114.292024710572,-1.03360995783322],[114.292131443911,-1.03380133626263],[114.292214357806,-1.03407040262692],[114.292237980299,-1.03422584324801],[114.29223189009,-1.0344051689633],[114.292190192124,-1.03455457513348],[114.292083154814,-1.03472185892662],[114.291904857923,-1.03488310287287],[114.291708770643,-1.03501444256244],[114.291453175224,-1.0352891971387],[114.291328362814,-1.0354086432942],[114.291155949288,-1.03563564656781],[114.29105482502,-1.03583282382573],[114.290995244935,-1.03605992422609],[114.291012790708,-1.03637675718153],[114.291095713596,-1.0366338688579],[114.291202451432,-1.03681926859434],[114.291404071341,-1.03716614879869],[114.291552248138,-1.03750700534397],[114.291682674116,-1.03777013528349],[114.291753779913,-1.03795550444295],[114.291830769075,-1.03820663382902],[114.291836498656,-1.03845172426759],[114.291816790013,-1.03853258141345],[114.291770945273,-1.03872066382752],[114.291634116122,-1.03900149692151],[114.291520771866,-1.03959916656822],[114.291472864981,-1.0400653859088],[114.291395386588,-1.0403881139203],[114.291329740575,-1.04076465196709],[114.291281961393,-1.04108142736595],[114.291174916889,-1.04125468805336],[114.291056000434,-1.04142196015528],[114.290865708386,-1.0417206789661],[114.290776438982,-1.04194177639181],[114.290758361709,-1.04224662318308],[114.290787722775,-1.04263519775611],[114.290870547638,-1.043005885713],[114.290900148823,-1.04311351028025],[114.291006830001,-1.04336466484733],[114.291184840908,-1.04353817284834],[114.291392556421,-1.04369975044307],[114.291540931069,-1.04380747663367],[114.291701183063,-1.04391521361617],[114.29184950645,-1.04408271864253],[114.291944264416,-1.04438766256055],[114.291961874041,-1.04462678599731],[114.291997271357,-1.04490178968581],[114.292002934388,-1.04522458964306],[114.292014647158,-1.04541588713346],[114.291961096128,-1.04553539444288],[114.291753145891,-1.04564878906029],[114.291533347086,-1.04572630792273],[114.291372932315,-1.0458098558401],[114.291242148406,-1.04596516336153],[114.291188566799,-1.04612053473483],[114.291176550957,-1.04628192167331],[114.291194222635,-1.04644931338504],[114.291259379417,-1.04664663363519],[114.291395784088,-1.04686194931946],[114.291508521301,-1.04697562362605],[114.291716251204,-1.04711926783989],[114.291935848561,-1.04727487933218],[114.292125762894,-1.04741850915684],[114.292292999922,-1.04769004236152],[114.292435306844,-1.04794840229687],[114.292501614758,-1.04818756800182],[114.2925014259,-1.04840754577157],[114.292501171392,-1.04870403965964],[114.292510417322,-1.04900054074233],[114.292509998238,-1.04948832042959],[114.292452772577,-1.04973694160651],[114.292443064396,-1.04997604166095],[114.292480800848,-1.05029169740385],[114.29254699185,-1.05066476316824],[114.292622677894,-1.05104740131645],[114.292603401826,-1.05136300669733],[114.292567114181,-1.05151582939197],[114.292555719771,-1.05156381541769],[114.292441415939,-1.05188890235092],[114.292298647665,-1.05216614085469],[114.29218445265,-1.05236689291775],[114.292051236076,-1.05258675467496],[114.291937023975,-1.05280663441857],[114.291860843303,-1.05299785276867],[114.291822661687,-1.05319867138155],[114.291869998402,-1.05339956194018],[114.291964868784,-1.05357180189708],[114.29207880839,-1.05366754462142],[114.292249783901,-1.05373464573728],[114.292439764783,-1.05380176214157],[114.292705759963,-1.05386894419638],[114.292914751615,-1.05392651429713],[114.293057248293,-1.05396489466409],[114.293151032294,-1.05401997184418],[114.293272042371,-1.05418147569452],[114.293371641388,-1.05437882742092],[114.293400006905,-1.05454025033225],[114.293421220113,-1.05473394631451],[114.293413932007,-1.05492044412313],[114.293413842075,-1.0550244561137],[114.293438634585,-1.05519663491674],[114.293502640235,-1.05535091541236],[114.293570253964,-1.05545140026186],[114.293815955042,-1.05563811930369],[114.294182767821,-1.05586798511939],[114.294489047232,-1.05605117072491],[114.294745480819,-1.05618768691215],[114.294820225273,-1.0562845915606],[114.294852169192,-1.05642808468832],[114.294859091274,-1.05666480783458],[114.294883819033,-1.05691230575826],[114.294997630936,-1.05715629722528],[114.29530729,-1.05755109600625],[114.295567069964,-1.05793868042571],[114.295794843058,-1.05825450344253],[114.296036801157,-1.05864924376755],[114.296150649933,-1.05885019458077],[114.296271643821,-1.059029631812],[114.296392676381,-1.05916603108744],[114.296563598831,-1.05929529873902],[114.296706060436,-1.05937433116043],[114.296798572796,-1.05952505034077],[114.296891006015,-1.05976902292201],[114.296983450026,-1.0599986477194],[114.297068787595,-1.06020674724357],[114.297147023217,-1.06038614760257],[114.297367875127,-1.06046524837245],[114.297510398786,-1.06047254637087],[114.297674312819,-1.06046551726973],[114.297845348584,-1.06046566835585],[114.29799498588,-1.06048731863478],[114.298158856746,-1.06053050228081],[114.298279927077,-1.06062386090241],[114.298329674875,-1.06078171710254],[114.298343772647,-1.06096106080429],[114.298343667426,-1.06108300617575],[114.298360115127,-1.06129104544533],[114.298511871226,-1.06160680281164],[114.298787196872,-1.06187484664679],[114.299100544954,-1.06212379607626],[114.299366284726,-1.06248747471716],[114.299575112701,-1.06273633241574],[114.299812371844,-1.06307129480439],[114.300021266368,-1.06324363728396],[114.300277636104,-1.0634542791916],[114.300581409105,-1.06378929913677],[114.30066677725,-1.06396153369775],[114.300733058184,-1.06422939407122],[114.300759283314,-1.06445696121972],[114.300468654805,-1.06460416405088],[114.299945870805,-1.06480455458649],[114.299670205216,-1.06492864843835],[114.29935655586,-1.06502401524608],[114.299109354713,-1.06519595482939],[114.299042664587,-1.06539674826126],[114.299004432609,-1.06565495171458],[114.298909179115,-1.06592266999519],[114.298614341778,-1.06623803255911],[114.298291108348,-1.06642903417253],[114.297673194962,-1.06675367594136],[114.297349968726,-1.06693511326483],[114.296960162981,-1.06719300375408],[114.296608404854,-1.06740310876643],[114.296056847945,-1.06790952960108],[114.295809520893,-1.06822493443315],[114.295609635776,-1.06861689405434],[114.295371458426,-1.06933400805798],[114.294990500211,-1.070337923956],[114.294866740008,-1.07060561525691],[114.294562306905,-1.07102617511782],[114.294362303977,-1.07155203479851],[114.294161988985,-1.07243177410703],[114.293980780089,-1.07319675812386],[114.293887052745,-1.07384582762279],[114.293856495581,-1.07405743630159],[114.293837214116,-1.07437304078314],[114.293713310021,-1.07480332501336],[114.293675083438,-1.07505196327742],[114.293674855011,-1.07531019910635],[114.293760110741,-1.07560676763819],[114.293931054774,-1.07571212861183],[114.294102014097,-1.07579836100552],[114.294196899767,-1.07595147418112],[114.294263211278,-1.0761810782941],[114.294300982804,-1.07644891168786],[114.294433842348,-1.07664031709692],[114.294652177056,-1.07687962129745],[114.294832510912,-1.07710932523514],[114.295041344283,-1.07734862044242],[114.295164692597,-1.07754958114822],[114.295230996014,-1.07778874865176],[114.295458170158,-1.0787788599564],[114.295619158697,-1.07939590369796],[114.295723071762,-1.0800846279032],[114.295779424181,-1.08083069737876],[114.295750329314,-1.08149539169892],[114.295664331644,-1.08203569988757],[114.295894015796,-1.08251315715643],[114.29625577978,-1.08282054363315],[114.296738242676,-1.08310429862445],[114.297094645801,-1.08324627999178],[114.297451049826,-1.08338826225844],[114.297474507742,-1.08372303399079],[114.2976117263,-1.08435919372175],[114.297731090617,-1.08468333726614],[114.297810785839,-1.08489975192197],[114.297905395418,-1.08536370676961],[114.29788188624,-1.08574629275716],[114.297805606643,-1.08604271919609],[114.297875957909,-1.08641097718481],[114.297871082684,-1.08654965534225],[114.297866210158,-1.08668833439907],[114.298198407131,-1.08710946532949],[114.2986921808,-1.08748291870171],[114.299043468581,-1.08780842471896],[114.299228537367,-1.08805726533046],[114.299945168435,-1.08892826772535],[114.300296505679,-1.08919638710353],[114.300804420288,-1.0896989750276],[114.301146017874,-1.09023488822947],[114.301625315156,-1.09086178764136],[114.301810490062,-1.0909910741787],[114.302423012912,-1.09139811363201],[114.302679441103,-1.09154181090582],[114.302992832353,-1.09174294608005],[114.303263086722,-1.09224882372416],[114.303539711888,-1.09243124760394],[114.304458935931,-1.09289861537877],[114.305066320954,-1.09306267330368],[114.305314445705,-1.09430859406632],[114.305658302389,-1.09529534460444],[114.306348300034,-1.09592347788617],[114.306711597362,-1.0961031399479],[114.307163636193,-1.09812814339904],[114.307163191029,-1.09862549187289],[114.307125341262,-1.09906529992361],[114.307047965391,-1.09996440703173],[114.306867225942,-1.10018422382285],[114.306686487392,-1.10040404061391],[114.306458135135,-1.10073858841508],[114.306229782878,-1.10107313531688],[114.306067755623,-1.10161815865104],[114.305839248682,-1.10212486367146],[114.305658397717,-1.10246901893004],[114.305239977343,-1.10283208423323],[114.304935648561,-1.10311873863884],[114.304795337235,-1.1033683616605],[114.304712354991,-1.10350994282953],[114.304650183959,-1.10361601696559],[114.304459801079,-1.10394084309536],[114.304021718827,-1.10503078544235],[114.303972704877,-1.10608464159287],[114.303491644024,-1.10727021424896],[114.302825581835,-1.10827083772892],[114.302801970135,-1.10830630968837],[114.302759871071,-1.1084361708925],[114.302717771108,-1.10856603119731],[114.302420570353,-1.10885269009952],[114.302081697712,-1.10924690881774],[114.30200574367,-1.10932491691136],[114.301827792119,-1.10950767983553],[114.301814200665,-1.1095216391123],[114.301436039342,-1.11001864044783],[114.301212530834,-1.11024797926081],[114.300784974247,-1.11020454560327],[114.300472425662,-1.1101431947526],[114.300050667904,-1.11006040586301],[114.299672804257,-1.11022863034697],[114.299632707983,-1.11027820997134],[114.299533680035,-1.11040065986253],[114.299321413952,-1.11067484336928],[114.298989648653,-1.11109058736065],[114.298467264852,-1.11148642935518],[114.298134233308,-1.11169475820645],[114.297871855202,-1.11185888897649],[114.297497328039,-1.11227817989402],[114.29731902935,-1.11242506706316],[114.297188796726,-1.11261324480535],[114.29707318438,-1.11284386335359],[114.296928202874,-1.11313306463916],[114.296641085318,-1.11343228257374],[114.296398545357,-1.11369029716946],[114.296034798367,-1.11400916978732],[114.295856401652,-1.11426186309444],[114.295811645991,-1.11449853767732],[114.295805811189,-1.11503473326627],[114.29583891973,-1.11584713403795],[114.295959605152,-1.11635834016522],[114.29606452186,-1.11657722076205],[114.296103504773,-1.11681038708963],[114.296087207259,-1.11709909464747],[114.296099394871,-1.11740934996146],[114.296312952381,-1.11767137193624],[114.296551494856,-1.11788858429071],[114.296633093942,-1.11827780817424],[114.296661143797,-1.11877637522946],[114.296890175941,-1.11940183932336],[114.297149936121,-1.12014433309446],[114.297336871,-1.12070987985703],[114.297314948226,-1.12103280931666],[114.297309603555,-1.12111152068007],[114.297309468657,-1.12125892406004],[114.2969221999,-1.12164293097646],[114.296387057417,-1.12234780160969],[114.2963394581,-1.12244340134185],[114.296208506917,-1.12276607629332],[114.296208155282,-1.12314864789175],[114.296195827376,-1.1236388089838],[114.296302522044,-1.12386008357595],[114.296492196258,-1.12426076662103],[114.296658110384,-1.12466740587604],[114.296681678017,-1.12487066974558],[114.296580337912,-1.12528303768198],[114.296526750909,-1.12543243036231],[114.296395765552,-1.12579097117634],[114.2962767133,-1.12608974394647],[114.29621215097,-1.12642230244722],[114.296193171678,-1.12652006055231],[114.296202601969,-1.12664010475697],[114.296204912327,-1.12666951528587],[114.296352930843,-1.12715982566539],[114.296471564911,-1.12731535711799],[114.296762352601,-1.12754875996723],[114.296875130283,-1.12761462001868],[114.297237109205,-1.12793177673007],[114.297343754411,-1.12820685236431],[114.297613303711,-1.12901728002339],[114.29789084079,-1.12947163730615],[114.298220577218,-1.12983871718302],[114.298733833799,-1.13018341743071],[114.299204260168,-1.13011212637349],[114.299646151948,-1.13006950030717],[114.300187988985,-1.12984046186779],[114.301869998202,-1.12971291731725],[114.30216933125,-1.12969885012177],[114.302703871187,-1.12965631039037],[114.302939078076,-1.12962783695508],[114.303438037236,-1.12952787820899],[114.303780276039,-1.12935603755102],[114.303437480555,-1.13013043297303],[114.303194763428,-1.13057494987402],[114.302952204581,-1.13084730775699],[114.302624020382,-1.13123435797917],[114.302466855761,-1.13164308905726],[114.302580271962,-1.13230313658045],[114.302907562234,-1.13288448083409],[114.302900103257,-1.1332431376606],[114.302899597838,-1.13378830758427],[114.303055934184,-1.13427623835764],[114.302991155118,-1.13496481327547],[114.302691368812,-1.13546666195685],[114.30192896405,-1.1381105428672],[114.301750563738,-1.13836144022821],[114.301381951416,-1.13879148883609],[114.301191740307,-1.13897064188154],[114.300787648831,-1.13923328079125],[114.300454826829,-1.13949598715004],[114.300263011329,-1.13964739161378],[114.300122003927,-1.13975869260952],[114.300058412865,-1.13996602321333],[114.29993137913,-1.14038019698847],[114.299535764664,-1.14187428027378],[114.29915501779,-1.14276360275801],[114.29853874117,-1.14352316116492],[114.298193647019,-1.14420429419278],[114.297812661825,-1.14516036615794],[114.297503212303,-1.14582957687344],[114.296492702576,-1.14678504989007],[114.296217545104,-1.1469489918025],[114.295791520063,-1.14720282185272],[114.295435018012,-1.14738181391954],[114.294817103726,-1.14766815536103],[114.294258388214,-1.14815779394701],[114.293984682247,-1.14870748116527],[114.293995975034,-1.14932917260319],[114.294671689647,-1.15072859774654],[114.29481341111,-1.15158952323787],[114.29464894939,-1.15236464261415],[114.294336606749,-1.15338237569603],[114.293979776446,-1.15390807170007],[114.293100027245,-1.15474410575581],[114.292363084089,-1.15529334601104],[114.292030234208,-1.15557995634987],[114.291697385226,-1.15586656578932],[114.291007974838,-1.15639193893679],[114.29068526931,-1.1569363444367],[114.290541448829,-1.1571789689342],[114.290075364387,-1.15742996072407],[114.2893973601,-1.15785973863598],[114.289058348964,-1.15808528230986],[114.288592369742,-1.15822546773109],[114.288113757744,-1.15828893198858],[114.287520463299,-1.15871026706515],[114.286247963073,-1.15952861325485],[114.285905956295,-1.15974855774971],[114.285380435659,-1.16015291092805],[114.284880204858,-1.16068513511084],[114.284610732,-1.16116616178891],[114.284443001244,-1.16146557307769],[114.284348340404,-1.1616345502942],[114.284239213969,-1.16236883505366],[114.284230309781,-1.16292333004759],[114.283904165245,-1.16379645034584],[114.28338260972,-1.16444442716852],[114.282330991982,-1.16517575675573],[114.281889438347,-1.16535246634322],[114.281447882914,-1.16552917593066],[114.28106807673,-1.1656777151544],[114.279933905725,-1.16618772428399],[114.279376606645,-1.16651501995216],[114.278965432109,-1.16673846101111],[114.278229952151,-1.16713813771486],[114.277725865057,-1.16768701284531],[114.277403039019,-1.16810533968965],[114.277274274988,-1.16897685919463],[114.277128386966,-1.16965180578615],[114.276870404745,-1.17082365928439],[114.276781537338,-1.17114427658703],[114.276516055672,-1.17166910204736],[114.27623425041,-1.17221442035918],[114.275948204846,-1.17292792358478],[114.27580079607,-1.17338659941197],[114.275714428778,-1.17419759814061],[114.275663823926,-1.17466024177668],[114.275481040318,-1.17518368138172],[114.276105671639,-1.17542061227141],[114.27657232895,-1.17540399459864],[114.277306237793,-1.17539190860964],[114.27785759775,-1.17552051705815],[114.278082861735,-1.1755892180679],[114.278556180324,-1.17578196526546],[114.279021018305,-1.17600462211556],[114.279415960079,-1.17612902803216],[114.279717155622,-1.17612932390915],[114.280163837191,-1.17624127511471],[114.280617545164,-1.17645516717221],[114.281193310023,-1.17711775797812],[114.281194998051,-1.17712054407781],[114.281506382014,-1.17763453270749],[114.28179684325,-1.17758341074574],[114.282022510131,-1.17759558756626],[114.282295582076,-1.17771540873906],[114.282627887867,-1.1779966842995],[114.282746566001,-1.1780984210053],[114.283019617262,-1.178242151554],[114.283316491563,-1.17831417555868],[114.283613366764,-1.1783861986641],[114.282530657664,-1.17978953316037],[114.280867545901,-1.18049958209002],[114.279694340721,-1.18088519339693],[114.279532207346,-1.18088519339693],[114.279099758447,-1.1808851897996],[114.278298763777,-1.18061960740891],[114.278034053729,-1.18045197288018],[114.277689114261,-1.18043906401152],[114.277320025299,-1.18063298842162],[114.277189635293,-1.18106980712582],[114.277132245057,-1.18145710016501],[114.276989991195,-1.18167993957752],[114.276816468805,-1.1817897566919],[114.27645294125,-1.18186112868807],[114.276267430897,-1.18208331339417],[114.275861912198,-1.1832921659007],[114.275078629675,-1.18417930932759],[114.274358963395,-1.18499440087083],[114.274149788282,-1.18511139097785],[114.273049016299,-1.18572704166957],[114.273048970434,-1.18572707044791],[114.270562734383,-1.18722527532617],[114.270214543866,-1.18743509525342],[114.27039718718,-1.18758782711649],[114.271152346104,-1.18821931936606],[114.271271713119,-1.18839295327211],[114.271374115323,-1.18854190888192],[114.271916497349,-1.18933086612651],[114.271989689573,-1.18943733416558],[114.272164571738,-1.18978442211335],[114.272744204581,-1.19093482408283],[114.273466414144,-1.19193272261703],[114.273702070694,-1.19319256578422],[114.273747265224,-1.1934341803431],[114.27390226158,-1.19426280668313],[114.273911574959,-1.19431259495025],[114.274049175729,-1.19538448790377],[114.274140643076,-1.19609700007646],[114.274246620985,-1.19702961232667],[114.274685200562,-1.19793864525224],[114.274387617595,-1.19858392770607],[114.273828557642,-1.19939632038381],[114.273750874204,-1.19968489394267],[114.273605961946,-1.19983637035216],[114.273432909901,-1.20001726088782],[114.273120929687,-1.2003042039758],[114.27298422824,-1.20041166306777],[114.272865433193,-1.20042947683885],[114.27220021187,-1.20049456167465],[114.271938746576,-1.20064971631132],[114.271497129989,-1.20143580291995],[114.270785357958,-1.20190384788424],[114.270161604375,-1.20207657077708],[114.26894391423,-1.20229651527194],[114.268638143835,-1.20314763365633],[114.268574681377,-1.20332428388855],[114.268307008062,-1.20382232933696],[114.26758262214,-1.20517015497865],[114.267220909417,-1.20584317432298],[114.266985603603,-1.20614445260435],[114.266574001889,-1.20648693872118],[114.266462149609,-1.20671148594624],[114.26625589999,-1.20733204693636],[114.265955700895,-1.20789930510881],[114.265642639696,-1.20819127091039],[114.26526054294,-1.20840371955597],[114.264719784191,-1.20865147918238],[114.264349241924,-1.2090590384438],[114.264033936017,-1.20950677311902],[114.263766776216,-1.20988613863432],[114.26311105623,-1.21057608142098],[114.262934850263,-1.21083614826961],[114.262933164034,-1.21083863579435],[114.26262269738,-1.21129686016189],[114.262399277005,-1.21146216994316],[114.262081825316,-1.2116569460112],[114.261640804979,-1.21204078205642],[114.26148343891,-1.21283351735292],[114.261404699667,-1.21302957225691],[114.261212519942,-1.21331003213226],[114.261149131228,-1.21342152468355],[114.260941599176,-1.21378654691154],[114.260650799795,-1.21358600528987],[114.260384553704,-1.21345792834069],[114.259834388047,-1.21340285565719],[114.259424534615,-1.21347416829821],[114.258886725642,-1.21381433776145],[114.258235933941,-1.21429785196426],[114.257871017833,-1.21481063640169],[114.257557944044,-1.21525057215615],[114.257705377102,-1.21558500574338],[114.257822985942,-1.21585178872903],[114.258052359829,-1.21651779336145],[114.258294005864,-1.21717078480384],[114.258514228249,-1.21786679441698],[114.258549346775,-1.21837611376657],[114.258505955386,-1.21900012185807],[114.258405696266,-1.21948061164085],[114.258162809166,-1.22005420373847],[114.257877337369,-1.22045559994592],[114.257463622248,-1.22082099898984],[114.25698584662,-1.22110742856495],[114.256436878859,-1.22132205356985],[114.255966484865,-1.22135743559716],[114.255503298039,-1.22131392189993],[114.255118556376,-1.22122027729392],[114.254612524049,-1.22096334907923],[114.253948686783,-1.22040690075784],[114.253325248861,-1.21985501379783],[114.252697304437,-1.21932119781496],[114.252208486932,-1.21882367127535],[114.251751113323,-1.21830810343619],[114.251411869262,-1.21769039059899],[114.250910930695,-1.21742337289032],[114.250444113305,-1.2170278366653],[114.249999999301,-1.21666666713293],[114.249034828894,-1.21886776143799],[114.248114615597,-1.22104106579252],[114.247572414336,-1.22232160595729],[114.246040358076,-1.22397114425286],[114.244354982696,-1.2257857459154],[114.244350744192,-1.22579213200123],[114.243679447948,-1.22680357342614],[114.242784251092,-1.22809398544905],[114.24152781006,-1.22881899460089],[114.240950210584,-1.22915228964638],[114.240427828581,-1.22945372171182],[114.240043747021,-1.22987968020306],[114.239730514951,-1.23013313703461],[114.239306447734,-1.2301733007572],[114.239066612934,-1.23026024361531],[114.238831765773,-1.23034537883609],[114.238614985094,-1.23053075968676],[114.2385881808,-1.23056756084424],[114.238468017885,-1.23073253877561],[114.238230800111,-1.2310582282546],[114.237927769051,-1.23121018220411],[114.237120069935,-1.23123979238244],[114.236547697318,-1.23122425299681],[114.235494327701,-1.23154263638349],[114.23456568236,-1.23137924395689],[114.234218521568,-1.23136084742509],[114.23395590694,-1.23148238720233],[114.233572025029,-1.23171546629567],[114.233107146578,-1.23217178769778],[114.232642311294,-1.2325875047095],[114.232359397168,-1.23281053657695],[114.232066462797,-1.23296250041903],[114.231444919747,-1.23335622001349],[114.231345971839,-1.23341889916281],[114.231331740967,-1.2333973648964],[114.231299711612,-1.23335788106129],[114.231257004607,-1.23330762604604],[114.231196474837,-1.23326452603698],[114.231153741752,-1.23323937559667],[114.231078949634,-1.23320343329175],[114.230982775235,-1.23317105500013],[114.230875905199,-1.23314583800999],[114.230733393232,-1.23312775624089],[114.230594426392,-1.23312760965143],[114.230462574988,-1.23313823244342],[114.230241568394,-1.23322048803504],[114.229967112392,-1.23330268876805],[114.229628130934,-1.23345283597956],[114.229285944291,-1.23356365493868],[114.229011440626,-1.23369247922449],[114.228908077046,-1.23372106237707],[114.22882253713,-1.23374249142279],[114.228740581912,-1.23374240508787],[114.228655071674,-1.23373514216303],[114.228498297359,-1.23372780459448],[114.228384273216,-1.23372768498461],[114.228263130939,-1.23372038608687],[114.228181167627,-1.23372747184533],[114.228095624114,-1.23375248738733],[114.228045705445,-1.23378471189488],[114.228020722279,-1.23382413727404],[114.228002857246,-1.23387074104181],[114.22799210765,-1.23392811419109],[114.227977800335,-1.2339818936494],[114.227952798283,-1.23403925061086],[114.227917113184,-1.23408942288853],[114.227885002891,-1.23412884017381],[114.227852899792,-1.23416108356713],[114.227817227283,-1.23420049725507],[114.227770878923,-1.23422555326664],[114.227703143785,-1.23425775978774],[114.227589093562,-1.23428274565214],[114.227464359393,-1.23430413332903],[114.227371706739,-1.23431120919491],[114.22725410869,-1.23432184367812],[114.227104448911,-1.23432527369238],[114.226951173858,-1.23437890925919],[114.226854929312,-1.23441467169971],[114.226765807396,-1.2344540287304],[114.226687372125,-1.23449698304927],[114.226612494571,-1.23454352836109],[114.226530458414,-1.23462234314655],[114.226491214698,-1.2346689253306],[114.226444803385,-1.23475494998092],[114.226430487077,-1.23481590512989],[114.2264232934,-1.23488045217107],[114.226430323401,-1.23497370557203],[114.226476214006,-1.23538977781595],[114.226532793953,-1.23580586175109],[114.226554032343,-1.23594216659768],[114.226575343577,-1.23600674511516],[114.226632243683,-1.23611439756132],[114.226749615103,-1.2363225330584],[114.226824331678,-1.23643020439039],[114.226877687555,-1.2365199207577],[114.226916774789,-1.2366239678218],[114.226923811984,-1.23671004912944],[114.226934408696,-1.23679972142997],[114.22692356557,-1.23694675159129],[114.22690565737,-1.23703639421416],[114.226873483225,-1.23713677923894],[114.226734255582,-1.23738768199587],[114.226580835737,-1.23758118642257],[114.226502358197,-1.23766359130167],[114.226434607771,-1.23771014290872],[114.226356168003,-1.23775668372394],[114.226284858959,-1.23779964613669],[114.226199302856,-1.23783542026837],[114.226135131731,-1.2378676303868],[114.226046006218,-1.23791057301446],[114.225985374825,-1.23796430480877],[114.225917599218,-1.23803596189009],[114.225871202294,-1.23810764055514],[114.225835486619,-1.23818650480331],[114.22581403419,-1.23825821044801],[114.225767621978,-1.23834423509834],[114.225735510785,-1.23838365238362],[114.225671324372,-1.23843020758795],[114.225589333181,-1.23846598531691],[114.225507354581,-1.2384874179599],[114.225429093778,-1.23848017302151],[114.225428972369,-1.23848016222968],[114.225386239284,-1.23845501178931],[114.225350647714,-1.23841552255828],[114.225318641742,-1.23835452244322],[114.2252901773,-1.23831504040675],[114.225254590227,-1.23827196557869],[114.225215426551,-1.23823964664234],[114.225151589075,-1.23821100863108],[114.225151319278,-1.23821088812196],[114.225051562879,-1.23819643691598],[114.224973168977,-1.23819994067469],[114.224851980834,-1.23823567793414],[114.224723623297,-1.23831444325691],[114.224580958445,-1.23844340423966],[114.224516716273,-1.23854375509018],[114.22441317283,-1.23874448467018],[114.224298913964,-1.23897030803323],[114.224263218073,-1.23903123890051],[114.224209705713,-1.23909215178134],[114.224127688442,-1.23915303408523],[114.224067083129,-1.2391816613046],[114.223878201218,-1.23921015272634],[114.223753435573,-1.23926023057516],[114.223707072823,-1.23929963257194],[114.223682095952,-1.23933188405914],[114.223649964075,-1.23939281762438],[114.223621376425,-1.23947168906716],[114.223614178252,-1.23953982260468],[114.223614084722,-1.23962948321406],[114.223610428079,-1.23971913932678],[114.223603185838,-1.23983031082014],[114.223592397571,-1.23992354623465],[114.22356738113,-1.23999524738269],[114.223538792581,-1.24007411792616],[114.223506659805,-1.24013505329003],[114.223456670989,-1.24023542032836],[114.223424538212,-1.2402963538936],[114.223406668683,-1.24034654505698],[114.223403046214,-1.2404039227028],[114.223395814765,-1.24050433470723],[114.223427782966,-1.24060120158413],[114.22346689628,-1.24068014407334],[114.223513151111,-1.24074474777183],[114.223555857217,-1.24079500278708],[114.223612787001,-1.24087396416206],[114.223666130288,-1.24097444001836],[114.223694556958,-1.24104978521939],[114.223719425911,-1.24112153942747],[114.223751416595,-1.24119688732645],[114.223783383896,-1.24129375420335],[114.223797561708,-1.24136549672028],[114.223797450192,-1.2414730889119],[114.223797321589,-1.24159502708881],[114.223797205577,-1.2417062048774],[114.223697203663,-1.24192845613328],[114.223600846702,-1.24207181076542],[114.223283432784,-1.24234404094466],[114.223158570911,-1.24248736499987],[114.22307293297,-1.24260203935256],[114.222948024332,-1.24278839956492],[114.222894490389,-1.24287083142366],[114.222848014324,-1.24301782381349],[114.222815567684,-1.24315024718612],[114.222743939381,-1.24349924799185],[114.222724594964,-1.24382439428035],[114.222718665734,-1.24443499258081],[114.222708783983,-1.244798404123],[114.2226896599,-1.24491314772354],[114.222661079445,-1.24498484617368],[114.222613492719,-1.24505652393935],[114.222561178256,-1.24510906772923],[114.222504126165,-1.24514726283587],[114.222447083966,-1.24517589365252],[114.222337760579,-1.24522359639184],[114.221995584728,-1.24532365316401],[114.221643962399,-1.24537109689857],[114.221377836818,-1.24543776094384],[114.221211482024,-1.24550453020987],[114.22106411102,-1.24559044784087],[114.220969022103,-1.24565729264987],[114.220911864791,-1.24579590605617],[114.220782614226,-1.24596951028462],[114.220706527984,-1.24603637397945],[114.220642356859,-1.24606738799952],[114.220587711354,-1.24607689473288],[114.22049528443,-1.2460696390026],[114.220495073989,-1.24606962281479],[114.220426260563,-1.24599782184197],[114.220350370373,-1.24587819492268],[114.220286424079,-1.24581130874486],[114.220286301771,-1.24581118104112],[114.220129520261,-1.24581101466657],[114.220010694638,-1.24585870571462],[114.219934633576,-1.24590166273151],[114.219825292203,-1.24596849225208],[114.21976345392,-1.24604015382999],[114.219701595852,-1.24613094398785],[114.219620702733,-1.24625040363316],[114.219544467203,-1.24646072538212],[114.219567804611,-1.2468576438651],[114.219567649927,-1.24700588091662],[114.219543038181,-1.24725630523426],[114.219513195977,-1.24739673976768],[114.219456671788,-1.24749829391106],[114.219355618567,-1.24758784660179],[114.219254611211,-1.24763555743499],[114.219156584209,-1.24767131717749],[114.219073420302,-1.24769214907337],[114.218981338718,-1.24772193731752],[114.218874387743,-1.24777263120194],[114.218823859334,-1.24782039599444],[114.218800054279,-1.2478681886659],[114.218779217887,-1.24791598493471],[114.218764292738,-1.24799068622116],[114.218758296958,-1.24804447467272],[114.218755265343,-1.24810424541454],[114.218755168216,-1.24819689357173],[114.218746183989,-1.24826861180696],[114.218731268733,-1.24833434595325],[114.218716370564,-1.24838214941661],[114.21866282493,-1.24847474001717],[114.218636060206,-1.2485135637499],[114.218597424432,-1.24854639799781],[114.218442848059,-1.24870762125965],[114.21838636344,-1.24877032199271],[114.218294163145,-1.24891367932281],[114.218276280126,-1.24897642232401],[114.218276191993,-1.24906010513968],[114.218290948069,-1.24914679079171],[114.218344293155,-1.24924547429913],[114.218403566571,-1.24935312944331],[114.218471773853,-1.24943688330546],[114.218537014272,-1.24951764692184],[114.218593365791,-1.24958046906335],[114.218637833669,-1.24964925460938],[114.218676359726,-1.24972102500527],[114.218677295021,-1.24972312941884],[114.218714871394,-1.24980773583832],[114.218746137225,-1.24989214530621],[114.218753679839,-1.24991250775599],[114.218764879096,-1.25000000189851],[114.218749568138,-1.25007203489645],[114.218666942925,-1.25029536264083],[114.218571605795,-1.25053069903248],[114.218410533619,-1.2506776752345],[114.218095873426,-1.25080977215322],[114.217752110272,-1.25079469142185],[114.217298778216,-1.25063970136108],[114.217020967744,-1.25050697131962],[114.216735899742,-1.25032273170865],[114.216264454441,-1.25000000099919],[114.216197669887,-1.24996183377158],[114.216086171939,-1.24991986061303],[114.216017336931,-1.2498785781338],[114.215932277253,-1.24981988298117],[114.21584179916,-1.24972967468472],[114.215731178051,-1.24961938362759],[114.215630280413,-1.2495624907163],[114.215550130134,-1.24954148525131],[114.2154224318,-1.24955629258881],[114.215295886396,-1.24961856164725],[114.215206545046,-1.24971200480513],[114.215151912131,-1.24980299011588],[114.215111407565,-1.24988872338582],[114.215045657231,-1.25000000189851],[114.215044804674,-1.25000144441105],[114.214987722905,-1.25026162277561],[114.214941161406,-1.25044231186314],[114.214958304282,-1.25067554204259],[114.215045040296,-1.25087386413747],[114.215154984215,-1.25104889019406],[114.215345852729,-1.25143389355929],[114.215426593862,-1.25181877911331],[114.215426297985,-1.25209863194624],[114.215304233004,-1.25242499861474],[114.215176523878,-1.25260559956871],[114.214980200076,-1.25296325275184],[114.214878607262,-1.25325026868489],[114.214749435838,-1.25349557586009],[114.214565090107,-1.25367135824655],[114.214316418568,-1.25372203414452],[114.214110130278,-1.25358292071519],[114.214015195145,-1.25344303656686],[114.213817856009,-1.25331040005489],[114.213671631641,-1.25325874479518],[114.213455868993,-1.25325851366944],[114.213287583355,-1.2533171899363],[114.213152122073,-1.25346050409894],[114.213053119306,-1.25371053541284],[114.212975622927,-1.25421491298778],[114.212940037653,-1.25458583027182],[114.212909207994,-1.25552910218624],[114.212862069129,-1.25583846807081],[114.212748115133,-1.25609395107494],[114.212600833162,-1.25624849956853],[114.212380106257,-1.25629534795189],[114.21209914456,-1.2563892173884],[114.211818204447,-1.25646290603822],[114.21153066331,-1.2564558688432],[114.211129430779,-1.25645543806797],[114.210708132574,-1.25646171173855],[114.210427294084,-1.25644122967896],[114.210260076841,-1.25647468266044],[114.210173000883,-1.25660911691716],[114.210166171432,-1.25674363930744],[114.210266177842,-1.25702625665639],[114.210633781124,-1.25720826684801],[114.210901125287,-1.25734308331658],[114.211181887334,-1.25743755529891],[114.211415895427,-1.25747816508522],[114.211589762258,-1.25747835214418],[114.211676666445,-1.25750535159068],[114.211750153647,-1.25757269462412],[114.21173657928,-1.25776102075446],[114.21160258659,-1.25799630228749],[114.21144870989,-1.25806339980602],[114.211314880877,-1.25814397456475],[114.211234520157,-1.25825151009906],[114.211234426628,-1.25833895477888],[114.211327853598,-1.25852066909357],[114.211628664232,-1.258807387351],[114.211830410945,-1.2588984338156],[114.212064000853,-1.25901622881588],[114.212223249204,-1.25911257228734],[114.212329397983,-1.25919282868603],[114.212414209448,-1.25935854855811],[114.212445873678,-1.25955092703362],[114.212424520176,-1.25965241912377],[114.21235008239,-1.25972179642372],[114.212254283908,-1.25989800778677],[114.212206657611,-1.2600815306381],[114.212206264608,-1.26045018792581],[114.212200561107,-1.26081883981755],[114.212210836761,-1.26114476671756],[114.212215854078,-1.26142260237117],[114.212163371442,-1.261696090702],[114.212027082784,-1.26185072642983],[114.211840335863,-1.26214818169319],[114.211564786286,-1.26246935567616],[114.211363428979,-1.26259117784053],[114.211206543147,-1.26263565740959],[114.211117772867,-1.26262960767019],[114.21097580409,-1.26256099299536],[114.210866442932,-1.26243883538388],[114.210860652197,-1.2623197660443],[114.210893257118,-1.2622691989643],[114.210961401448,-1.26219188244937],[114.210994089106,-1.26206392421068],[114.210982325974,-1.26199544983012],[114.210926211875,-1.26189121031103],[114.210737019698,-1.26170645718719],[114.210553746858,-1.2615187354013],[114.210191015203,-1.26119762976674],[114.209972557288,-1.26106499235544],[114.209711735009,-1.26098432316792],[114.209300449856,-1.26092949959667],[114.20890560521,-1.26088888081716],[114.208385216105,-1.26082177700334],[114.207964760565,-1.26080209803837],[114.207553868416,-1.26077762298888],[114.207157305166,-1.26075797010418],[114.206717804683,-1.26067579005564],[114.20629269695,-1.26054075864903],[114.205748187129,-1.2603575370706],[114.205158621273,-1.26017581016544],[114.204921506023,-1.26005623720556],[114.204722353854,-1.25993193021435],[114.204561125196,-1.25984107530536],[114.204418814677,-1.25980751170727],[114.204245589063,-1.25984312036366],[114.204027224677,-1.25993833788397],[114.203823111847,-1.26001686758434],[114.20369736684,-1.26002150538812],[114.203600117751,-1.2600023075604],[114.203545598151,-1.25995929478557],[114.203474586783,-1.25980649097676],[114.203417833266,-1.25963461164798],[114.203255821299,-1.25923957814399],[114.203129571772,-1.25908531473544],[114.202957261668,-1.25901962465588],[114.202597203698,-1.25899611817624],[114.202260108118,-1.25899190035585],[114.201854003959,-1.25904155192603],[114.201490054622,-1.25907583678037],[114.20118734462,-1.25915642592827],[114.201064587161,-1.25932197942575],[114.201003045654,-1.25955695428996],[114.200995244935,-1.25968795313651],[114.201071664826,-1.25986913325386],[114.201486659682,-1.26014743205832],[114.20163568364,-1.26026488531613],[114.201725048372,-1.26038227472213],[114.201765564629,-1.26053234279334],[114.201754595598,-1.26064689573758],[114.20168121002,-1.26080229588922],[114.201559018234,-1.26095218769325],[114.201428771221,-1.2610284241224],[114.201279582687,-1.26106372341206],[114.201087015354,-1.2610907921063],[114.200950676333,-1.26119779883931],[114.200884204742,-1.26131941326025],[114.200841130814,-1.26145675232721],[114.200844853108,-1.26162554608203],[114.200848525939,-1.2618414436277],[114.200906867658,-1.26202207335996],[114.200933828433,-1.26235575511396],[114.20090634785,-1.26250881433026],[114.20074610395,-1.26273630863369],[114.200609422287,-1.26282644408508],[114.200437656273,-1.26288121189839],[114.200238611123,-1.2629006228654],[114.200063025688,-1.26287687986405],[114.199930425149,-1.26280215519523],[114.199805655906,-1.26269996073455],[114.199673094038,-1.26258598335642],[114.199505391161,-1.26249159321242],[114.19937271328,-1.26248752378012],[114.199181490433,-1.26249124157749],[114.198788687248,-1.26263646590013],[114.198543721815,-1.26277611532544],[114.198231855816,-1.26304441187006],[114.19780864925,-1.26336855271649],[114.197630400023,-1.26355864331668],[114.197446575,-1.26375992058382],[114.197273912361,-1.26392762975627],[114.197045652735,-1.26405610330647],[114.196845293675,-1.26411185138079],[114.19666169618,-1.26410045876912],[114.196472607425,-1.2640219002904],[114.196255794369,-1.2638537684366],[114.196055720395,-1.26364088092186],[114.19590016556,-1.26342244459011],[114.195777921614,-1.26327120470228],[114.195421398878,-1.26296010132756],[114.195246664202,-1.26288808991336],[114.195071864775,-1.26287551739119],[114.194855148846,-1.26291986116263],[114.194736907782,-1.26297421708642],[114.194541748603,-1.26307662288781],[114.194403540791,-1.26315690806479],[114.194229006663,-1.26321521740829],[114.19396000595,-1.26323686139199],[114.193705601233,-1.26320733395124],[114.193414949341,-1.26308270860005],[114.19324788768,-1.26295090575962],[114.193022890794,-1.2626142967124],[114.192863234151,-1.262358193176],[114.192703569414,-1.26210940112793],[114.192536603981,-1.26188985143546],[114.192376868198,-1.26170687087534],[114.192173474826,-1.26156040368966],[114.191904616205,-1.26145042739529],[114.191446828009,-1.26126712307922],[114.191265080419,-1.26127423671659],[114.191003271584,-1.26136901177046],[114.190523217972,-1.26160979625507],[114.190399437984,-1.26179246834766],[114.190384702592,-1.26197525915086],[114.190362706074,-1.2621507285732],[114.1902462034,-1.26232609637219],[114.190144270642,-1.2624722317081],[114.189844872843,-1.2626446110599],[114.189684199966,-1.26277822693356],[114.189560197845,-1.26293033826443],[114.189381132034,-1.2631054560519],[114.189151660121,-1.26323899818118],[114.18880289134,-1.26341392980896],[114.188564234652,-1.26355668908991],[114.188311743692,-1.26376863411514],[114.188123524581,-1.26392528792167],[114.187884899369,-1.26404036517067],[114.187765648366,-1.26404023476897],[114.187554749252,-1.26396157556621],[114.187325569619,-1.26382292079114],[114.187133095816,-1.26367046501991],[114.186913075778,-1.26354566160296],[114.186764601305,-1.26351707395378],[114.186600670185,-1.26350590167596],[114.186465858213,-1.26352041313652],[114.186265429006,-1.26357149822604],[114.186134271879,-1.26357501907182],[114.185988577211,-1.26354554379179],[114.185733638297,-1.26346831001445],[114.185493190159,-1.26346804831172],[114.185318260329,-1.26352282511823],[114.185103147892,-1.26367650126946],[114.185011946744,-1.26379000200694],[114.184986386213,-1.26384494159072],[114.184942624303,-1.26388520423876],[114.184873380102,-1.26390711622037],[114.184598996946,-1.2639109068628],[114.184448532274,-1.26389909876434],[114.184274940636,-1.26386689224324],[114.184165017402,-1.26382893185968],[114.184023363388,-1.26369779271892],[114.183890413012,-1.26354628663177],[114.183803749843,-1.26340647622783],[114.183748873212,-1.26330745007868],[114.183673713271,-1.26323459869775],[114.183592706838,-1.26321704573002],[114.183476947903,-1.26322274113653],[114.183358287755,-1.26323716536285],[114.182966832653,-1.26340315503154],[114.182819152282,-1.26349322663106],[114.182717738433,-1.26361536895405],[114.182656865122,-1.26371135809268],[114.182642352762,-1.26375209288472],[114.182650974563,-1.26380740658652],[114.18266827662,-1.26386273018079],[114.18265372379,-1.26394130484732],[114.182636312916,-1.26398494804687],[114.182534985401,-1.26402849771694],[114.182462626849,-1.26404006209913],[114.182370043443,-1.26402540674707],[114.182242763293,-1.26398160616617],[114.182083669626,-1.26392030657684],[114.1818869807,-1.2638385896791],[114.181753911614,-1.26379769390837],[114.181551406772,-1.26374216796665],[114.181314185401,-1.26367787183625],[114.181131921601,-1.26363692300555],[114.180777798257,-1.26346126472555],[114.180660710124,-1.26333397468312],[114.180598800794,-1.26319287285276],[114.180562118347,-1.2631049749146],[114.180497868982,-1.2630031752563],[114.180412894739,-1.262936033671],[114.180323318666,-1.2628735110037],[114.18027740288,-1.26282259408742],[114.180252164306,-1.26278095008075],[114.180240744715,-1.2627115772774],[114.18024313871,-1.26262372070812],[114.180247827775,-1.2625381816917],[114.180250252347,-1.26242258193656],[114.180245729657,-1.26235321632782],[114.180227389782,-1.2623069561011],[114.180195248912,-1.26227223867284],[114.180156176966,-1.26226757299003],[114.180084899399,-1.26229061541954],[114.180011298882,-1.26233215060824],[114.17991469101,-1.26239678308502],[114.179831853557,-1.26247992720681],[114.179797303403,-1.26254693839047],[114.179780461799,-1.26282214892296],[114.179705553668,-1.26295836473668],[114.179630657229,-1.26308517903772],[114.17953237392,-1.26323546924147],[114.179424775433,-1.26335754771259],[114.179312484284,-1.26349842291381],[114.179251644248,-1.26358765364728],[114.179200150866,-1.26367689517252],[114.179148701551,-1.26372383798468],[114.17898505012,-1.26383175573091],[114.178826140814,-1.26387388087488],[114.178685925715,-1.2639113268462],[114.178315781848,-1.26407047717072],[114.17809605319,-1.26418303362004],[114.177881069356,-1.2642297965678],[114.177652138835,-1.26421074712823],[114.177413896734,-1.26415878699839],[114.17701692609,-1.26398445791637],[114.176699388066,-1.26381021426994],[114.176302482174,-1.26357478524807],[114.176055009431,-1.26341941927075],[114.175933610848,-1.26333938770256],[114.17575622497,-1.26318409816753],[114.175704943828,-1.26307594389965],[114.175564618113,-1.26287280323726],[114.175457188698,-1.26279157377206],[114.175308361692,-1.2627498155515],[114.175213250291,-1.26274971212945],[114.175142917911,-1.26277875123833],[114.175084974592,-1.26282444309351],[114.175043606677,-1.26283895635271],[114.175000189207,-1.26283475022348],[114.174950598791,-1.26280349878238],[114.174909319909,-1.26273482025573],[114.174878374238,-1.26267239291656],[114.174816400157,-1.26262033026399],[114.174746119038,-1.26260361456514],[114.174663417383,-1.26259936436912],[114.17456626632,-1.26257222103112],[114.174454678441,-1.262511784791],[114.174330392134,-1.26238500736213],[114.174234730349,-1.26229200667075],[114.174155254561,-1.26221723163991],[114.174110242594,-1.26215316573598],[114.174073196821,-1.26207843657056],[114.174012276745,-1.26201168529099],[114.173953944919,-1.26200361927158],[114.173882338199,-1.26200887580893],[114.173813370091,-1.26202747199017],[114.173749726868,-1.26202740184306],[114.17366222733,-1.26201663695821],[114.17352965467,-1.26199782044301],[114.173346709183,-1.2619682786131],[114.173129307072,-1.26192269467657],[114.17295168827,-1.26187182002843],[114.172774089253,-1.26180227185733],[114.172705176003,-1.261770187644],[114.172556167333,-1.2616252591983],[114.172406104658,-1.26153446993976],[114.17229208771,-1.26143767860594],[114.17222313489,-1.26132583262103],[114.172172199088,-1.26121702724396],[114.172103265154,-1.26108705722186],[114.17203431683,-1.26097219041424],[114.171944304586,-1.26089355009719],[114.171893260865,-1.26088443187098],[114.171673948594,-1.26095669239737],[114.17127157932,-1.2611294908333],[114.171198601135,-1.26116473796225],[114.171112134917,-1.2611809482421],[114.171050045723,-1.26113740126999],[114.171020379787,-1.26109117431821],[114.170971828087,-1.26102046871961],[114.170890844137,-1.26096331500491],[114.170826019205,-1.26095237475226],[114.170712507676,-1.26099572837012],[114.170593554349,-1.26107711881394],[114.17049344092,-1.26122103102574],[114.170404197596,-1.26130788934756],[114.170293369643,-1.26136755037209],[114.170115077249,-1.26136191971676],[114.169864963198,-1.26134662494673],[114.169618486004,-1.26131536001583],[114.169479824035,-1.2613152080304],[114.169379653948,-1.26133834488866],[114.169237019673,-1.26145054340782],[114.169090440971,-1.2616479733752],[114.168647097685,-1.26218144401838],[114.168558154735,-1.26238445607771],[114.16848148843,-1.26255055096709],[114.168466045272,-1.26268594120319],[114.168475115834,-1.26278442685975],[114.168465815045,-1.2628982810308],[114.168429003995,-1.2629874865832],[114.168303489215,-1.26305812922925],[114.168196332295,-1.26312879166034],[114.1680326332,-1.26326260988151],[114.167963101216,-1.26339226873819],[114.167833255301,-1.26349606489146],[114.167752499778,-1.26354377392596],[114.167695170696,-1.26354826334165],[114.167660497334,-1.26352849894101],[114.167640918194,-1.26349888876268],[114.167617572693,-1.26346472171946],[114.167589676622,-1.26345331202066],[114.167558751635,-1.26345403687424],[114.167505927257,-1.26347901464476],[114.167468923752,-1.26352070271821],[114.167438729014,-1.26354343038497],[114.167348446074,-1.2635794563268],[114.167305846987,-1.26361054678927],[114.167287418979,-1.26365528716173],[114.16727283917,-1.26372046462768],[114.167205988965,-1.26381380256487],[114.167104407842,-1.26382050161482],[114.167005763006,-1.2637970410006],[114.166932282099,-1.26375998533501],[114.166858794898,-1.26372974023525],[114.166789144204,-1.26373063596003],[114.166745604426,-1.26373934589407],[114.166571500175,-1.26382067068738],[114.166438783623,-1.2638650072642],[114.166302539031,-1.2639004432508],[114.166180403903,-1.26397325955821],[114.166129020238,-1.26405149338166],[114.166128950091,-1.26411554759437],[114.1661571933,-1.26417073718972],[114.166178400213,-1.2641903334171],[114.166227892603,-1.26422419289213],[114.166236660094,-1.26429537513138],[114.166233019638,-1.26438967444386],[114.166197524296,-1.26449817225279],[114.166161564904,-1.26454464561886],[114.16609947571,-1.26457338705211],[114.166010330413,-1.26460850198072],[114.165921158135,-1.26466602531679],[114.165871753878,-1.2647363945689],[114.16584621583,-1.26480839159393],[114.165841382874,-1.26486280597368],[114.165849281619,-1.26491563304995],[114.165836506749,-1.26495723388916],[114.165788725769,-1.26499719616362],[114.165747344364,-1.265006753259],[114.165712346348,-1.26499871242061],[114.165663041916,-1.26497625005385],[114.165594629589,-1.26496657065064],[114.16553734817,-1.2649649078042],[114.165472986389,-1.26498530442819],[114.165408213618,-1.26505681222204],[114.165356428856,-1.26508603838994],[114.165307897841,-1.26509574477274],[114.165265866227,-1.26507943107083],[114.165172080427,-1.26506305891297],[114.165065324605,-1.26507270324259],[114.164922952932,-1.2651180974222],[114.164867950396,-1.26513105035764],[114.16484527489,-1.26516030800178],[114.164819255704,-1.26529042461334],[114.164773848035,-1.26540425090542],[114.164725183021,-1.26553759608316],[114.163681142071,-1.26547470739177],[114.162045271672,-1.26423084877462],[114.160597579015,-1.26372170659141],[114.158218495387,-1.2601945151647],[114.157031910994,-1.25846207466498],[114.156828253221,-1.25816473001822],[114.156257083897,-1.25455993699143],[114.156181542644,-1.25408318209315],[114.155540487004,-1.25215603926972],[114.154847412778,-1.25058882401498],[114.154587016777,-1.25000000369715],[114.153605356402,-1.24621362765674],[114.152623592605,-1.24242686131055],[114.149449449832,-1.23800384440187],[114.147275208384,-1.23497414084386],[114.14640852903,-1.23397984319519],[114.143811107996,-1.23099995128666],[114.142015927193,-1.22894042915743],[114.140515091798,-1.22721859436257],[114.138317979691,-1.22427809635701],[114.136766829026,-1.22220211843296],[114.135131698769,-1.22001374593759],[114.134719364107,-1.21946189764839],[114.128033956002,-1.21610804604944],[114.125495999041,-1.21483483625866],[114.123362650666,-1.21376460435295],[114.123139443431,-1.21365262796638],[114.119800801166,-1.21231328922687],[114.116105756675,-1.21083097536916],[114.114559259103,-1.21021057805569],[114.113490770982,-1.20978193958479],[114.110525613566,-1.20734639382096],[114.11039578204,-1.20723975131341],[114.106967516038,-1.20442381390785],[114.103425189921,-1.20151418872877],[114.102872130245,-1.20105991238501],[114.101741355979,-1.20011388135049],[114.101624974713,-1.20001651355119],[114.100187375147,-1.19881378542783],[114.100010048625,-1.19866542966582],[114.097581803557,-1.19663390612982],[114.096395172399,-1.19564114272453],[114.092881620091,-1.19270162677861],[114.092660000159,-1.19251621355238],[114.092060175737,-1.19201438825337],[114.091287782205,-1.19136818579307],[114.089169545138,-1.18964039658698],[114.089061660667,-1.18955239882411],[114.085645144308,-1.18676563902295],[114.08544539409,-1.18660270794857],[114.083784482968,-1.18524794763465],[114.081308638583,-1.18322846961814],[114.080725857213,-1.18275311136694],[114.080249182354,-1.18236430027218],[114.077948986357,-1.18048809235154],[114.075841501584,-1.17876907513266],[114.075062941402,-1.17815199002229],[114.073444442307,-1.17686917277405],[114.067202346012,-1.17192170812029],[114.065930233394,-1.17091343500698],[114.06448472519,-1.16976773019655],[114.063572334196,-1.16904457184944],[114.059925957417,-1.16615446465676],[114.057499862629,-1.16423155044566],[114.057175305396,-1.16401433719187],[114.054327119201,-1.16210816475996],[114.049006454784,-1.15854726674291],[114.045373417649,-1.15611582728354],[114.038468227827,-1.15149447299149],[114.037432505606,-1.15080130793399],[114.03723045672,-1.15066608497182],[114.033689485881,-1.14969829484039],[114.031939808076,-1.14922008663763],[114.02863247301,-1.1483161519688],[114.027841178428,-1.14809988120453],[114.024301838059,-1.14713253623751],[114.021582313373,-1.14638925735829],[114.01810686534,-1.1454393754268],[114.017206082795,-1.14521114997456],[114.017078693827,-1.14517887420561],[114.01506087416,-1.1446676321055],[114.012174322887,-1.14393628543115],[114.011682991777,-1.1438117985756],[114.009195776364,-1.14318162832944],[114.006735347259,-1.14255824526674],[114.000000031276,-1.14085176099991],[113.9999999998,-1.14085175470467],[113.999999969223,-1.14085174840943],[113.999786637443,-1.14080858634713],[113.999609783964,-1.14076493685229],[113.999337224633,-1.14082900725282],[113.999064667101,-1.14089307585471],[113.998830228232,-1.14103364708512],[113.998595789364,-1.14117421741616],[113.998272616188,-1.14134039324449],[113.997949441214,-1.14150657087151],[113.997366112156,-1.1414689117608],[113.996828795113,-1.14135491459757],[113.996293602268,-1.14194359911778],[113.994330075573,-1.14186980164999],[113.992366547079,-1.1417960041822],[113.990418086725,-1.14165494911657],[113.988469623674,-1.14151389405095],[113.982720250639,-1.1413571476142],[113.981873344679,-1.14103865091295],[113.981287957074,-1.14067847962809],[113.980934411994,-1.13989813878806],[113.980933517168,-1.13902871110611],[113.980980451886,-1.13856119134584],[113.981020809863,-1.13815919169332],[113.981427153241,-1.137281798716],[113.9818848578,-1.13644738164129],[113.981986374172,-1.13590963022523],[113.981618793373,-1.13497495403084],[113.981246882338,-1.13456142776761],[113.980827148054,-1.13420657867061],[113.980576094211,-1.13399433417112],[113.979887432959,-1.13319659234884],[113.979322271106,-1.1324342100707],[113.978721923278,-1.13176057828804],[113.97795852027,-1.13113473288155],[113.97750318992,-1.1307802408154],[113.977093618876,-1.13046137359345],[113.976193588164,-1.12992999657206],[113.975713289936,-1.1295068439656],[113.975328595039,-1.1291679191641],[113.975023994662,-1.12870075103876],[113.97472843427,-1.12813370960299],[113.974554470313,-1.1276974691628],[113.974357838943,-1.12728338801787],[113.974120122945,-1.1268918339909],[113.973887524989,-1.1266787738063],[113.974541094696,-1.12543245644264],[113.974862888312,-1.12435956524172],[113.97310869591,-1.12430445388736],[113.972289754369,-1.12429392912151],[113.969990257145,-1.12425898056745],[113.969309961386,-1.12425708569589],[113.968939840901,-1.12404876943509],[113.968705160115,-1.12397814117821],[113.968343749564,-1.12392284726155],[113.968062740203,-1.12397350966967],[113.967691634961,-1.12396181578515],[113.967690396595,-1.12396177711429],[113.967323975921,-1.12399345663266],[113.967014324951,-1.12400446073724],[113.966947952286,-1.12397353485068],[113.966884400794,-1.12393709432138],[113.966824124634,-1.12389539455677],[113.966767550982,-1.1238487368297],[113.966715080936,-1.12379744939273],[113.966667086817,-1.12374189737062],[113.966623911265,-1.12368247466645],[113.966585860049,-1.12361960396152],[113.966553202968,-1.12355373131959],[113.966526172045,-1.1234853252875],[113.966504959736,-1.12341486970041],[113.966489717127,-1.12334286817878],[113.966481306667,-1.1232758578945],[113.966480551236,-1.12326982973883],[113.966483803185,-1.12325873840001],[113.966508017431,-1.12317614915992],[113.966529266612,-1.12308084260673],[113.96654420705,-1.1229843318614],[113.966551648939,-1.12289980728025],[113.966552773092,-1.12288703690717],[113.966554926069,-1.12278938582148],[113.96660721625,-1.12265113843927],[113.966653900957,-1.12251087207903],[113.966694906445,-1.12236881876595],[113.966730162567,-1.12222521142434],[113.966759615364,-1.12208028477727],[113.966783212675,-1.12193427624578],[113.966800917628,-1.12178742684824],[113.966812699646,-1.12163997580421],[113.966677413732,-1.12146853264665],[113.966675168125,-1.12146568719169],[113.966510389843,-1.12116406716791],[113.96647712392,-1.12110317587081],[113.966380741778,-1.12085240531422],[113.966479177972,-1.12044324975614],[113.966491772078,-1.12039090201847],[113.966783587692,-1.11995576504648],[113.966839139715,-1.11979661562128],[113.966975628922,-1.11940559399289],[113.967182576415,-1.11892885977903],[113.96709671724,-1.11877928723425],[113.96692054185,-1.11847237739823],[113.966660916568,-1.11821168911808],[113.966500976639,-1.11788064507567],[113.966370823155,-1.11740905678249],[113.966270513673,-1.11685714644011],[113.966320039338,-1.1165058136923],[113.966360427891,-1.11621928788975],[113.96673212219,-1.11607861773399],[113.966971442578,-1.1159880461114],[113.967360133164,-1.11563636982254],[113.967399672757,-1.11527501323121],[113.967099402615,-1.11427165671154],[113.967018987037,-1.11365950618119],[113.966877883408,-1.11268137204763],[113.966737725865,-1.11217968344556],[113.966644137917,-1.11190984276499],[113.966577657333,-1.11171816216341],[113.966555746251,-1.11139355366953],[113.966547269241,-1.11125650868087],[113.966516852371,-1.11076474589623],[113.96649865369,-1.11051425772678],[113.966466198956,-1.11006750870854],[113.966438639232,-1.10942650702765],[113.966464858966,-1.10872260496421],[113.966483929989,-1.10783936369563],[113.966507760225,-1.10735572898363],[113.966512463679,-1.10716138998612],[113.966505151292,-1.10715289499007],[113.966354202784,-1.10697754877481],[113.966475166995,-1.10648965937025],[113.966619017154,-1.10602457767209],[113.966671586125,-1.105783990139],[113.966748770439,-1.1053508730443],[113.967003945875,-1.10495696459219],[113.967031865328,-1.10465167983114],[113.96703171694,-1.10450260191351],[113.967056701905,-1.10433713295225],[113.967122843444,-1.10389909476737],[113.967263816672,-1.10375697400508],[113.967369547267,-1.10365038275893],[113.967391962869,-1.10329777207448],[113.967391335142,-1.10261854471003],[113.967344759253,-1.10190836268072],[113.967336410847,-1.10178108343018],[113.967429122856,-1.10120670532513],[113.967551964851,-1.10081772785583],[113.967820643608,-1.10063712060656],[113.968027722402,-1.10046784571443],[113.968212410774,-1.10031550235851],[113.968385685851,-1.0999490160342],[113.968464686796,-1.09926438104628],[113.968609650315,-1.09858796855985],[113.968581360342,-1.0983005839048],[113.968474664774,-1.0980245486939],[113.968204618149,-1.09776289993783],[113.968103546042,-1.09750940083813],[113.968102200656,-1.09745234784754],[113.968097701348,-1.09726144156224],[113.968125456225,-1.09700781385948],[113.968195929798,-1.09686564903041],[113.968226077771,-1.09680483417571],[113.968347206558,-1.09660043895906],[113.968412053973,-1.09610992173543],[113.969565998372,-1.09521304134876],[113.969756312904,-1.09504903558445],[113.969824944666,-1.09485729832562],[113.971510660888,-1.09368945400507],[113.973189635793,-1.09286186907997],[113.973676079088,-1.0927030452093],[113.974513055633,-1.09236664930137],[113.975577493207,-1.09148898203085],[113.976743966061,-1.09083648881284],[113.977603333927,-1.09030887725282],[113.978542370934,-1.08858020761045],[113.978611271593,-1.08759475299541],[113.978956195772,-1.08646145523193],[113.979076577222,-1.08524443328395],[113.979449753603,-1.08430411834036],[113.979728993998,-1.08294092508356],[113.98003596229,-1.08162223387893],[113.980255829443,-1.08085445476922],[113.980149034051,-1.07989706439798],[113.980208624029,-1.07845412375877],[113.980239286414,-1.07802678211027],[113.980434951012,-1.07682802899029],[113.979830172225,-1.07588020830491],[113.979318456182,-1.0756592367843],[113.978793769217,-1.07541873918342],[113.977974310566,-1.07496077561927],[113.977630713786,-1.07451165418945],[113.976995435391,-1.07373060468359],[113.9763333554,-1.07307401055709],[113.975865181833,-1.07276411317326],[113.975607764387,-1.0724074564389],[113.97530561826,-1.07192342062933],[113.97515878505,-1.07139780736287],[113.974792392255,-1.0707988022229],[113.98039823619,-1.06875312065995],[113.982970207309,-1.06704898812023],[113.985033263774,-1.06568205008648],[113.986815488044,-1.06389345322026],[113.988436858674,-1.06271183578252],[113.989346950102,-1.061090820385],[113.990070781142,-1.05980156219232],[113.99101311956,-1.05859755073635],[113.991385215855,-1.05803508864835],[113.993673234133,-1.05457651729239],[113.994753866698,-1.05061380937974],[113.995388999403,-1.05003152623391],[113.996803251669,-1.05027911408979],[113.998203770388,-1.0510077016441],[113.998868812746,-1.05214691604726],[113.999999979116,-1.05358003159313],[113.9999999998,-1.05358005857278],[114.000000021384,-1.05358008465316],[114.000667742822,-1.05405498514938],[114.002637565671,-1.05545597331445],[114.003593413705,-1.05637743577],[114.004522189448,-1.05677532462147],[114.004574118101,-1.05671370757148],[114.004740192306,-1.05651665172206],[114.005567609957,-1.05654205397258],[114.006418808381,-1.0565694320336],[114.006834797888,-1.05628439910566],[114.007132269339,-1.05572708743512],[114.007370202973,-1.05532903310836],[114.007596112671,-1.05532626229711],[114.007871706314,-1.05532288174555],[114.008732192037,-1.05581085928367],[114.009239665978,-1.05646188300943],[114.009987087134,-1.05684326570412],[114.010693697057,-1.05696428837115],[114.012056922689,-1.05666814342004],[114.014113647927,-1.05578024905918],[114.01650775293,-1.05474670769433],[114.017336587913,-1.05436013321355],[114.020142931351,-1.05305123472664],[114.021099482655,-1.05260509275081],[114.021540895096,-1.05168010315418],[114.021924426271,-1.05119848382293],[114.021982417255,-1.05063943556144],[114.021963572861,-1.05031166595057],[114.022194257959,-1.04942503064058],[114.02255836018,-1.04923258471598],[114.022730851947,-1.04911707399373],[114.023018339125,-1.04892455432469],[114.02462565515,-1.04729829857757],[114.025721594176,-1.0461894479846],[114.026131970114,-1.04516440791105],[114.026573993195,-1.0435839042737],[114.026545741893,-1.04307296884241],[114.026261476086,-1.04268047862115],[114.025869157636,-1.04213879986565],[114.025503748699,-1.04106690601287],[114.025676584007,-1.04058507983751],[114.026079027925,-1.04035410785576],[114.026960764628,-1.03964160107898],[114.02713355407,-1.03920797406869],[114.027340327994,-1.03840630940363],[114.027421906396,-1.03809003312847],[114.027521312059,-1.03804433407873],[114.029447773196,-1.03715872669386],[114.029922176367,-1.03694064109766],[114.032082810174,-1.03625226313142],[114.034668015716,-1.03542861723685],[114.035654421814,-1.03486790792755],[114.036343226958,-1.03447636739037],[114.037089043724,-1.03404303625706],[114.037514157752,-1.03379603835646],[114.038961033825,-1.03295538088605],[114.039917270366,-1.03216831131846],[114.041533460901,-1.0308380386445],[114.042973932001,-1.02947676903761],[114.043615100956,-1.02938464878247],[114.044037840774,-1.02932391126944],[114.044742584603,-1.02958081969905],[114.045265865028,-1.02934914804467],[114.045986599702,-1.02903005689154],[114.046495806636,-1.02897139681244],[114.0478371032,-1.02911062895231],[114.049198002286,-1.02923016773798],[114.049760354657,-1.02885638701258],[114.050384130723,-1.02844177886493],[114.050729950627,-1.02821192204254],[114.052051248067,-1.02709889499795],[114.052682453433,-1.02649549666978],[114.05280584941,-1.02637753709359],[114.053520260951,-1.02569459732774],[114.0555114418,-1.02560447086961],[114.055855984666,-1.02523900887309],[114.056755244659,-1.0250754572665],[114.057490459317,-1.02553641467375],[114.05796706223,-1.0260571329303],[114.058070216268,-1.02616983417045],[114.058580146257,-1.02619511860979],[114.058592671115,-1.02615939933673],[114.058948925852,-1.02514339565113],[114.059260398848,-1.02419024918061],[114.060429265698,-1.02416667075522],[114.061269025645,-1.02388608407546],[114.064734112589,-1.02272830316861],[114.069254982032,-1.02199382595427],[114.073079117008,-1.02155806215478],[114.074019219711,-1.02144065206437],[114.074171739334,-1.02142160442344],[114.075400260913,-1.02202038563223],[114.076033280212,-1.02200711523614],[114.076492783415,-1.02199748169835],[114.076908219839,-1.02220704172157],[114.07775142329,-1.02212414311464],[114.078178400713,-1.02131559503863],[114.078322401957,-1.02104290710446],[114.078412485248,-1.01991341617116],[114.078666149823,-1.01962874926733],[114.078902840594,-1.01936313000442],[114.079391468342,-1.01994248405833],[114.079909281788,-1.020063564282],[114.08071567329,-1.01924900423813],[114.081059170245,-1.01903074057617],[114.081654167106,-1.01865267008463],[114.082231947347,-1.01828553894643],[114.082418993742,-1.01834024920311],[114.083075748847,-1.01853234529148],[114.084004175652,-1.01809315057841],[114.084709976185,-1.01775927097356],[114.08516845596,-1.01786823283265],[114.085525055137,-1.01795298314363],[114.085720321336,-1.01789925134932],[114.086049270857,-1.01780873278676],[114.086748237441,-1.01761639837804],[114.08708006929,-1.01730235511957],[114.087221866296,-1.01750059357749],[114.087525499902,-1.01792508977104],[114.087939293264,-1.01799300657194],[114.088419554619,-1.01807183394794],[114.089135188338,-1.01836571530549],[114.089891269067,-1.0186762071412],[114.09183268593,-1.01958011483038],[114.092556063711,-1.01940102024082],[114.093403620781,-1.01919118142786],[114.094021819252,-1.01943293088499],[114.094961657555,-1.01980045862422],[114.095498436803,-1.0201724182225],[114.095934931752,-1.02007150529568],[114.096279051037,-1.01961973626175],[114.096682037246,-1.0194512518737],[114.097527360399,-1.01989182614682],[114.097813283656,-1.02004084560849],[114.098192580823,-1.02008810857927],[114.098983295343,-1.02018663830268],[114.099827446679,-1.02082056411768],[114.099960953735,-1.02092082323736],[114.10039235942,-1.02114795781193],[114.101627983844,-1.02120918005954],[114.102939360863,-1.0213522298215],[114.102951103311,-1.02045993237994],[114.102956652128,-1.02003825196368],[114.102958473255,-1.01989990655539],[114.103078091181,-1.01935605323922],[114.103369843843,-1.01802957030839],[114.103744486119,-1.01739040144582],[114.103893301435,-1.01697216633238],[114.103531552739,-1.01628247715456],[114.103287206939,-1.01581661934148],[114.103311447266,-1.01526678283574],[114.103332771091,-1.01465717918541],[114.103627028365,-1.01427194559375],[114.104044633053,-1.01409486998222],[114.104060001568,-1.01407274576059],[114.104485738826,-1.01345988656448],[114.104649252661,-1.01320303479218],[114.104876535624,-1.01290823882414],[114.10521985811,-1.01253714527297],[114.105632467065,-1.01260325983253],[114.105926423066,-1.01255570997796],[114.105997295939,-1.0124822011926],[114.106571251362,-1.0118868967628],[114.106682334722,-1.01187209032469],[114.106927552864,-1.01183940266623],[114.10730678528,-1.0121768273986],[114.107532716562,-1.01237785195627],[114.107841379176,-1.01248571124654],[114.107935359229,-1.01241896626226],[114.108415706919,-1.01207782193387],[114.108530581821,-1.01199623813585],[114.10900449756,-1.01166740282832],[114.110182268597,-1.0108501861871],[114.110410932019,-1.01008051310515],[114.110551503249,-1.00960735279705],[114.11063616093,-1.00787417215525],[114.110257295438,-1.00693108640047],[114.109841356294,-1.0058957122173],[114.109747459877,-1.00566198291415],[114.10992055419,-1.00449696156545],[114.110010274155,-1.00389310098575],[114.109773344165,-1.00323544655856],[114.109323112072,-1.00206360475153],[114.10962846788,-1.00000272824326],[114.109628521839,-1.00000236401786],[114.109627518195,-1.00000000329749],[114.109446060188,-0.999573051954712],[114.109179927412,-0.998946872899808],[114.109034742659,-0.998605269917221],[114.108416074742,-0.998273760925258],[114.108329568955,-0.998242041836704],[114.108070048894,-0.998146882772346],[114.107611033123,-0.998022421097801],[114.107420590888,-0.998020055880829],[114.106832909112,-0.99806041385699],[114.106704467038,-0.9980692353069],[114.106349642222,-0.998075802156507],[114.106030071731,-0.998100788020906],[114.10599580756,-0.997829331258572],[114.105817200404,-0.997429593400966],[114.105481293727,-0.996981856927107],[114.105193772375,-0.996720231553411],[114.104779759578,-0.996383868920361],[114.104527935916,-0.99619026197098],[114.104329987039,-0.996063710271983],[114.104070979592,-0.995946739950057],[114.103811252687,-0.995941448339124],[114.10368284209,-0.995888037602811],[114.103619903036,-0.995821425718191],[114.103556963983,-0.995754812934194],[114.103339891923,-0.995585014636674],[114.10347975089,-0.995417217330669],[114.103565760252,-0.995277509449465],[114.10365422836,-0.995092795895744],[114.103726773072,-0.994908367427172],[114.103833676383,-0.994564101551987],[114.103933636928,-0.994207789258041],[114.103980437647,-0.994058697850562],[114.103970172785,-0.993988557925547],[114.103959907024,-0.993918418000533],[114.1039403063,-0.993873854794515],[114.103920703777,-0.993829291588497],[114.103881499632,-0.993740166975101],[114.103861898008,-0.993695602869707],[114.103780151433,-0.993522808930436],[114.103629182241,-0.993351337893898],[114.103459161811,-0.993193713718881],[114.103235926697,-0.992967500949362],[114.103066077138,-0.992807364967859],[114.103066057353,-0.992807346082088],[114.102726399604,-0.992559155680453],[114.102435622706,-0.992422540567759],[114.102400807252,-0.992396793876878],[114.102139266414,-0.992258031183155],[114.101851304394,-0.992120960114164],[114.101619345856,-0.991983939407248],[114.101443306264,-0.991804346593256],[114.10140260025,-0.991717411829029],[114.101334664563,-0.991440598704628],[114.101332109589,-0.991390865296125],[114.101356938972,-0.991190881254113],[114.101387503331,-0.991095670928416],[114.101440303427,-0.991013182412416],[114.101681174247,-0.99082487067119],[114.101855686791,-0.99052631913429],[114.101880404657,-0.990387754291362],[114.101698754194,-0.990139220348681],[114.101454492031,-0.989889043344647],[114.101252315442,-0.989548470085765],[114.101407217369,-0.989065714910794],[114.101549827363,-0.988760887904618],[114.101725895734,-0.988466045171776],[114.10188715227,-0.988202767743473],[114.10199613931,-0.987775908131596],[114.102132543082,-0.987311157383942],[114.102248132945,-0.986916697647416],[114.102285876592,-0.986624882931949],[114.102255598217,-0.98653639593789],[114.102036187021,-0.986201348113696],[114.101892547303,-0.986020412611879],[114.101762454074,-0.985887488316905],[114.101609593608,-0.985777577673048],[114.101449856026,-0.985662724355223],[114.101214676116,-0.985350804396035],[114.101148352015,-0.985216963691869],[114.101074479903,-0.984977944576428],[114.10107225588,-0.984785199177566],[114.101103960579,-0.98467143044212],[114.101161474922,-0.984540097047784],[114.10119494589,-0.984475890849637],[114.101277146623,-0.984352942734063],[114.10142200762,-0.984178458968643],[114.101451633986,-0.984149809266228],[114.101552587382,-0.984052179764262],[114.101639234363,-0.983995791372649],[114.101772664077,-0.98391727696071],[114.101898913604,-0.983824323933334],[114.102049443027,-0.983659839729796],[114.102107627365,-0.983567330967503],[114.102118421928,-0.983524979194385],[114.102095312049,-0.983416717907176],[114.102045795377,-0.983378272789025],[114.101892999662,-0.98328552031046],[114.101644666268,-0.983134772351832],[114.101334917273,-0.982788797764783],[114.101249404337,-0.982677567815472],[114.101177445982,-0.982581316974176],[114.101109600228,-0.982490566386502],[114.100984452371,-0.982346918575388],[114.100905072811,-0.982283967830824],[114.100763088746,-0.982150395124563],[114.100725229086,-0.982065776114609],[114.100704378304,-0.981970704284549],[114.100683526623,-0.981875630655793],[114.100673100783,-0.981828093391755],[114.100662675842,-0.981780557926356],[114.10064182506,-0.9816854842976],[114.100592746358,-0.981630602270457],[114.100543667656,-0.981575721142576],[114.100379661892,-0.981468126252992],[114.10033933809,-0.981437067266768],[114.100217149902,-0.981349258361547],[114.100096697405,-0.981268751951291],[114.099855597258,-0.981106891969432],[114.099767087781,-0.98106605915126],[114.099720643193,-0.98104966900695],[114.099621301382,-0.981040352030561],[114.099518986412,-0.981047947704553],[114.099417181358,-0.981065914360386],[114.099319369294,-0.98108770583292],[114.099192195264,-0.981131661996528],[114.099191989319,-0.981131749230769],[114.099147630259,-0.981150428149704],[114.099024039128,-0.981202471017184],[114.098894113173,-0.981238861184465],[114.098758802976,-0.981250482223913],[114.098531597355,-0.981250699859856],[114.098346557348,-0.981237977150897],[114.098252572798,-0.981225276924931],[114.098159054996,-0.981208337294902],[114.098112545658,-0.981197933937437],[114.098019794978,-0.981175387933774],[114.097973551838,-0.981163242589503],[114.097934068003,-0.981142145393619],[114.097894583268,-0.981121047298473],[114.097858694024,-0.981092983953999],[114.097822804779,-0.981064922408223],[114.097782377555,-0.981052214987699],[114.097741950331,-0.981039509365814],[114.097687596206,-0.981032125032471],[114.09763324298,-0.981024741598503],[114.097568171634,-0.981023977174743],[114.097503099389,-0.981023211851721],[114.097332774088,-0.980876080066992],[114.097220880439,-0.980738797657352],[114.097128521864,-0.980537839649514],[114.09701675412,-0.980253574742619],[114.096977967259,-0.980052664398897],[114.09693144533,-0.979719876570982],[114.096884096024,-0.979633049725408],[114.096829996407,-0.979550292312069],[114.096766410741,-0.979468123055369],[114.096699451718,-0.97938901599025],[114.096630380188,-0.979311839769537],[114.096560453402,-0.979235463046109],[114.096490934009,-0.979158755372225],[114.096423762747,-0.979085821253591],[114.096355343225,-0.979014636316379],[114.096286393103,-0.978943594371344],[114.096217632738,-0.978871082934063],[114.096149783386,-0.978795496714781],[114.096086738212,-0.978717564164185],[114.096028389299,-0.978630356006079],[114.09598526231,-0.97853907391908],[114.095967883811,-0.978448914186004],[114.095986782164,-0.978365080284163],[114.096035664814,-0.978275803685335],[114.09608930128,-0.978186864332258],[114.096145965764,-0.97809830539245],[114.096203933365,-0.97801016463734],[114.096261482781,-0.977922485234444],[114.096314150678,-0.97784469567614],[114.096368958061,-0.977767731695394],[114.09642371868,-0.97769109416862],[114.096476249879,-0.977614284871322],[114.096508022927,-0.977563129634689],[114.0965243753,-0.977536801981785],[114.096543418444,-0.977464886795019],[114.096613970259,-0.977399901783997],[114.096680610022,-0.977338517658438],[114.096747249786,-0.977277132633503],[114.096813890449,-0.977215749407264],[114.096880530212,-0.977154365281706],[114.096963558322,-0.977112809408595],[114.097062268809,-0.977107764211894],[114.097168288985,-0.97711859564663],[114.097273256955,-0.977124675063635],[114.09736880003,-0.977105364820659],[114.097469571763,-0.977052300323351],[114.097566271366,-0.976989284827596],[114.097662310867,-0.976922884283624],[114.097761110387,-0.976859660145124],[114.097866082854,-0.976806176563741],[114.09795585318,-0.976766963424552],[114.098046157704,-0.976728884330498],[114.098137207766,-0.976697052826694],[114.098229212908,-0.976676578860975],[114.098322380873,-0.976672575978569],[114.098430516255,-0.976683374138361],[114.098538712791,-0.976700026884657],[114.09864699926,-0.976719442348326],[114.098755401741,-0.976738525962162],[114.098863949911,-0.976754186756239],[114.098956028798,-0.976764630583205],[114.099048330716,-0.976774060874163],[114.099140754043,-0.976782429065793],[114.099233201651,-0.976789688393353],[114.099325572817,-0.976795791192785],[114.099417025775,-0.976798997275864],[114.09950929262,-0.976793542887663],[114.099598895673,-0.976772916936511],[114.099682356356,-0.976730603834255],[114.099756200588,-0.976660088891947],[114.099811654584,-0.976539208317774],[114.099822468932,-0.976404655350507],[114.099801238636,-0.976210869436045],[114.099764039079,-0.97592556761083],[114.099716175361,-0.975602579695249],[114.099684246731,-0.975408784787533],[114.09965233159,-0.975198841653196],[114.099647292688,-0.974781266642083],[114.099701761028,-0.974636405645583],[114.099758858085,-0.974592709386002],[114.099964387347,-0.974541182729354],[114.100073095597,-0.974534551128556],[114.100205397561,-0.974547496869434],[114.100280811111,-0.974560582005211],[114.100384671116,-0.974579902140704],[114.100488538315,-0.97459510787786],[114.100592418106,-0.974599967814243],[114.1006882004,-0.974596900226743],[114.10078421472,-0.974591476415469],[114.100880261415,-0.974582745797022],[114.100976131843,-0.974569765881938],[114.101071622757,-0.974551590583417],[114.101176752605,-0.97452716319799],[114.101280826649,-0.974501417406429],[114.101384392576,-0.974475353254888],[114.101487997173,-0.974449969890145],[114.10159218633,-0.974426265559657],[114.101687462307,-0.974405880626819],[114.10178278235,-0.974385719625218],[114.101878156352,-0.974365752877134],[114.101973593307,-0.974345954302294],[114.102069102207,-0.974326293323713],[114.102171856946,-0.97430586792143],[114.102274801441,-0.974286608040472],[114.102377902418,-0.974268370688719],[114.102481123006,-0.974251014672518],[114.102584429928,-0.974234396100428],[114.102676408989,-0.974226736574565],[114.102769094918,-0.974228865269879],[114.102862135179,-0.9742351317459],[114.102955179038,-0.974239896354106],[114.103047882954,-0.974237507754708],[114.103149563002,-0.974226749165098],[114.103250385997,-0.974210808681846],[114.103350119912,-0.974188211416788],[114.103448527328,-0.974157477085839],[114.103545372621,-0.974117130800892],[114.103643307892,-0.974066897369369],[114.10373634006,-0.974012457808612],[114.10382592063,-0.973954313940396],[114.103913507402,-0.973892970284282],[114.104000547387,-0.973828925964142],[114.104075088595,-0.973773480061993],[114.104148833002,-0.973717769759219],[114.104220833625,-0.973660384918787],[114.104290145274,-0.973599913605085],[114.104355818266,-0.973534942983179],[114.104421825807,-0.973459686815033],[114.104484034611,-0.973381483568573],[114.104544735251,-0.973302202934292],[114.104606218302,-0.973223702911525],[114.104670775236,-0.973147855888783],[114.10474371565,-0.973068369309772],[114.104817492433,-0.972989621973454],[114.104891680207,-0.972911172312706],[114.10496585539,-0.972832582357739],[114.1050395962,-0.97275340694415],[114.105104401347,-0.972682045739759],[114.105167709122,-0.972609722260813],[114.105229327971,-0.972535912202545],[114.105289063639,-0.972460100253386],[114.105346729968,-0.972381763907208],[114.105393919194,-0.97228283218692],[114.105411764441,-0.972171739833868],[114.105407407226,-0.97205522277028],[114.105387990863,-0.971940015119571],[114.105360662265,-0.971832858199775],[114.105316507351,-0.971733280766273],[114.105252876719,-0.971638395995114],[114.105184246756,-0.971544138950776],[114.105125095647,-0.971446451892177],[114.105089900678,-0.971341263588386],[114.105076300231,-0.971244751044367],[114.105067844805,-0.971146956067116],[114.105065234973,-0.971048706932208],[114.105069171305,-0.970950827418676],[114.105080351677,-0.970854143104191],[114.10509537665,-0.970765209147032],[114.105112453877,-0.97067652610076],[114.105131529397,-0.970588031912087],[114.105152539358,-0.97049967172245],[114.105175430702,-0.970411387075785],[114.10520538622,-0.970304706796753],[114.105238289715,-0.970200172300054],[114.105276016275,-0.970097312341068],[114.105320440986,-0.969995650278975],[114.10537344343,-0.969894716667795],[114.105430952377,-0.969809452843947],[114.105498962707,-0.969734607665941],[114.105576325987,-0.969670948255612],[114.105661886587,-0.969619238137284],[114.105754493375,-0.969580241734718],[114.1058520932,-0.969558052761897],[114.105951514151,-0.969550482268914],[114.106051341596,-0.96954840123766],[114.106150154606,-0.969542682448775],[114.106246542144,-0.969524193286816],[114.106345311987,-0.969494384358313],[114.106443721201,-0.96946309604499],[114.106541759894,-0.969430029772013],[114.106639426269,-0.969394885165798],[114.10673671133,-0.969357363651341],[114.106866827042,-0.969306677860857],[114.106996091097,-0.969255135915716],[114.107122206625,-0.969197911154652],[114.107242880355,-0.969130166124216],[114.10735581362,-0.969047068767168],[114.107426532708,-0.968981740215099],[114.107491858563,-0.968912886320595],[114.107553812858,-0.968841605155887],[114.107614410077,-0.968768986699331],[114.107675674593,-0.968696127224462],[114.107739263856,-0.968624918904823],[114.107803453866,-0.968554934562519],[114.107865537664,-0.968483377305972],[114.107922813687,-0.968407458337481],[114.107972574075,-0.968324382564163],[114.10800917918,-0.968237596188089],[114.108034185729,-0.968148192784838],[114.108051942843,-0.968057154414112],[114.108066797844,-0.967965446947744],[114.108083098057,-0.967874047948897],[114.108095836953,-0.967781710957127],[114.108102118718,-0.967687908070445],[114.108109502152,-0.967594448724753],[114.108125546057,-0.96750314955068],[114.108157811934,-0.967415821782708],[114.108206631631,-0.967326351829627],[114.108259279742,-0.967240616760989],[114.108314429767,-0.967157263097192],[114.108370756106,-0.967074935559765],[114.108426926861,-0.966992278870521],[114.108480176619,-0.966912693366055],[114.108533468645,-0.966833169914821],[114.10858677506,-0.966753673443236],[114.108640070683,-0.96667415628724],[114.108693326736,-0.966594575279373],[114.108749178232,-0.966515361194922],[114.108806676387,-0.96643748440232],[114.108862637601,-0.966358414209424],[114.108913880971,-0.966275618125223],[114.108957222898,-0.966186569054855],[114.108985147746,-0.966092660947481],[114.108997448673,-0.965996536011289],[114.109001226725,-0.965899202386254],[114.109003571258,-0.965801661917112],[114.109023690891,-0.965616863827165],[114.108384233346,-0.964511491811834],[114.10831329842,-0.964322385969297],[114.108289654344,-0.964259350688451],[114.108266009369,-0.964196316306925],[114.108230122822,-0.964095806276418],[114.10819763931,-0.963994172093294],[114.108168843018,-0.963891403865148],[114.108144017233,-0.96378749169935],[114.108123447039,-0.963682423904686],[114.108114005957,-0.963574318200187],[114.108117876639,-0.963465361737008],[114.108127340205,-0.963356082417249],[114.108134675975,-0.963247005444885],[114.108132165067,-0.963138663218672],[114.108120294016,-0.963044675071671],[114.10810419795,-0.962950899164639],[114.108086922873,-0.962857162827731],[114.108071514789,-0.96276329069326],[114.108061017902,-0.962669108292687],[114.108057139126,-0.962572559775765],[114.108058010569,-0.962475666818534],[114.108060889299,-0.962378588600927],[114.108063032383,-0.962281490598286],[114.108061695991,-0.96218452389661],[114.108057673323,-0.962082027263705],[114.108051343894,-0.961979774347071],[114.108038649064,-0.961878188727383],[114.108015528394,-0.961777696683328],[114.107977922343,-0.961678725392801],[114.107925186998,-0.961581603108471],[114.107864794825,-0.961493114315715],[114.107798789083,-0.961410446834634],[114.107729207637,-0.961330790283682],[114.107658091048,-0.961251335180918],[114.107591162602,-0.961178232889097],[114.107522939132,-0.961106865389468],[114.107454367625,-0.961035994315637],[114.107386398663,-0.960964382200416],[114.107319981032,-0.96089079337537],[114.107251181997,-0.960814206210614],[114.107182184211,-0.960736601912629],[114.107118413284,-0.960655858081338],[114.107065289432,-0.960569844222903],[114.107028234665,-0.960476438836508],[114.107001226226,-0.96037935522304],[114.106974216887,-0.960282269810875],[114.106947208447,-0.96018518619735],[114.106925391793,-0.960106768912226],[114.106920198209,-0.960088100785185],[114.10689318887,-0.95999101627234],[114.10696760687,-0.959921391658838],[114.107034769139,-0.959842147896779],[114.107091496575,-0.959758110748169],[114.107139999711,-0.959669677713407],[114.10718248998,-0.959577248091477],[114.10719880638,-0.959476040187042],[114.107181695879,-0.959368206977103],[114.10715522973,-0.95925864886749],[114.107143487282,-0.959152274357905],[114.107170541587,-0.959053982055593],[114.107229632442,-0.958964682973715],[114.107296416996,-0.958883648661413],[114.107370781936,-0.95880962636312],[114.107452603155,-0.958741360625254],[114.107541766439,-0.95867759959151],[114.107630256132,-0.958620332562248],[114.107714742941,-0.95857058386531],[114.107808306608,-0.958523337981603],[114.10790124075,-0.958486380342151],[114.10799903213,-0.958458963610212],[114.108089133407,-0.958442595949009],[114.108179378576,-0.958432314899369],[114.10826965612,-0.958426912671825],[114.108359853624,-0.958425182376232],[114.108449857775,-0.958425915323687],[114.108544102229,-0.958433459736341],[114.108638290924,-0.958448872317547],[114.108732432856,-0.958466234628986],[114.108826542411,-0.958479632728825],[114.10888024093,-0.958481640914954],[114.108920626786,-0.958483149977326],[114.109037242775,-0.958471740278526],[114.10915217883,-0.958447142921273],[114.109265506898,-0.958411109784834],[114.109377299823,-0.958365373862875],[114.109487635846,-0.958311681638747],[114.109580343358,-0.958251783193191],[114.109663595399,-0.958181161231551],[114.109743474082,-0.958108041852597],[114.109826059725,-0.958040649356462],[114.109917432643,-0.957987214338402],[114.110005764954,-0.957951301711148],[114.110095996633,-0.957919567334102],[114.110186977447,-0.95788933572419],[114.110277552667,-0.957857936794312],[114.110366575657,-0.957822695061282],[114.110449895147,-0.957787149357387],[114.110532990705,-0.957751240327411],[114.110615017869,-0.957713012845204],[114.110695132175,-0.957670520777867],[114.110772481965,-0.957621812596528],[114.110851533272,-0.957562853043214],[114.110926317296,-0.957499842044001],[114.110998154242,-0.957433822812618],[114.111068366112,-0.957365837663247],[114.11113827671,-0.957296927111429],[114.11121245639,-0.957223246555543],[114.111285370723,-0.957148992232135],[114.111357035899,-0.95707366771552],[114.111427463607,-0.956996776579899],[114.111496667337,-0.956917822399532],[114.111559869892,-0.956838766595752],[114.111617859077,-0.956756369810591],[114.111671416403,-0.956671151852106],[114.111721326978,-0.956583644219734],[114.111768381306,-0.956494367620905],[114.111806492775,-0.956403231224101],[114.111834723394,-0.956307942657361],[114.111858800943,-0.956211157618782],[114.111884458601,-0.956115537202209],[114.111917425948,-0.95602373260914],[114.111966394933,-0.955940825908328],[114.112029535435,-0.955865085904918],[114.112096102353,-0.955790525812063],[114.112155361381,-0.955711153446941],[114.112196572814,-0.955620975727413],[114.112219981267,-0.95552219869046],[114.112233856907,-0.955423258876237],[114.112240449837,-0.955324248015586],[114.112242010161,-0.955225264134583],[114.11224079068,-0.955126397165429],[114.112233862303,-0.955035577329966],[114.112220132353,-0.954944758393822],[114.112205046226,-0.954853949350252],[114.112194053813,-0.954763160991035],[114.112192606803,-0.954672401410164],[114.112201521783,-0.954579344960734],[114.112218287844,-0.954486614965276],[114.112243693692,-0.954395654835537],[114.11227852983,-0.954307901688253],[114.112323588563,-0.954224791740671],[114.11237645431,-0.954142611692134],[114.11243007279,-0.954062084597467],[114.112483898114,-0.95398236689266],[114.112537384393,-0.953902600624474],[114.112589989337,-0.953821933235588],[114.112640918843,-0.953741164223288],[114.112691372609,-0.953660057065917],[114.112741979259,-0.953579038042108],[114.112793362923,-0.953498536128507],[114.112846154926,-0.95341897490573],[114.112901694358,-0.953337683387304],[114.1129574856,-0.953256574431293],[114.113013436021,-0.953175568897336],[114.113069437704,-0.953094602034184],[114.113125392623,-0.953013597399547],[114.113183928596,-0.952927245395983],[114.113241823351,-0.952840441932779],[114.113300178561,-0.952753967621447],[114.113360102187,-0.952668595878947],[114.113422693203,-0.952585101920874],[114.113481921653,-0.952515807358566],[114.113545749237,-0.952450741408541],[114.113612174962,-0.952388064057857],[114.113679211327,-0.952325939790228],[114.113744859138,-0.952262526794129],[114.113817661056,-0.95219745275017],[114.113895286938,-0.952135552413779],[114.113970279605,-0.952071877714957],[114.114035191771,-0.95200149407367],[114.114082571653,-0.951919454319295],[114.11411016825,-0.951851076166179],[114.114137764846,-0.951782698912382],[114.114165362342,-0.951714320759265],[114.114192958938,-0.951645942606092],[114.114220556434,-0.951577567150935],[114.114259738996,-0.95147878471812],[114.114298923357,-0.951380003184568],[114.114338106818,-0.951281220751696],[114.114377291179,-0.951182439218144],[114.114416474641,-0.951083656785272],[114.114458275129,-0.950992520388468],[114.114511265882,-0.950904775335061],[114.114575283223,-0.950825551358037],[114.11465015628,-0.950759979089696],[114.114735717779,-0.950713190061606],[114.114829059314,-0.950676605640808],[114.114922419734,-0.950640148024377],[114.115015795443,-0.950603768648932],[114.115109178346,-0.950567423447808],[114.115202557652,-0.950531060260175],[114.115297484691,-0.95049422672713],[114.115392446804,-0.950457553273395],[114.115487409816,-0.950420837551576],[114.115582342251,-0.950383886207362],[114.115677209935,-0.950346497792566],[114.115808909354,-0.950330107648313],[114.115904593622,-0.950336008999557],[114.11600027879,-0.950341907652842],[114.116095963958,-0.950347807205503],[114.116191649125,-0.950353706758108],[114.116283753193,-0.950356523434778],[114.116375958884,-0.950355164559141],[114.116468211339,-0.950351959375382],[114.116560470989,-0.950349231731593],[114.116652686572,-0.950349306375358],[114.116758328134,-0.950353357821143],[114.116863806919,-0.950360300587363],[114.116969130121,-0.950370061828835],[114.117074295043,-0.950382563304629],[114.117179298986,-0.950397728572284],[114.117283585269,-0.950417480382384],[114.117386698837,-0.950442105618606],[114.117489187376,-0.950469155427129],[114.117591586882,-0.95049616566547],[114.117694450439,-0.950520686580376],[114.11779767822,-0.950542825191178],[114.117902199227,-0.950562743375883],[114.118007239143,-0.950577459881799],[114.118112017356,-0.950583979067346],[114.118215761348,-0.950579316082496],[114.118309132561,-0.950555205258468],[114.118395202177,-0.950508081682585],[114.118474813762,-0.950443850303429],[114.118548816275,-0.950368424163401],[114.118618059576,-0.950287708211135],[114.118680229709,-0.950207453611029],[114.118735771838,-0.950126258320097],[114.118786080813,-0.950043657388846],[114.118832548783,-0.949959182270391],[114.118852123427,-0.949920580670209],[114.118876569698,-0.949872368914669],[114.11891108298,-0.949787775085724],[114.118937557223,-0.949700294433001],[114.118961909964,-0.949611823626697],[114.118990057845,-0.949524260236387],[114.119027913907,-0.949439501831478],[114.119077015992,-0.949354682272713],[114.119133088721,-0.949273635369934],[114.119197240061,-0.949201060980158],[114.119270583371,-0.949141656262384],[114.119354223019,-0.949100120174364],[114.119443194748,-0.949070286964115],[114.11953242728,-0.949042051849176],[114.119621733556,-0.94901460274167],[114.119710934612,-0.948987129352474],[114.119799846086,-0.948958813298532],[114.119906037134,-0.94892341508347],[114.120012149941,-0.948887175102982],[114.120118251057,-0.948850799324873],[114.120224407031,-0.948814984723697],[114.120330687112,-0.948780439965276],[114.120418668687,-0.9487640129488],[114.120509235813,-0.948766079590825],[114.120644524425,-0.948717777003765],[114.120722900342,-0.948660972226037],[114.120801276258,-0.948604167448309],[114.120879653074,-0.948547360871942],[114.12095802899,-0.948490555194894],[114.121029089821,-0.948428849112076],[114.121090775219,-0.948357054434439],[114.121145784051,-0.948278490559858],[114.12119681698,-0.948196490375665],[114.121246577368,-0.948114365185745],[114.121290156715,-0.94803374096432],[114.121327155724,-0.947950009585213],[114.1213620746,-0.947865190026448],[114.121399417149,-0.947781289574834],[114.121443686277,-0.94770032990624],[114.121500861576,-0.947616624607519],[114.121563896856,-0.947538059833562],[114.121632063669,-0.947464077105451],[114.121704633562,-0.947394115246198],[114.12178088438,-0.947327613078812],[114.121862955611,-0.947274201443179],[114.12195292109,-0.947235270691124],[114.122046032399,-0.947201182788319],[114.122137543813,-0.947162293405086],[114.122222711409,-0.947108954614521],[114.122298478392,-0.947042894913636],[114.122366462642,-0.946971153296033],[114.122426722615,-0.946893820593289],[114.12247931227,-0.946810987636923],[114.122524282869,-0.946722746157775],[114.122547545633,-0.946622397105898],[114.122543534656,-0.946515769886844],[114.122531400104,-0.946407821563639],[114.122530292139,-0.946303521790071],[114.122559358228,-0.946207824031831],[114.122605659823,-0.946130120808391],[114.122655288911,-0.946054467139902],[114.122707543119,-0.945980505096202],[114.122761718279,-0.945907875847752],[114.12281711202,-0.945836216068471],[114.122893986968,-0.945759737721687],[114.122984208754,-0.945690523199062],[114.123071264927,-0.94562076008998],[114.123138650229,-0.945542633285868],[114.123169851308,-0.945448332174749],[114.123175336273,-0.945372634439479],[114.123180820339,-0.94529693670421],[114.123186304404,-0.945221238968941],[114.123191787571,-0.945145542132991],[114.123197271637,-0.945069844397779],[114.124532490582,-0.944580855122297],[114.125240443192,-0.942431729940324],[114.125241707639,-0.94233432526886],[114.125242972985,-0.942236919698018],[114.125244238331,-0.942139514127234],[114.125245502778,-0.942042108556393],[114.125246768124,-0.941944703884928],[114.125227993877,-0.941846405287322],[114.125180272252,-0.941754606989491],[114.125120502409,-0.941665414926888],[114.125065588007,-0.941574934135872],[114.125032430003,-0.941479270551838],[114.125027107815,-0.94138719886007],[114.125035546154,-0.94129327816222],[114.125048782375,-0.941198515698886],[114.125057857434,-0.941103924106756],[114.125053818579,-0.941010509727221],[114.125037244973,-0.940907236080022],[114.125015975107,-0.94080507039763],[114.124986998052,-0.940704483924719],[114.12494731097,-0.940605961395931],[114.124893907428,-0.940509973156679],[114.124833161821,-0.940425799311129],[114.124767546385,-0.940350674444005],[114.124697869611,-0.940281942857325],[114.124624947184,-0.940216951551008],[114.124549589392,-0.940153043028488],[114.124467547839,-0.940092890074766],[114.124380873878,-0.940040732094076],[114.124292713338,-0.93999027922797],[114.124206211148,-0.939935241618059],[114.124124512237,-0.939869325808672],[114.124049272256,-0.939791321312384],[114.123983831289,-0.939707180741777],[114.123929433996,-0.939617211664938],[114.123887316946,-0.939521721650067],[114.123858723901,-0.939421020064003],[114.123843358085,-0.93932652739727],[114.12383626783,-0.939230833236309],[114.123837724731,-0.939134977197398],[114.123848002184,-0.939039994400162],[114.123867370883,-0.938946916367058],[114.123894348745,-0.938843768624963],[114.123921326608,-0.938740619084228],[114.12394830537,-0.93863747134219],[114.123975283233,-0.938534321801455],[114.123991295662,-0.938424112582709],[114.124071590731,-0.938472554564669],[114.124230028793,-0.938571433225036],[114.124352494872,-0.938706282069234],[114.124453274699,-0.938855940049564],[114.124502631291,-0.938931528067542],[114.124613129193,-0.939087332014708],[114.124732737226,-0.939247863697915],[114.124796268033,-0.939327138036958],[114.124864290954,-0.939405950124467],[114.125029374106,-0.939543196561203],[114.125124927074,-0.939588415373009],[114.125304090911,-0.939579080410169],[114.125383567598,-0.939527623900688],[114.12562022959,-0.939358227600053],[114.125698479601,-0.939300198845046],[114.125840996065,-0.939182953330601],[114.125987136797,-0.939066502816786],[114.126072498647,-0.939013260253716],[114.126369760556,-0.938953144172217],[114.126385576034,-0.938949945283696],[114.126490948698,-0.93895782964006],[114.126669224006,-0.938975834966755],[114.126742738187,-0.938983027744484],[114.126889539021,-0.939000205694867],[114.127358223403,-0.939111531871674],[114.127457125446,-0.939136570796052],[114.12754910181,-0.939163841837797],[114.127641966703,-0.939194283889037],[114.127735035743,-0.939220193357187],[114.127827630841,-0.939233861253626],[114.127912816423,-0.939204004661065],[114.127988170618,-0.939177596069158],[114.128013578264,-0.939081497213294],[114.127985774824,-0.938836644195703],[114.12795879876,-0.93873073373635],[114.127860510954,-0.938560993894725],[114.127753298276,-0.938389190108978],[114.127738867755,-0.938296198410796],[114.127746352812,-0.938205335407872],[114.127764882443,-0.938023039231837],[114.127775147305,-0.937931835385825],[114.127785558757,-0.937840740357842],[114.127814283103,-0.937652146229539],[114.127829677697,-0.937558044767911],[114.127841852719,-0.937464064714788],[114.127824413066,-0.937286701320147],[114.127760475765,-0.937220010295164],[114.127671693794,-0.937165261367682],[114.12757368208,-0.93711757481617],[114.127393862637,-0.937044659583307],[114.127297744895,-0.937041570412077],[114.127105931194,-0.937037770776442],[114.127022335612,-0.937001761921749],[114.126957625794,-0.936927345720392],[114.126903102596,-0.936716997891097],[114.126921836374,-0.936617058930096],[114.126976927943,-0.936544602351489],[114.127075223843,-0.936475233145472],[114.127173520642,-0.936405864838719],[114.12727181744,-0.936336497431341],[114.12737011334,-0.936267129124644],[114.127699963982,-0.936137953203911],[114.127869402551,-0.936058995426265],[114.12816718157,-0.935805444165851],[114.128301535787,-0.93565129856853],[114.128703010236,-0.935317939671108],[114.129068208731,-0.935174724433921],[114.129341618821,-0.935122953161738],[114.129733234002,-0.934833223974067],[114.129824716637,-0.93467327505158],[114.129945589118,-0.934428952633994],[114.130185270134,-0.934116657657569],[114.130412105235,-0.933922837568844],[114.130582561836,-0.933832692224939],[114.130966045347,-0.933736338860911],[114.131253852683,-0.933703598142472],[114.131437198368,-0.933675227229912],[114.131716783203,-0.933675456557012],[114.132080835962,-0.933565434397224],[114.13216271114,-0.933501684155374],[114.132407318643,-0.933309999057144],[114.132568546401,-0.933184027420907],[114.132727881087,-0.93305979957006],[114.132807514255,-0.932997635732249],[114.133025553087,-0.932812611013162],[114.133305115439,-0.932558646064592],[114.133382014668,-0.932494978560385],[114.133536121595,-0.932368014971871],[114.133613267239,-0.932304647841192],[114.133760327078,-0.932185043404957],[114.133907716968,-0.932065811288112],[114.134058711341,-0.931940701202336],[114.134207128256,-0.93180257612795],[114.134276253746,-0.931728522353353],[114.134404903564,-0.931565522031178],[114.134467614189,-0.93147974379508],[114.134529696189,-0.931393587843729],[114.134898625072,-0.931230180128637],[114.134993687009,-0.931134724288029],[114.135120412277,-0.93103929542707],[114.135278799077,-0.930943891747177],[114.135469154978,-0.930466382317661],[114.13556442286,-0.930116171923771],[114.135596265156,-0.929893285746516],[114.135596355088,-0.929781821973449],[114.135596572724,-0.929511153916565],[114.135596702226,-0.929351933444934],[114.135501893897,-0.929128944744946],[114.135470387948,-0.928937853199329],[114.135470670335,-0.928587564564396],[114.135502509933,-0.92836468018578],[114.135651938586,-0.927909718558624],[114.135734598873,-0.927858277337577],[114.135817099979,-0.927806623876563],[114.135899602884,-0.927754768967361],[114.135986078994,-0.927699564982902],[114.136071966048,-0.927643806116691],[114.13615797541,-0.927587997787839],[114.136244819343,-0.927532647213866],[114.136333217304,-0.927478260713087],[114.136429155181,-0.927431784649116],[114.136531048369,-0.927400863259209],[114.136636740293,-0.927381943321961],[114.136744075279,-0.927371477911322],[114.13685089945,-0.927365915604469],[114.136944864214,-0.927362778769179],[114.137038894629,-0.927361153694221],[114.137132928642,-0.927361302082375],[114.137226896104,-0.927363473045773],[114.137320734065,-0.927367924689918],[114.13741323923,-0.927373440232031],[114.137505722811,-0.927379402737188],[114.137598128151,-0.927386759191563],[114.137690391398,-0.927396449386606],[114.137782458594,-0.927409414013198],[114.137880416348,-0.927426491239544],[114.137977774255,-0.927445493015057],[114.138074717574,-0.927465947195685],[114.138171433365,-0.927487374442705],[114.13826810419,-0.927509296316941],[114.138375476047,-0.92753771579288],[114.138481951281,-0.92757056622861],[114.138588415723,-0.927603056935482],[114.138695765997,-0.927630399023656],[114.138804886137,-0.92764780180454],[114.13890557783,-0.927657697045049],[114.139006270423,-0.927667592285502],[114.139106962117,-0.927677488425331],[114.139364600796,-0.928001039316484],[114.139415913414,-0.92808829603797],[114.139467226032,-0.928175552759512],[114.13951853775,-0.928262810380375],[114.139569850368,-0.92835006620254],[114.139636980262,-0.928429749733141],[114.139726382766,-0.928488927821718],[114.139829996357,-0.928529747150037],[114.139939754116,-0.928554349003946],[114.140047593622,-0.928564879165776],[114.140153514873,-0.928566768641417],[114.140259717612,-0.928564248741054],[114.140365960821,-0.928557843769454],[114.140472000782,-0.928548084326565],[114.140577600076,-0.928535491119987],[114.14069025635,-0.928520656802846],[114.140802623043,-0.928504828734788],[114.140914673174,-0.928486577893182],[114.141026386059,-0.928464476154602],[114.14113773292,-0.928437093596926],[114.141230969234,-0.928408372848082],[114.14132176119,-0.928373475555418],[114.141409254434,-0.928331786582646],[114.141492597306,-0.928282685397562],[114.141570937249,-0.928225555065239],[114.141650198098,-0.928160409974907],[114.141728415734,-0.928094690217733],[114.141805854557,-0.928028412880906],[114.141882776269,-0.927961595051499],[114.141959444373,-0.927894251118744],[114.142035074659,-0.927826590624591],[114.142110105997,-0.927758316792847],[114.142185113053,-0.927690016880717],[114.142260674091,-0.927622286239455],[114.142337363778,-0.927555710327738],[114.142407734829,-0.927498594384588],[114.142480237273,-0.927444360768561],[114.142554424147,-0.927392412329937],[114.142629849388,-0.927342149220749],[114.142706067831,-0.927292971593317],[114.142796039606,-0.92723621088237],[114.142886518598,-0.927180574323984],[114.142977610029,-0.927126075408012],[114.143069411924,-0.92707272762425],[114.143162032202,-0.927020547160453],[114.143243088997,-0.926976499266004],[114.143324670997,-0.92693373740201],[114.143406735033,-0.926891966590915],[114.143489247831,-0.926850901747684],[114.143572166222,-0.926810252391192],[114.143658534414,-0.926769547276763],[114.1437453082,-0.926731363861279],[114.143833130595,-0.926695199423875],[114.143922649111,-0.926660550344081],[114.144014504066,-0.92662690940432],[114.144103493781,-0.926599564618186],[114.144192882795,-0.926579507038582],[114.144282508331,-0.92656462865466],[114.144372197719,-0.926552820556196],[114.14446178998,-0.926541972933649],[114.144553385031,-0.92652841565382],[114.144645597017,-0.926517630983824],[114.144735262123,-0.926520575364236],[114.144737769433,-0.926520657202502],[114.144825831047,-0.926452432833457],[114.144881958636,-0.926377912310784],[114.144938087123,-0.926303393586693],[114.144994214711,-0.926228873963339],[114.145050343199,-0.926154355239248],[114.145094783198,-0.92607416179311],[114.145124357403,-0.925985088441053],[114.145149717386,-0.925893648073327],[114.145181512917,-0.925806352680979],[114.145230395566,-0.925729718751484],[114.145293247386,-0.925658682202368],[114.145356227808,-0.925587873181769],[114.145419302659,-0.92551722334116],[114.145482433268,-0.925446663432751],[114.145545581863,-0.925376125108016],[114.145612024675,-0.925302101910404],[114.145678550225,-0.925228255879233],[114.14574509466,-0.925154417941997],[114.145811602224,-0.925080422623353],[114.145878015358,-0.925006099052155],[114.145937010884,-0.924933179322693],[114.145988890075,-0.924853723320609],[114.146030864133,-0.924768970311675],[114.146060146958,-0.924680157763021],[114.146073950652,-0.924588524041098],[114.146078833072,-0.924500481312123],[114.146083714592,-0.924412437683827],[114.146088597011,-0.924324394954795],[114.146093479431,-0.924236352225819],[114.146098360051,-0.924148310396163],[114.14717429186,-0.923492805348644],[114.147229406812,-0.923449493998874],[114.147284522663,-0.923406184447799],[114.147339639413,-0.923362873997405],[114.147394754364,-0.923319564446274],[114.147449870215,-0.92327625399588],[114.147513734671,-0.923211780699091],[114.147564566152,-0.923135444445165],[114.147608103231,-0.923052437919637],[114.147650079088,-0.922967951110024],[114.147696231396,-0.922887181198405],[114.147753580264,-0.922798996376514],[114.147810999278,-0.922710852923501],[114.147868506426,-0.92262275893313],[114.147926113399,-0.922534715304835],[114.147983837284,-0.922446725635837],[114.148039502621,-0.922363386361155],[114.148096639249,-0.922281373586486],[114.148155927954,-0.922200818612851],[114.148218054919,-0.922121850942631],[114.148283709925,-0.922044594682234],[114.148359199917,-0.921970037287338],[114.148441940243,-0.921905220449503],[114.148530045925,-0.921847192593816],[114.148621639177,-0.921793003943947],[114.148714834122,-0.921739705622883],[114.148797537576,-0.921693545220876],[114.148880579175,-0.921650828323038],[114.148964914,-0.921611901168262],[114.149051500726,-0.921577101901676],[114.149141291737,-0.921546769567726],[114.149241077814,-0.92152225135078],[114.149341829762,-0.921507768668562],[114.149443041263,-0.921501185631143],[114.149544208698,-0.921500365449447],[114.149644830245,-0.921503170434903],[114.14974785388,-0.921508150880413],[114.149850571747,-0.921517975973757],[114.149952413673,-0.921537027211969],[114.150052813986,-0.921569685192765],[114.150151203415,-0.921620324218566],[114.150241433296,-0.921684638335364],[114.150319801118,-0.921754714408507],[114.150389730602,-0.921829737652217],[114.150454644566,-0.921908895978731],[114.150517965832,-0.921991367407657],[114.150576857936,-0.922071875616496],[114.150633422594,-0.922153429736966],[114.150689144588,-0.922235360673312],[114.150745508698,-0.922317001128647],[114.150803999705,-0.922397678410107],[114.150868233782,-0.922485577247528],[114.150931560443,-0.922571129753806],[114.150999890932,-0.922653452794577],[114.15107914009,-0.922731661436956],[114.151175222758,-0.92280486984879],[114.151270809001,-0.922856097031229],[114.151366988796,-0.922886667685532],[114.151463572386,-0.922900871577895],[114.151560371814,-0.922903000273209],[114.15165720002,-0.922897337242262],[114.151753628028,-0.922883229577337],[114.151849843795,-0.922861390440744],[114.151946180972,-0.922838186133333],[114.152042976802,-0.922819984754426],[114.152140573928,-0.922813149007595],[114.15224384218,-0.922814170637423],[114.152347108632,-0.92281519406589],[114.152663543188,-0.922878071965386],[114.15265576765,-0.922773190330417],[114.152664134043,-0.922665715050641],[114.152684936261,-0.922560044710224],[114.152714468198,-0.922460573396677],[114.152751292738,-0.922379184751549],[114.152798792231,-0.922300944632866],[114.152849094011,-0.922223117302963],[114.152894332607,-0.922142958930351],[114.152926639853,-0.922057735576004],[114.152949900817,-0.921954798275294],[114.152966177647,-0.921850236798946],[114.152975182559,-0.921744972952069],[114.152976628669,-0.921639930338472],[114.152970231791,-0.92153603076315],[114.15304244825,-0.921437558596381],[114.153118048859,-0.921370354058524],[114.153193651266,-0.921303152218627],[114.153269252774,-0.921235946781451],[114.153344854282,-0.921168744941554],[114.153423113286,-0.92111492501374],[114.153510596637,-0.921076314420304],[114.153602855387,-0.921044741021944],[114.153695434297,-0.921012038075048],[114.153783885318,-0.920970031641616],[114.153873511753,-0.92091365404184],[114.153958209004,-0.920851572042352],[114.1540379384,-0.920783729885159],[114.154112669364,-0.920710061020429],[114.154182363226,-0.920630507891588],[114.154217670609,-0.920545314214849],[114.15421752402,-0.92044584829722],[114.154205632284,-0.9203416699321],[114.154205702431,-0.920242341610731],[114.154241445986,-0.92015742672379],[114.154312506817,-0.920079015733961],[114.15438928104,-0.920007367645837],[114.154470640907,-0.919941218912072],[114.154555461365,-0.919879297891214],[114.154642614665,-0.919820341035859],[114.154723685849,-0.919781507410619],[114.154810772599,-0.919756659142479],[114.154898702913,-0.919732520439425],[114.154982305689,-0.919695816408762],[114.155056411624,-0.919633266761821],[114.155114646324,-0.919548993990816],[114.155153201159,-0.919461068173689],[114.155176406366,-0.919370435397241],[114.155188597576,-0.919278038150878],[114.155194111319,-0.919184827018114],[114.155190428595,-0.919091770568684],[114.155176989127,-0.918998543248108],[114.15516100008,-0.918905313229573],[114.155149674918,-0.918812249585585],[114.155150224403,-0.918719523187406],[114.155161997428,-0.918626398389506],[114.155179011702,-0.91853386714422],[114.155200752813,-0.918441913263621],[114.155226698254,-0.918350520560011],[114.155256333613,-0.918259672845579],[114.155298957881,-0.918175542167489],[114.155356378694,-0.918097992728121],[114.155415247416,-0.918022150202034],[114.155462219006,-0.917943124075862],[114.155483944828,-0.917856032829604],[114.155487910838,-0.917746903696582],[114.155489629443,-0.917637727798876],[114.155490262566,-0.917528531216703],[114.155490966735,-0.91741933643317],[114.155492903874,-0.917310170427982],[114.155495581156,-0.917214908840947],[114.155498558811,-0.917119651750454],[114.155501951954,-0.917024409049191],[114.1555058703,-0.916929183435002],[114.155510426265,-0.916833983901199],[114.155536589342,-0.916744474377936],[114.155592198921,-0.916662999397829],[114.15565767766,-0.916584602797116],[114.155713448217,-0.916504337405172],[114.155739932352,-0.916417242561636],[114.155741596997,-0.916326468591592],[114.155736687598,-0.916233897776124],[114.15572582109,-0.916140743300616],[114.155709611709,-0.916048218350568],[114.15568867819,-0.915957537010684],[114.155663636568,-0.91586996462712],[114.155635712618,-0.915783180049687],[114.155607300337,-0.9156964269485],[114.155580793719,-0.915608950792375],[114.155558591256,-0.915519997050183],[114.155541451976,-0.915430082832017],[114.155527766993,-0.915339867340947],[114.155516532662,-0.915249464790918],[114.155506735447,-0.915159001986297],[114.15549736721,-0.915068594939669],[114.15548666168,-0.914970925867465],[114.15547838432,-0.91487257420988],[114.15547766756,-0.914774120029563],[114.155489653725,-0.914676143389272],[114.155519476143,-0.914579219855057],[114.155573428271,-0.914501983379807],[114.155649584661,-0.914446770402094],[114.155735781081,-0.914401560583485],[114.155819853304,-0.914354337182886],[114.155889632601,-0.914293071767815],[114.155951839606,-0.914215508838595],[114.156013474642,-0.914136921581644],[114.156074279604,-0.914057409821567],[114.156133997286,-0.913977067087956],[114.15619237228,-0.913895996802751],[114.15623968921,-0.913816100132863],[114.15628005618,-0.913730835409694],[114.156320861119,-0.913646123769524],[114.156369495556,-0.913567885449481],[114.15643334922,-0.913502035290662],[114.156511826759,-0.91344720632344],[114.156593824246,-0.913399414551293],[114.156677715704,-0.91335540622697],[114.156761873362,-0.913311924905372],[114.156844670345,-0.913265707846108],[114.156924318802,-0.91322125795466],[114.157004711898,-0.913178973630693],[114.157084070773,-0.913134620866003],[114.157160614771,-0.913083964753127],[114.15723256593,-0.913022764988568],[114.157287993846,-0.912942997821062],[114.1573167083,-0.912850809217446],[114.157331119935,-0.912751863107928],[114.157343642095,-0.912651818926236],[114.157366687223,-0.912556338803938],[114.157401095284,-0.912457374708026],[114.157435572594,-0.91235882430027],[114.157472606675,-0.912260964571828],[114.157514684155,-0.912164083305754],[114.157564288961,-0.912068456593943],[114.157622156737,-0.911985810696535],[114.157691890169,-0.911915770596295],[114.157771392936,-0.911856018740252],[114.157858575013,-0.911804237575438],[114.157951340982,-0.911758104153137],[114.158042495365,-0.911718774102098],[114.15813385929,-0.911686268106735],[114.158225760111,-0.911661747191829],[114.158318526079,-0.911646361590272],[114.158412479153,-0.91164127322611],[114.158505210947,-0.911645639434653],[114.158597945439,-0.911655510393416],[114.158690699716,-0.911667357162742],[114.158783498959,-0.911677647205579],[114.158876364752,-0.911682846186352],[114.158970997713,-0.911683092600583],[114.159065749385,-0.911681028656517],[114.159160564908,-0.911676966418838],[114.159255391223,-0.911671208959092],[114.159350172572,-0.911664065644061],[114.159444694017,-0.911656507741611],[114.159537370054,-0.911645151102789],[114.15962853343,-0.911623572769599],[114.159718515997,-0.911585364173163],[114.159807648704,-0.911524098758093],[114.15988731245,-0.911442741589212],[114.15999375261,-0.9112526392978],[114.160036086396,-0.91116242020945],[114.160078420183,-0.911072201121158],[114.16012075307,-0.910981982032808],[114.160163085958,-0.910891762944459],[114.160219575073,-0.910820812730265],[114.160300782056,-0.910774053379839],[114.160396104796,-0.910741077938326],[114.160494942987,-0.910711484847127],[114.160586690923,-0.910674870748664],[114.160692516846,-0.91063736272406],[114.160819314959,-0.910605979981938],[114.16093553165,-0.910571419035705],[114.161009619598,-0.910524373700866],[114.161010026991,-0.910455537792814],[114.160981700145,-0.910405565164638],[114.1609533724,-0.910355590737879],[114.160925044655,-0.91030561721044],[114.16089671691,-0.910255641884305],[114.160868390064,-0.910205669256186],[114.160870766972,-0.910147742124536],[114.160865154303,-0.910089887838012],[114.160852589875,-0.910032331227058],[114.160834124096,-0.909975292625631],[114.160810803776,-0.909918996864178],[114.160778108923,-0.909852378684263],[114.160743411279,-0.909789061016284],[114.160707892555,-0.909727431375813],[114.160672742553,-0.909665877278371],[114.16063914568,-0.909602778145654],[114.160607922118,-0.909542681849246],[114.160576418867,-0.909482860745356],[114.160546410289,-0.909422323781143],[114.16051967884,-0.909360087997641],[114.160498001582,-0.909295165939113],[114.160481954978,-0.9092204259818],[114.160473718987,-0.909144965667565],[114.160471086671,-0.909069172604177],[114.160471846599,-0.908993440694701],[114.160473790933,-0.908918161144186],[114.160474755905,-0.908877950656859],[114.160475720878,-0.908837741068851],[114.16047668585,-0.908797532380163],[114.160477650823,-0.908757321892836],[114.160478615796,-0.908717113204148],[114.160522469437,-0.907392542232003],[114.16054120861,-0.907350647314502],[114.160559949582,-0.907308752396943],[114.160578689655,-0.907266858378762],[114.160597429728,-0.907224962561941],[114.1606161707,-0.907183067644382],[114.160675895576,-0.907103438972456],[114.160763788118,-0.907049130712778],[114.160869157186,-0.907014802690924],[114.160981317934,-0.90699512012867],[114.16108958012,-0.906984739254256],[114.16118572664,-0.906977711951811],[114.161281874059,-0.906970686447949],[114.16137801968,-0.906963660044823],[114.161474167099,-0.906956632742379],[114.161562447249,-0.906941518736062],[114.161523981447,-0.906880693089477],[114.161501494798,-0.906807817426795],[114.1614934,-0.906732279770836],[114.161498093562,-0.906663466345833],[114.161515133017,-0.906605280209476],[114.161542452622,-0.906547238863936],[114.161573997242,-0.906489205612274],[114.161603706346,-0.906431041059648],[114.1616255221,-0.906372604012404],[114.161642002177,-0.90630870718104],[114.161656442591,-0.906241484656732],[114.161666249698,-0.906173041752425],[114.161668832551,-0.906105482881685],[114.161661596605,-0.90604091605536],[114.161636195254,-0.905985013297652],[114.16159285063,-0.905935675590911],[114.161542854619,-0.905888298406182],[114.16149750001,-0.90583826732211],[114.161468081387,-0.905780975111838],[114.161450253227,-0.905717081877754],[114.161445345626,-0.905698260866018],[114.161433486266,-0.905652783948767],[114.161418728392,-0.905588032761443],[114.161406928387,-0.905522780651779],[114.161399033239,-0.905456974559684],[114.161393656192,-0.905391387002851],[114.161388691035,-0.905325799446018],[114.16138413507,-0.905260200198029],[114.161379978403,-0.905194585661548],[114.161376218338,-0.905128945944057],[114.161372326971,-0.905060367242129],[114.161368725187,-0.904991706701878],[114.16136635997,-0.904923024577897],[114.161366178307,-0.904854381124721],[114.161369123586,-0.904785839295016],[114.161377487281,-0.904722374138203],[114.161392479879,-0.904659960288882],[114.161412481701,-0.90459856357279],[114.161435865873,-0.904538149815721],[114.161461015414,-0.904478683944035],[114.16148694017,-0.904419342178869],[114.161513143717,-0.904360236036041],[114.161539397625,-0.904301218026717],[114.161565472569,-0.904242138863594],[114.16159113922,-0.904182852856309],[114.161618492999,-0.904118633168366],[114.161645732565,-0.904054365816307],[114.161672876802,-0.903990049900813],[114.161699938302,-0.903925688119955],[114.161726937748,-0.903861274178439],[114.161753249213,-0.903796946571788],[114.161778376271,-0.903732412121087],[114.161802404358,-0.903667332681209],[114.161825409915,-0.903601365610484],[114.161847481077,-0.903534170965145],[114.161866380329,-0.903465609350349],[114.161880086897,-0.903396465874152],[114.161889280666,-0.903326920401014],[114.161894644223,-0.903257144701399],[114.161896852958,-0.903187312344528],[114.161897009439,-0.903111882607277],[114.161895243171,-0.903036256817757],[114.161890974989,-0.90296064182013],[114.161883632923,-0.902885256149602],[114.161872638711,-0.902810306650281],[114.161858995097,-0.902735471364849],[114.161844581662,-0.902660912171314],[114.161829946995,-0.902586474386226],[114.161815635184,-0.902511998829652],[114.161802192118,-0.902437329918769],[114.161791440722,-0.902374283846086],[114.161780861997,-0.902311221585535],[114.161770527888,-0.902248105365743],[114.161760518433,-0.902184901012333],[114.161750910077,-0.902121568055861],[114.161742631817,-0.902058667673316],[114.161735998418,-0.901995618902617],[114.161730422621,-0.901932481998415],[114.16172531717,-0.901869317215187],[114.161720094807,-0.901806183008887],[114.161714195254,-0.901737213101853],[114.161709480108,-0.901668009371065],[114.161707518687,-0.901598734593904],[114.16170987581,-0.901529557842764],[114.161718118097,-0.901460639197069],[114.161737094691,-0.90139154068703],[114.161767087081,-0.901326457649873],[114.161804238974,-0.901264102256448],[114.161844700373,-0.901203187576982],[114.161884614983,-0.901142427580908],[114.161929183585,-0.901086712781535],[114.161982001668,-0.901035934360834],[114.16203419742,-0.900985441924547],[114.162038865801,-0.900979446144504],[114.162076906224,-0.900930587776372],[114.162101258067,-0.900866725119215],[114.162157567318,-0.900904016407196],[114.162219189764,-0.900919444276894],[114.16228081221,-0.900934872146593],[114.162342434656,-0.900950300016291],[114.162404057102,-0.900965727885989],[114.162451362341,-0.900946264758261],[114.162521372763,-0.900932513224859],[114.162591384984,-0.900918759892818],[114.162661396306,-0.900905008359416],[114.162731406729,-0.900891255926695],[114.162807182705,-0.900878430694945],[114.162883510865,-0.90086907864503],[114.162960203251,-0.900862428158462],[114.163037072803,-0.900857709415732],[114.163113936059,-0.900854146301754],[114.163176980333,-0.900851758601732],[114.163240036299,-0.900849764804775],[114.163303098559,-0.900847931087128],[114.163366157222,-0.900846026322995],[114.163429207792,-0.900843821185333],[114.16349901227,-0.900841047676181],[114.163568794265,-0.900838043940553],[114.163638550179,-0.900834700261157],[114.163708277315,-0.900830909618719],[114.163777969378,-0.900826564993906],[114.163847170411,-0.900819075439927],[114.163915625006,-0.900807341085851],[114.163983686598,-0.90079347623788],[114.164051704123,-0.900779597900055],[114.164120030115,-0.900767826673814],[114.16418486494,-0.900761663619846],[114.164250529838,-0.900759665326234],[114.164316361111,-0.900758449442833],[114.164381705851,-0.900754639015304],[114.164445903955,-0.900744858888061],[114.164512461881,-0.900723302138658],[114.164575269633,-0.90069238524535],[114.164636407344,-0.900657287403817],[114.164697956945,-0.900623193205774],[114.164762003064,-0.900595288141972],[114.164820814229,-0.900574018276302],[114.164879723421,-0.900552680062106],[114.164939147024,-0.900533161176384],[114.164999493332,-0.900517353792793],[114.165061176932,-0.900507148286238],[114.165096100305,-0.900503362140398],[114.165131021879,-0.900499576893935],[114.165165945252,-0.900495790748096],[114.165200867726,-0.900492004602256],[114.1652357902,-0.900488219355793],[114.166741303868,-0.899903547610563],[114.170823641398,-0.89658002115101],[114.170823938174,-0.89619334684545],[114.170824119837,-0.895956609310019],[114.170887150622,-0.895617332873542],[114.170895359633,-0.895143857802736],[114.17089558986,-0.894843990557661],[114.170731145226,-0.894417730793577],[114.170486198679,-0.894189722077954],[114.170423008715,-0.894172754568899],[114.170360905132,-0.894142280142091],[114.170154665406,-0.89400401297479],[114.170034871212,-0.893917857023439],[114.170003650348,-0.893895427931625],[114.169972428585,-0.893872999739074],[114.169910003044,-0.893828126266953],[114.169816351244,-0.893760886655571],[114.16975846638,-0.893721006219437],[114.169704686922,-0.893687457909834],[114.169623540194,-0.89363858695117],[114.169570824634,-0.893601527688304],[114.16949818909,-0.893525376694754],[114.169449026751,-0.893424129220136],[114.169440564131,-0.893387105930174],[114.169417046859,-0.893275264441854],[114.169395854335,-0.89320297963377],[114.169382448142,-0.893167575123471],[114.169355730183,-0.893096772398053],[114.169328674978,-0.893026100973714],[114.169300239315,-0.892955801868709],[114.169269379079,-0.892886114302712],[114.169235442262,-0.892821912601164],[114.169217671658,-0.892792371670566],[114.169149890655,-0.892714807842083],[114.16907274681,-0.892644782130958],[114.168927392985,-0.892528310033413],[114.168737161191,-0.892399844577142],[114.168371905139,-0.89222148923028],[114.168417716604,-0.892187663929519],[114.168454977315,-0.892133372756916],[114.16848745723,-0.892069634206223],[114.168521355376,-0.892006465825716],[114.168611661699,-0.891911203339305],[114.16868839995,-0.891849221164591],[114.168688476392,-0.891849160010679],[114.168813930019,-0.891740835770918],[114.168890036946,-0.891660920215259],[114.168962263298,-0.891576132132741],[114.169040704865,-0.891572883781521],[114.169119146432,-0.89156963812826],[114.169158366765,-0.891568014851941],[114.169197587998,-0.89156639157568],[114.169236809231,-0.891564768299361],[114.169276029565,-0.891563145023099],[114.169315250798,-0.89156152174678],[114.169427159736,-0.891557787761656],[114.169499876218,-0.891557529656211],[114.169608963083,-0.891561071186459],[114.169609029633,-0.891561074783738],[114.169681682264,-0.891565846586502],[114.169812877163,-0.891586924896615],[114.169904761795,-0.891618108888565],[114.169963571162,-0.891646345802144],[114.170053616681,-0.891701290781896],[114.170183885278,-0.891792134899049],[114.17021585258,-0.891815286146482],[114.170475813308,-0.891990583798361],[114.17067570472,-0.89211032223352],[114.170735970089,-0.892138483604072],[114.170801590021,-0.892156827975157],[114.170869535601,-0.892164207811902],[114.170936776111,-0.892159474679943],[114.171000281738,-0.892141475648543],[114.17106628658,-0.892108107203342],[114.171126639183,-0.89206522303158],[114.171180983416,-0.892013637919035],[114.171228964046,-0.891954156758857],[114.171270229438,-0.891887588041698],[114.171302018673,-0.891823219066282],[114.171327846303,-0.891758738574879],[114.171348036083,-0.891693696007223],[114.171362916266,-0.891627636306339],[114.171372815103,-0.891560106213888],[114.171378113909,-0.891488488702748],[114.171379953922,-0.891416622079419],[114.1713807786,-0.891344760852007],[114.171383031402,-0.891273167622558],[114.171389156684,-0.891202104093793],[114.171399989918,-0.891138415005798],[114.171414481593,-0.891075065861571],[114.171429701719,-0.891011739200337],[114.171442724802,-0.890948120259509],[114.171450621749,-0.890883896974231],[114.17145253011,-0.890818481187921],[114.171450758446,-0.89075295658364],[114.171447273573,-0.890687375322045],[114.171444051302,-0.890621784167934],[114.171443062048,-0.890556237979979],[114.17144327159,-0.890478316221277],[114.171443875934,-0.890400442126634],[114.171447615315,-0.890322675950699],[114.17145723986,-0.890245077947952],[114.171475495198,-0.890167706574346],[114.171503341806,-0.890096209572391],[114.171539540417,-0.89003005903993],[114.171581291444,-0.889967393380459],[114.171625798892,-0.88990635279589],[114.171670268568,-0.889845082884221],[114.171715806639,-0.889787500192938],[114.171765344895,-0.889733038149132],[114.171814824694,-0.889678784748071],[114.171860200888,-0.88962182978355],[114.17189742023,-0.889559263948797],[114.171923904365,-0.889495166568622],[114.171944952997,-0.889429177014847],[114.171963285677,-0.889362225186517],[114.17198162825,-0.889295243680522],[114.172002700264,-0.88922916059721],[114.17202607994,-0.889157668991174],[114.172048181678,-0.889085633295281],[114.172072741264,-0.889014630021109],[114.172103491783,-0.888946229384942],[114.172144169918,-0.888882008797623],[114.172194942043,-0.888826213958566],[114.172251996832,-0.888778531004334],[114.172312160578,-0.88873494805938],[114.172372252378,-0.88869145234861],[114.172429094927,-0.88864403469438],[114.172476059323,-0.88860019724126],[114.172523063289,-0.888556357090181],[114.172569911672,-0.888512313692274],[114.172616419212,-0.888467871894704],[114.172662390757,-0.888422827551381],[114.172707944116,-0.888376797551132],[114.172752852662,-0.888330217165731],[114.172797319641,-0.888283216796992],[114.1728415474,-0.888235934940383],[114.17288573289,-0.888188510091595],[114.172930979581,-0.888139256021816],[114.172975138992,-0.888089308574706],[114.173018042049,-0.888038206398051],[114.173059518782,-0.887985488139691],[114.173099398319,-0.88793069064883],[114.173143870693,-0.887860163115988],[114.173181876942,-0.887786577888221],[114.173214185087,-0.88771049973974],[114.173241558651,-0.887632488948157],[114.173264768354,-0.887553104891822],[114.173282706232,-0.887481957726095],[114.17329921059,-0.887410540763824],[114.173315285972,-0.88733907613738],[114.173331927027,-0.887267777885597],[114.173350139198,-0.887196871738183],[114.173368471878,-0.88713062587766],[114.173387174179,-0.887064461855402],[114.173406213726,-0.886998393161264],[114.173425559942,-0.886932430587137],[114.173445184947,-0.886866581327638],[114.173468367671,-0.886799265273851],[114.173495054153,-0.886733212767524],[114.173522480778,-0.886667340125598],[114.173547888424,-0.886600561866373],[114.173568510778,-0.886531794306791],[114.173645954098,-0.886496702760553],[114.1737222256,-0.886466219340491],[114.173798498002,-0.886435735021109],[114.173874771304,-0.886405250701728],[114.173951042806,-0.886374768180985],[114.174010531161,-0.886345972788376],[114.174066934841,-0.886310924409599],[114.174121813271,-0.886272828228414],[114.174176722278,-0.886234889428579],[114.174233226682,-0.886200314093173],[114.174294105389,-0.886170696720228],[114.174357188334,-0.886145060645958],[114.174420855838,-0.886120412027367],[114.174483492719,-0.886093760618508],[114.174543481097,-0.886062117972301],[114.174600963963,-0.886020888553105],[114.174653904354,-0.885973198404315],[114.174705058692,-0.885922999147056],[114.174757188793,-0.885874251395535],[114.174813050182,-0.885830905871558],[114.174882420288,-0.885787661970994],[114.174953912793,-0.885747445188372],[114.175026113065,-0.885708086359045],[114.175097609167,-0.885667412720863],[114.175166983769,-0.885623255109067],[114.175226839947,-0.885580370937305],[114.175284930755,-0.885535610779755],[114.17534184525,-0.885489182379843],[114.175398173387,-0.885441290782921],[114.175454507819,-0.885392148229016],[114.175513427802,-0.885342432806965],[114.17557281903,-0.885291477219823],[114.175626652448,-0.885237098813036],[114.175668890007,-0.885177108636583],[114.175740368124,-0.885152292744067],[114.17581367636,-0.885124173641657],[114.175886983697,-0.885096055438567],[114.175960291934,-0.885067937235476],[114.176033600171,-0.885039818133066],[114.176096931328,-0.88501886482868],[114.176161918138,-0.885003206732563],[114.176228035396,-0.884991933730703],[114.176294759695,-0.88498413480994],[114.17636157033,-0.884978893561026],[114.176428160631,-0.884975344836221],[114.176494752731,-0.884972986813864],[114.176561343931,-0.884971482248034],[114.176627935131,-0.884970486698535],[114.17669452813,-0.884969662020239],[114.176762124772,-0.884967777940574],[114.176829724113,-0.884965402831028],[114.176897322553,-0.884964844352055],[114.176964915598,-0.884968411063255],[114.177032498751,-0.884978415121736],[114.17710743566,-0.885000147238941],[114.177178462316,-0.885031026360707],[114.177247043716,-0.885067636861891],[114.177314647553,-0.885106567613946],[114.177382738822,-0.885144406589063],[114.177442101272,-0.885177665316974],[114.177500038296,-0.885212745171998],[114.177557950139,-0.885248036367727],[114.177617236147,-0.885281926419736],[114.177679296562,-0.885312800145584],[114.177744846348,-0.885338388555738],[114.177811746915,-0.885357341767872],[114.177879655622,-0.885370562701269],[114.177948229827,-0.885378964167842],[114.178017132285,-0.885383450885513],[114.178093426271,-0.885385091248907],[114.178169749934,-0.885384653279061],[114.178246078993,-0.885383514737384],[114.17832238557,-0.885383054284489],[114.17839864718,-0.885384646983823],[114.178482679832,-0.885388610296104],[114.178566661222,-0.885393641103633],[114.178650608439,-0.885399651272849],[114.178734540367,-0.885406550871551],[114.178770474578,-0.885374901930106],[114.178888348718,-0.885245955336529],[114.178937232268,-0.885204376980369],[114.178993328379,-0.885171639859266],[114.179052439918,-0.885141739199867],[114.179110366151,-0.885108671128251],[114.179162907242,-0.885066433569023],[114.179213030957,-0.885010646823844],[114.179256365689,-0.884950815827438],[114.179292141619,-0.884887220268979],[114.179319585331,-0.88482013713957],[114.179337926104,-0.884749847027763],[114.179346984076,-0.884678476830175],[114.179349786364,-0.884606710930939],[114.179349960832,-0.884534812831305],[114.179351143441,-0.884463045133373],[114.179356957558,-0.884391664143948],[114.179365745733,-0.884326038815573],[114.179375740798,-0.884260795699106],[114.17938835379,-0.88419591411008],[114.179404984952,-0.884131367968223],[114.179427042624,-0.884067134790371],[114.179456506213,-0.884004531184132],[114.1794937984,-0.883946720964332],[114.179538452438,-0.883895269850768],[114.179589998879,-0.883851748958989],[114.179647971876,-0.88381772310936],[114.179710699589,-0.883790196660186],[114.179773971392,-0.883765378069711],[114.179900657989,-0.883717938831751],[114.17996333444,-0.883692360314114],[114.180085174591,-0.883639707706322],[114.180145793394,-0.88361263271679],[114.18020606236,-0.883584305870954],[114.180265869075,-0.883554156099365],[114.180327108409,-0.883516640880202],[114.180383372695,-0.883472250344028],[114.180435464125,-0.883422468372146],[114.180484182199,-0.88336876985278],[114.180530330011,-0.883312637767972],[114.180569526962,-0.883256635185546],[114.180603837897,-0.883197725094874],[114.180636563327,-0.88313800201712],[114.180670996569,-0.883079567667892],[114.180710442633,-0.883024518366767],[114.180757398935,-0.882967843990741],[114.180805480289,-0.882912175956108],[114.180855255965,-0.882858107815366],[114.180907296135,-0.882806234919769],[114.180962176363,-0.882757146325218],[114.181019070174,-0.88271017833199],[114.181076521564,-0.882664321001585],[114.181134534132,-0.882619353999928],[114.181193096185,-0.882575051597314],[114.181285941293,-0.882506025932287],[114.181383317186,-0.882433627809633],[114.181449671865,-0.882386247027625],[114.181517734356,-0.882341403233113],[114.181588387794,-0.882300297920381],[114.18165306164,-0.882267362049049],[114.181718720243,-0.882236998238852],[114.181785112693,-0.882208505917788],[114.181851995273,-0.882181188111304],[114.181928591431,-0.882150749657342],[114.181985699281,-0.882128054366149],[114.182185822718,-0.882050363733242],[114.182380742677,-0.881971557041652],[114.182444493818,-0.881944323771449],[114.18250774044,-0.881915827853106],[114.182570319765,-0.881885649303229],[114.182626102912,-0.881856281941793],[114.182680806874,-0.881825125828868],[114.182734802169,-0.881792762825683],[114.182908269701,-0.881686079848635],[114.183039129153,-0.881603094906836],[114.183103829079,-0.881560303365234],[114.183168009196,-0.881516340007011],[114.183222151981,-0.881476614254325],[114.183274286579,-0.881434388386253],[114.183324261006,-0.881389668698205],[114.18337191698,-0.881342466881279],[114.183417106115,-0.88129279013009],[114.183500761051,-0.88119298426875],[114.183622685738,-0.881040835166345],[114.183664607636,-0.880986615040229],[114.183788070163,-0.880822091266452],[114.183830885987,-0.880768277633877],[114.183874936579,-0.880718365260293],[114.1839222661,-0.880671567239006],[114.183972478847,-0.880627889865195],[114.184025180917,-0.880587327742944],[114.184079979308,-0.880549879972932],[114.184405723645,-0.88034473202373],[114.184469195997,-0.880301926992274],[114.184594583074,-0.880213493957513],[114.184659061766,-0.880172537932253],[114.184726445269,-0.880136869920591],[114.185058839194,-0.879964292717887],[114.185093953223,-0.879952122192663],[114.185120401385,-0.87992615426856],[114.185146847749,-0.879900185445138],[114.185173295911,-0.879874216621772],[114.185199743174,-0.87984824869767],[114.185230642081,-0.879818475742013],[114.185262004138,-0.879789197413459],[114.185293690851,-0.879760258129352],[114.185325564623,-0.879731506803523],[114.185357486059,-0.879702793249237],[114.185392340184,-0.879671684800371],[114.185427517166,-0.879640972053153],[114.18546308895,-0.879610737745281],[114.185499126584,-0.8795810601178],[114.185535701112,-0.879552022807559],[114.185566766393,-0.879528876956044],[114.18559850077,-0.879506682587305],[114.185630505843,-0.879484866833081],[114.185662368823,-0.87946286042262],[114.185693687714,-0.879440093185679],[114.185728667744,-0.879413487642296],[114.185763458917,-0.879386648275158],[114.185798080117,-0.879359577782225],[114.185832543037,-0.879332283358167],[114.185866863865,-0.87930477039879],[114.18590325673,-0.879274998342453],[114.185939219719,-0.879244764034581],[114.185974806792,-0.879214083662987],[114.186010073706,-0.87918298061004],[114.186045080716,-0.879151469264855],[114.186086568241,-0.879112759746022],[114.186126930713,-0.879072980033982],[114.186166117772,-0.879032059082192],[114.186204074558,-0.878989920448419],[114.18624075071,-0.878946493086119],[114.186273903318,-0.878905126070663],[114.186306203369,-0.878863227555883],[114.186337660754,-0.878820759770178],[114.186368288066,-0.878777693935376],[114.186398095196,-0.878733987783278],[114.18642683573,-0.878690686326081],[114.186455352333,-0.87864726256106],[114.186483678279,-0.878603731776764],[114.18651185314,-0.87856011016089],[114.186539913786,-0.87851641030403],[114.186569050022,-0.878469500766812],[114.186597342693,-0.878422073220065],[114.186625502265,-0.878374543150585],[114.186654235605,-0.878327333239781],[114.186681269225,-0.878285480590421],[114.186684258572,-0.878280852679154],[114.186710063719,-0.87824503178274],[114.186737736757,-0.878210724445353],[114.186766730001,-0.878177475609959],[114.186796496661,-0.878144833816975],[114.186826489051,-0.878112342210784],[114.186860388996,-0.878075177727226],[114.186894352792,-0.878038146343329],[114.186928913738,-0.878001781357057],[114.186964599737,-0.87796661786507],[114.187001942286,-0.877933194561251],[114.187041337088,-0.877900482621101],[114.187081093418,-0.877868270704084],[114.187121010726,-0.877836292610766],[114.18716089386,-0.877804279443922],[114.187200542271,-0.877771956910237],[114.187242980379,-0.877736823095859],[114.187285316864,-0.877701557980458],[114.187327559819,-0.877666181349127],[114.187369720037,-0.877630716584235],[114.187411811006,-0.877595186168833],[114.187454860653,-0.877555464013426],[114.187495313958,-0.877513171595524],[114.187534842759,-0.877469720850911],[114.187575117098,-0.877426518319112],[114.187617807916,-0.877384975036534],[114.187652565813,-0.877355119343235],[114.187689176315,-0.877327717899789],[114.187727788707,-0.877304029757113],[114.187768551378,-0.877285306771455],[114.187811613615,-0.877272800799062],[114.187857999747,-0.87726615301051],[114.187904641286,-0.877263518896257],[114.187951384449,-0.877262757170456],[114.187998079048,-0.877261715755537],[114.188044574897,-0.877258247070415],[114.188087974381,-0.877254323328316],[114.188131506064,-0.877251104654704],[114.18817482281,-0.877246342744456],[114.188217574781,-0.877237782097893],[114.188259419337,-0.877223169013973],[114.188309096987,-0.877198334235686],[114.188355874324,-0.877170349132257],[114.18840075589,-0.877140183172855],[114.18844475702,-0.877108816618545],[114.188488887652,-0.877077225233734],[114.188534396046,-0.877045114940074],[114.188579811809,-0.877012963277593],[114.188625144835,-0.876980721682912],[114.188670399619,-0.876948357780464],[114.188715585156,-0.87691582660409],[114.188753451111,-0.876888167055199],[114.188790950142,-0.876860120797915],[114.188828111029,-0.876831597899866],[114.188864956253,-0.876802503033048],[114.188901513694,-0.876772741768548],[114.188934581766,-0.876743088422757],[114.188955660076,-0.876719162859047],[114.188993283214,-0.876676454954406],[114.1890186378,-0.876639941579981],[114.189041143334,-0.876601607977761],[114.189060128023,-0.876564635049817],[114.18907809198,-0.876527266420169],[114.189095652143,-0.876489768288138],[114.189113427243,-0.876452403255769],[114.189132037813,-0.876415439321022],[114.189157094724,-0.876367446100687],[114.189182190306,-0.876319478061419],[114.189207658207,-0.876271695282469],[114.189233827579,-0.876224262339804],[114.189261034769,-0.876177338413413],[114.189290401231,-0.876130305669051],[114.189321248877,-0.876084355708429],[114.189353129843,-0.876039127004049],[114.189385599866,-0.875994255330568],[114.189418211082,-0.875949380059808],[114.189450605561,-0.875904035342899],[114.189483109758,-0.875858838114823],[114.189516676953,-0.875814542007447],[114.189552261328,-0.875771895256719],[114.189590819761,-0.87573164429989],[114.189638520701,-0.875688021784754],[114.189687780167,-0.875646626890273],[114.189738137705,-0.87560676533991],[114.189789147251,-0.875567745554974],[114.189840349253,-0.875528875956832],[114.189887641002,-0.875493314065125],[114.189935234024,-0.875458185646721],[114.189982869314,-0.875423136368624],[114.190030278874,-0.875387809199992],[114.190077202801,-0.875351851606638],[114.190120233562,-0.875316467780692],[114.190162055634,-0.875279576691071],[114.1902034892,-0.875242188276331],[114.19024535444,-0.875205302582629],[114.190288475133,-0.875169928649257],[114.190329875423,-0.87513849104846],[114.19037187736,-0.875107942877207],[114.190414329858,-0.875078019734758],[114.190457086326,-0.875048461717086],[114.19049999388,-0.875019000826171],[114.190550320841,-0.874984879648423],[114.190600971558,-0.874951599336782],[114.190652206834,-0.874919214749923],[114.19070429107,-0.874887783444422],[114.190757483271,-0.874857353983657],[114.190809663735,-0.874830641420942],[114.190863244443,-0.874807608883998],[114.190918068015,-0.874788205111543],[114.190973976168,-0.874772373446206],[114.191030812422,-0.874760058130107],[114.19108794905,-0.874749932663235],[114.191145126147,-0.874740716410884],[114.191202384183,-0.874732491211432],[114.191259759131,-0.874725338003884],[114.191317295957,-0.874719340425145],[114.191368480871,-0.874714723305772],[114.191419678375,-0.874710340909473],[114.191470877679,-0.874706026861588],[114.191522069788,-0.874701615686945],[114.191573244809,-0.874696941910315],[114.19161731159,-0.874692570305854],[114.191661337001,-0.874687866851502],[114.191705332735,-0.874682870218237],[114.191749311382,-0.874677622674085],[114.19179328823,-0.874672165587924],[114.191842423589,-0.874665420672557],[114.191891391674,-0.874657023702639],[114.191939820167,-0.874646149999762],[114.19198733135,-0.874631983878885],[114.192033553806,-0.874613701561032],[114.192074529616,-0.87459467190655],[114.192115016195,-0.874575094564932],[114.19215517632,-0.874555100837199],[114.192195169172,-0.874534814829815],[114.192235160225,-0.874514363347146],[114.192281716328,-0.874490507930545],[114.192328217573,-0.874466596756008],[114.192374664859,-0.874442593850574],[114.192421056387,-0.874418464140774],[114.192467393056,-0.874394174351607],[114.192514655127,-0.874368889912319],[114.192561447753,-0.874342754714291],[114.192607554195,-0.874315436008544],[114.192652762215,-0.874286599247114],[114.192696855975,-0.874255909882265],[114.192739673597,-0.874222378659795],[114.192780741138,-0.874186799681013],[114.192821022672,-0.874150317782892],[114.19286148497,-0.874114077802403],[114.192903098399,-0.874079223677199],[114.192944600313,-0.874045932573665],[114.192986101328,-0.874012600101366],[114.193027987252,-0.87397978204126],[114.193070640298,-0.873948032375722],[114.193114445375,-0.873917903288543],[114.19315300111,-0.873893019946877],[114.193191778078,-0.873868516119103],[114.193230657569,-0.873844197551648],[114.19326952357,-0.8738198681923],[114.19330825827,-0.873795334686918],[114.193345983031,-0.873770881221162],[114.193383518035,-0.873746138173715],[114.193421053039,-0.873721374441857],[114.193458772404,-0.87369685802355],[114.193496864988,-0.873672853319476],[114.193539658329,-0.873648287438471],[114.193583646868,-0.873626006734753],[114.193628437602,-0.873605281858204],[114.193673639327,-0.873585384357966],[114.193718855441,-0.873565577689192],[114.193762563392,-0.873546700919462],[114.193806515059,-0.873528457272414],[114.193850574644,-0.873510478925425],[114.193894612646,-0.873492398055703],[114.193938498663,-0.873473843243232],[114.193975681133,-0.873458820068436],[114.194013342042,-0.873444017227541],[114.194050011899,-0.873427577620589],[114.194084225707,-0.873407642348752],[114.194114514873,-0.87338234711757],[114.194150601069,-0.873344770744552],[114.194186223216,-0.873306902091826],[114.194221599847,-0.873268883252308],[114.194256948599,-0.87323086261415],[114.194292488008,-0.873192986766867],[114.194322991213,-0.873160826111189],[114.194353542982,-0.873128711320931],[114.194384090254,-0.873096583940139],[114.194414574573,-0.873064391808214],[114.194444945578,-0.873032073771128],[114.194474330926,-0.872999021887324],[114.194502323224,-0.872964755918701],[114.194529331663,-0.872929649983291],[114.19455577443,-0.872894076400485],[114.194582063412,-0.872858406590126],[114.194611866944,-0.872817232928924],[114.194641049045,-0.872775626693794],[114.194670035094,-0.872733881963029],[114.194699238779,-0.872692285620417],[114.194729080083,-0.872651132643625],[114.194750974978,-0.872621831832021],[114.194773181937,-0.872592778334024],[114.194795868235,-0.872564116041076],[114.194819209239,-0.872535987046092],[114.194843372224,-0.872508533442044],[114.194870267349,-0.87247939001179],[114.194897496123,-0.872450614404272],[114.194925003686,-0.872422131975782],[114.194952738778,-0.872393874377735],[114.19498064564,-0.872365770563817],[114.195012624633,-0.872334049676624],[114.195044814966,-0.872302550921916],[114.19507703138,-0.872271082744248],[114.195109094909,-0.872239458084493],[114.195140822091,-0.872207483588454],[114.195167188415,-0.87218039331043],[114.195193390163,-0.872153142953152],[114.195219374275,-0.872125685751769],[114.195245082295,-0.8720979731429],[114.195270461163,-0.872069958361863],[114.195296408403,-0.872040915655703],[114.195322343052,-0.872011862157649],[114.19534826601,-0.871982796968439],[114.19537418627,-0.87195372818195],[114.19540010563,-0.871924659395461],[114.195430591749,-0.8718904320977],[114.195461055383,-0.871856179618931],[114.195491510025,-0.871821920844923],[114.195521978157,-0.871787669265473],[114.195552482261,-0.871753442867032],[114.195582487242,-0.871721230050696],[114.19561372969,-0.871690198943497],[114.195645998264,-0.871660212848496],[114.195679071732,-0.871631138666089],[114.195712742349,-0.871602837001262],[114.195745681818,-0.871576333081236],[114.195778885687,-0.871550536028394],[114.195812173193,-0.871524985389726],[114.195845363573,-0.871499209920557],[114.195878284156,-0.871472747369353],[114.195906870006,-0.871448971992436],[114.195935349737,-0.871424979878896],[114.19596379889,-0.871400923014164],[114.195992299305,-0.871376950685658],[114.196020925625,-0.871353212180964],[114.196057454288,-0.871323358286304],[114.196094218573,-0.87129371483303],[114.196131301219,-0.871264430209237],[114.19616878766,-0.871235644709202],[114.196206766929,-0.871207504023062],[114.196236910405,-0.87118597785053],[114.196267329074,-0.871164883352662],[114.196297969875,-0.871144136892383],[114.196328785145,-0.871123649436811],[114.196359721824,-0.871103338248417],[114.196391294323,-0.871082939825783],[114.19642300172,-0.871062759938354],[114.196454729802,-0.871042615124566],[114.196486366153,-0.871022324620526],[114.196517791163,-0.871001706763309],[114.196548510206,-0.870981088006772],[114.196579116833,-0.870960302875631],[114.196609649716,-0.870939408926517],[114.196640150223,-0.870918469111984],[114.196670656126,-0.870897541887985],[114.196705468882,-0.870873303360213],[114.196740028929,-0.870848685318549],[114.196774506239,-0.8708239467677],[114.196809076178,-0.870799345813111],[114.196843912317,-0.870775137862267],[114.196888593334,-0.870749192421272],[114.196935918358,-0.870728031373517],[114.196984383722,-0.870708845236948],[114.197032492056,-0.870688823630246],[114.197078740591,-0.87066515976926],[114.19711751666,-0.870641397882139],[114.197155458158,-0.870616412017739],[114.197192619944,-0.870590290309622],[114.197229059573,-0.870563120891291],[114.19726484,-0.870534993694946],[114.19730159889,-0.870502387874865],[114.197336280345,-0.870467452810658],[114.197370384436,-0.870431935885108],[114.197405418425,-0.870397586279523],[114.197442887779,-0.870366146880144],[114.197484812374,-0.870337069999721],[114.197528290998,-0.870310279195962],[114.197572480086,-0.870284469552587],[114.197616533376,-0.870258338851215],[114.197659601909,-0.870230582175566],[114.197694750113,-0.870206232131864],[114.197729297569,-0.870181347890821],[114.197763077004,-0.870155379067455],[114.197795921145,-0.87012776898132],[114.197827659119,-0.870097962750719],[114.197881461061,-0.87008190175834],[114.199164424898,-0.870092720602543],[114.199723691695,-0.870210077632919],[114.200445275329,-0.870590903647212],[114.200829073603,-0.87071596067301],[114.201211179353,-0.870741338641835],[114.201591205869,-0.870744177801498],[114.202921867051,-0.870754119806747],[114.203562572854,-0.870872154925962],[114.203951171709,-0.871002964015531],[114.204270586618,-0.871110484261408],[114.204647839626,-0.871084039696655],[114.204958048175,-0.870958317172551],[114.205198424368,-0.870860896313275],[114.205508957572,-0.87073504068951],[114.205913559863,-0.870553008014838],[114.20632174865,-0.870454748987413],[114.207086052779,-0.870319652829664],[114.207715535943,-0.870038379967241],[114.208248211586,-0.869656902843758],[114.208644837789,-0.869372858270765],[114.209174204826,-0.869079821376602],[114.209716103016,-0.869413622740467],[114.210998048821,-0.870299214836848],[114.213015566315,-0.872189539415672],[114.213888612869,-0.871713568726193],[114.213943788975,-0.871684403712209],[114.214283906277,-0.871515547904153],[114.214438985371,-0.871439780021774],[114.214728118308,-0.871292292105522],[114.215025335251,-0.871113375581785],[114.215116772021,-0.871048454422578],[114.215384550557,-0.870864795773684],[114.215783940377,-0.870662621882445],[114.216057165206,-0.870536857989578],[114.216253930574,-0.870457419973889],[114.216572689878,-0.870313060799049],[114.216715915907,-0.870227985832855],[114.216913071581,-0.870101137357551],[114.217122170252,-0.869980166851178],[114.217365838862,-0.869877782633523],[114.217668414866,-0.869779132400993],[114.217878061224,-0.869724062415514],[114.218235243162,-0.869691974604905],[114.218911265343,-0.869687622785534],[114.218965328987,-0.86969962783553],[114.220347031191,-0.870205799557937],[114.222021474412,-0.871133833359693],[114.223903551308,-0.8720687937398],[114.223938258844,-0.872095929883187],[114.223954838745,-0.872108232608809],[114.22398784926,-0.872131933342018],[114.224020450583,-0.872155230279589],[114.224053158027,-0.872178350050774],[114.22408601206,-0.872201330427004],[114.224119051353,-0.872224201985262],[114.224152318175,-0.872247000698451],[114.224185102061,-0.872270270656429],[114.224218002859,-0.872294298742872],[114.224253867822,-0.872319159601489],[114.224282427592,-0.872336806098701],[114.224333104389,-0.872361602206126],[114.224367525941,-0.872376103774116],[114.224395852786,-0.87238788579225],[114.224422372894,-0.872398887198813],[114.224465501682,-0.872416634420119],[114.224523275929,-0.872440393609224],[114.22457354893,-0.872461211115933],[114.224612639762,-0.872477461865344],[114.224656997023,-0.872495877282859],[114.224690837612,-0.872509952572216],[114.224729798042,-0.872526241992432],[114.224768562419,-0.87254259526452],[114.224808659592,-0.872561052050855],[114.224848158716,-0.8725814261918],[114.224887388043,-0.872602770701235],[114.224917843584,-0.872619336213347],[114.22496634582,-0.87264458378047],[114.225000007444,-0.872661079145416],[114.225033100697,-0.872677206687683],[114.225066513209,-0.872693467329611],[114.225099912231,-0.872709755850508],[114.225133260891,-0.872726128008367],[114.225169783259,-0.87274434107843],[114.2252062076,-0.872762782576331],[114.225242601365,-0.872781295120603],[114.225279016713,-0.872799718632052],[114.225315519296,-0.87281789482995],[114.225364339892,-0.872840743005838],[114.225413819692,-0.872862261983755],[114.225460906396,-0.872882187363018],[114.225513051786,-0.872904702789754],[114.225561954221,-0.87292733063174],[114.225599313857,-0.872945892638768],[114.225636202249,-0.872964835958385],[114.225672901783,-0.872983935759976],[114.225709708336,-0.873002970810433],[114.225746904296,-0.873021719876419],[114.225774023353,-0.873035228592869],[114.225821076781,-0.873058667623354],[114.225858411237,-0.873076844720572],[114.225896100025,-0.873094362614722],[114.225934281642,-0.873110869670825],[114.225974234923,-0.873127098836505],[114.226014255653,-0.873142927803826],[114.226055855593,-0.87315911290267],[114.226094415825,-0.873174038051388],[114.226134505803,-0.873189637691553],[114.226178009608,-0.873207654709461],[114.226221508916,-0.873226591733783],[114.226265064881,-0.873244901930605],[114.226307149555,-0.873260458403365],[114.226352587802,-0.873273478787951],[114.226387274653,-0.873279505144978],[114.226423169294,-0.873282822744045],[114.226459652991,-0.87328457192541],[114.226496116902,-0.87328588313693],[114.226531942295,-0.87328789042374],[114.226570551989,-0.873290793435331],[114.22660908614,-0.873293581333655],[114.226647527661,-0.873296362037422],[114.226683936714,-0.87329909327849],[114.226724044679,-0.873302311052782],[114.226759295405,-0.873307456973521],[114.226794249355,-0.873316092263792],[114.226829027937,-0.873326954275456],[114.226863748064,-0.873338789353625],[114.226898525746,-0.873350334850045],[114.226935022034,-0.873359972884373],[114.226972214396,-0.873368933729239],[114.227006749262,-0.873380356917892],[114.227040866843,-0.873399218399186],[114.227073075162,-0.873429263849403],[114.227095977298,-0.873464392267863],[114.227115608599,-0.873514453029543],[114.227121863383,-0.873557329107427],[114.227123448888,-0.873593704885536],[114.227125432793,-0.873642929277707],[114.227128203604,-0.873678624269075],[114.227130757678,-0.873714430776317],[114.227132030219,-0.873750175230327],[114.22713095463,-0.873785681364041],[114.227125665717,-0.873824683162525],[114.227124263674,-0.873831497325682],[114.227118895621,-0.873857577665035],[114.227110217163,-0.873893821242802],[114.227100554847,-0.873929731172097],[114.227090029182,-0.873965536780076],[114.227078758878,-0.874001468293102],[114.227065082887,-0.874041241709904],[114.227050297134,-0.874080907208054],[114.227035284751,-0.874120570907564],[114.227020938765,-0.874160337129808],[114.227008141413,-0.874200311095422],[114.226995177685,-0.874248585803571],[114.226984047676,-0.874298072797785],[114.226975743336,-0.874343101852617],[114.226966988436,-0.874399433586916],[114.226960916213,-0.874450680554389],[114.226956978082,-0.874493463102795],[114.226953923085,-0.874536266335554],[114.226951673881,-0.874579074064968],[114.226950148631,-0.874621878197047],[114.226949269993,-0.874664659846133],[114.226949001096,-0.874705420718556],[114.226949384207,-0.874746176195003],[114.226950531742,-0.874786910087778],[114.226952562411,-0.874827610705609],[114.226955582334,-0.874868260062101],[114.226960087938,-0.874913543625098],[114.226965879572,-0.874958157193134],[114.226973379018,-0.87500227163747],[114.226979503401,-0.875030111050762],[114.226995189377,-0.875089686639683],[114.227007554155,-0.875128916865947],[114.227020075416,-0.875168025683763],[114.227032663227,-0.875207081441602],[114.227045238447,-0.875246145293318],[114.227057708447,-0.875285285587438],[114.227070755811,-0.875327342382889],[114.227083599928,-0.875369702249884],[114.227096443146,-0.875412129566087],[114.227109475222,-0.875454391407004],[114.227122904798,-0.875496250351603],[114.227139422646,-0.87553740602641],[114.227160154717,-0.875576970800523],[114.227183490326,-0.8756154959583],[114.227207829578,-0.875653524690392],[114.227231565384,-0.875691612777644],[114.227251529435,-0.875720359606873],[114.227286888979,-0.875764851766462],[114.227316041402,-0.875800560247626],[114.227341731436,-0.875838029601312],[114.227360609105,-0.875879037787342],[114.227374187969,-0.875927435702522],[114.22738417494,-0.875977897561881],[114.227391222027,-0.876026224430689],[114.227397144962,-0.876076181770316],[114.227402978864,-0.876126221847585],[114.227407802828,-0.876165901734907],[114.227412514376,-0.876205589716164],[114.227417227723,-0.876245278596684],[114.22742207327,-0.876284950390072],[114.227427163433,-0.876324594304549],[114.227432850746,-0.876366341733217],[114.227437440885,-0.87639878117875],[114.227444748776,-0.876449809610961],[114.227450692396,-0.876491539952553],[114.227456452553,-0.876533272092786],[114.227461737869,-0.876576027661486],[114.227466447619,-0.876618433393958],[114.22747080933,-0.876661107124335],[114.227474682711,-0.87670492659106],[114.227487362252,-0.876812634795215],[114.227499284564,-0.876909173419563],[114.227511206877,-0.877005712043911],[114.227518814242,-0.877067293121058],[114.227523130088,-0.877102249768939],[114.227535052401,-0.877198788393343],[114.227540264871,-0.877236825219256],[114.227548301213,-0.877295363889857],[114.227564308246,-0.877396729175643],[114.227579193825,-0.87748573777651],[114.227595112724,-0.877581204409012],[114.2276090729,-0.877670728321391],[114.227622677844,-0.877779442866938],[114.227631578435,-0.87787928470118],[114.227636307969,-0.877942099648124],[114.227639568012,-0.877985804001582],[114.227647776124,-0.878089097433872],[114.227653131587,-0.878140697834908],[114.227658475358,-0.878192186720014],[114.227677898017,-0.87832111262918],[114.227699709274,-0.878428104973011],[114.227716612931,-0.878491710424044],[114.227732830406,-0.878551507246243],[114.227773619157,-0.878668034202349],[114.22782420872,-0.878782765212407],[114.227870256707,-0.878865689000293],[114.22792251721,-0.878942822952865],[114.227979367854,-0.879015882077226],[114.22803918536,-0.879086582279911],[114.228099911182,-0.879156144840181],[114.228120330289,-0.87917714311061],[114.228142827729,-0.879200223311614],[114.228167059962,-0.87922508327091],[114.228195028878,-0.879249778654298],[114.228231344401,-0.879281841283898],[114.228254239342,-0.879301512154996],[114.228284659809,-0.879327290322124],[114.228312097226,-0.879350550387528],[114.228382431404,-0.879414392360275],[114.228446530583,-0.879484022369695],[114.228495833216,-0.879565670918907],[114.228532030929,-0.87966237681718],[114.22856064196,-0.879758903750371],[114.228578568146,-0.879809716345278],[114.228597992603,-0.879861289766666],[114.228638121252,-0.879932132062208],[114.228666047001,-0.879971259765796],[114.228702357128,-0.880018572199276],[114.228731943025,-0.880054664690988],[114.228768894369,-0.880099431143776],[114.228836759909,-0.88017257210646],[114.22890988918,-0.880239496055879],[114.228991519743,-0.880299477239021],[114.229100092196,-0.880369351864033],[114.229210904859,-0.880440095234178],[114.229237975352,-0.880457319049981],[114.229321793966,-0.880510650645988],[114.229432615623,-0.880581269909612],[114.229478054768,-0.880610407943948],[114.229543224141,-0.880652196741437],[114.229619359846,-0.880701092881111],[114.229666513099,-0.88073133618218],[114.229695511739,-0.88074993596075],[114.229771505351,-0.880798979589201],[114.229847169811,-0.880848492663745],[114.229922329752,-0.880898728793227],[114.230001619379,-0.880965675225696],[114.230070100055,-0.881045077268482],[114.230135237052,-0.881133182050689],[114.23019688288,-0.881215997020604],[114.230226420213,-0.881249557920739],[114.230266312341,-0.881294882852501],[114.230337073697,-0.881361402106961],[114.230405548977,-0.881421876118623],[114.230476681754,-0.881484068734721],[114.230546345937,-0.881547747030879],[114.230612687126,-0.881614679074119],[114.230675529053,-0.881685766884573],[114.230736006661,-0.881758995980817],[114.230787822,-0.881823557411224],[114.230855444723,-0.881906974027572],[114.230917194873,-0.881979265130951],[114.23097901427,-0.882047729618989],[114.231012099429,-0.882083140424527],[114.231041859794,-0.882114995310758],[114.231105866343,-0.882181197104501],[114.231171163418,-0.88224647619387],[114.23121439293,-0.8822882622934],[114.23123788592,-0.88231097017507],[114.231307179583,-0.882375592759331],[114.231379010233,-0.882437681054114],[114.231452822989,-0.882493324807058],[114.231533898671,-0.882543013249403],[114.231611322205,-0.882577336774602],[114.231685007257,-0.882604179739076],[114.23175885059,-0.882630427352296],[114.231856394657,-0.882665098015821],[114.23189893259,-0.882680215619416],[114.232039010992,-0.882730004785856],[114.232179092991,-0.882779793052975],[114.232812187832,-0.883043761160593],[114.233138856673,-0.882942389579568],[114.233328937381,-0.882858848856756],[114.233821935834,-0.882673918566468],[114.234308859366,-0.882674283691188],[114.235057076423,-0.882650934592903],[114.236310160286,-0.882454618885504],[114.236696135818,-0.882454907567876],[114.236838642389,-0.882466969275185],[114.236945497137,-0.882508891172336],[114.23711760939,-0.882634545347969],[114.23720067707,-0.88272426890984],[114.237242207762,-0.88277211913794],[114.238096076273,-0.884422524379943],[114.238220696228,-0.884530210101047],[114.23843437065,-0.884661874445897],[114.238618404316,-0.884727763275635],[114.238796542926,-0.884733874168887],[114.23897467704,-0.884745961956526],[114.239467421884,-0.88490772211361],[114.239692963759,-0.885051349240314],[114.240060883603,-0.885380383298013],[114.241586218329,-0.886415621683568],[114.242256989369,-0.886838006268931],[114.243135349117,-0.887391106414384],[114.243936626174,-0.887893813049004],[114.244090951636,-0.887983590570229],[114.244239361357,-0.888043477324572],[114.244399699686,-0.888031641347141],[114.244512545717,-0.888001838713819],[114.244619465216,-0.887960076895979],[114.24472639101,-0.887906361289481],[114.244827348004,-0.887894482144588],[114.244969841985,-0.887924476333467],[114.245219093586,-0.888127895785715],[114.245818483636,-0.888618496646245],[114.245990561715,-0.888791972271633],[114.246109266829,-0.888869768125232],[114.246180503028,-0.888899709254133],[114.246305177842,-0.888935666847487],[114.246400193015,-0.888929761898964],[114.246471464287,-0.888911881577997],[114.246524934378,-0.888876057983623],[114.246608090191,-0.888846232867309],[114.246738742799,-0.888828399311137],[114.247047509735,-0.888852539812831],[114.247409645139,-0.888978339678602],[114.247653038557,-0.889074160643929],[114.247902326131,-0.889229762243701],[114.248204983074,-0.889487019610215],[114.248347406008,-0.889612654000757],[114.248525453787,-0.88974429226522],[114.248727262553,-0.889863992928895],[114.248929098299,-0.889947828629317],[114.249154686939,-0.890031683215568],[114.249683149258,-0.890079900367084],[114.2500000002,-0.890071519584922],[114.250000028079,-0.890071518685602],[114.251316862184,-0.890773580736095],[114.253898022576,-0.892149713438471],[114.253986596804,-0.892156690378897],[114.256296276152,-0.892338621430213],[114.256611056855,-0.892585130998953],[114.25760780066,-0.893365700266827],[114.258228276214,-0.893851604867621],[114.260034434142,-0.895808276031062],[114.260485972949,-0.898517513372497],[114.262593156449,-0.901527775386455],[114.262637683682,-0.90164156930291],[114.26394777467,-0.904989578006564],[114.264857723105,-0.905339558174035],[114.265226193334,-0.905481276939327],[114.265904445834,-0.905742144184558],[114.266395625858,-0.906540311386209],[114.267108550819,-0.907698815347999],[114.267426799307,-0.907737547349882],[114.268852965792,-0.907911118303446],[114.269290735079,-0.907964395940098],[114.270720865775,-0.908902919434126],[114.275527778085,-0.909064951186508],[114.278094623968,-0.909151474061218],[114.279852635791,-0.909210733088798],[114.281537669428,-0.909267531571288],[114.283988140341,-0.909350131603219],[114.284116537448,-0.909354460040277],[114.284360941704,-0.909679868031446],[114.289013974615,-0.915875055689241]]]},"properties":{"Kecamatan":"PASAKTALAWANG"}},{"type":"Feature","geometry":{"type":"Polygon","coordinates":[[[114.498790240677,-0.848156805292263],[114.49391339079,-0.850425416199926],[114.493661522162,-0.850542580775425],[114.488791833576,-0.852807859694906],[114.487589136929,-0.853538317839025],[114.484154664706,-0.855624244962883],[114.482751232184,-0.858768069790528],[114.483180647669,-0.861479347693717],[114.483330063732,-0.863986839221184],[114.483393892214,-0.865058001925206],[114.483405167015,-0.865149227354891],[114.484037242925,-0.870263543227907],[114.484036931759,-0.870731199685054],[114.484033876762,-0.875325989802548],[114.484033854279,-0.875360211704333],[114.483707483114,-0.879806021930335],[114.483789993214,-0.880573545632558],[114.484075352595,-0.883228020556658],[114.484682419258,-0.884604550759377],[114.485374444875,-0.886173730133464],[114.485649826279,-0.886798160007004],[114.485922499824,-0.887416451108265],[114.486016221771,-0.887794661894077],[114.48612795714,-0.888245562182874],[114.487084523732,-0.892105750080248],[114.487767428424,-0.894861583095519],[114.487858625975,-0.898441196903661],[114.487917568441,-0.900754751430611],[114.488044789236,-0.901482892021818],[114.488838937367,-0.906028135789768],[114.488951747425,-0.906797807972396],[114.489452709375,-0.910215747059056],[114.489135390786,-0.912046508639435],[114.48911121611,-0.912923574263516],[114.489047273413,-0.915243459118301],[114.488357575242,-0.918872008636242],[114.487152609605,-0.922327379305045],[114.486676308865,-0.924654751915227],[114.486515135965,-0.925442299922167],[114.486463072413,-0.925696704639165],[114.48611668144,-0.929671110932986],[114.486114782971,-0.932349679593983],[114.48533944416,-0.935546123754534],[114.485252130781,-0.937533387156066],[114.486109303402,-0.940039766222185],[114.486188638895,-0.941222827971103],[114.486364265698,-0.943841794063474],[114.486019249789,-0.94582886860735],[114.485934330405,-0.95135952472225],[114.485794567665,-0.953857246914367],[114.485693750067,-0.955096752812835],[114.485376975567,-0.958991354167608],[114.484547036217,-0.962043631608253],[114.483303236056,-0.965095597883476],[114.481783422267,-0.968286120008372],[114.480263392642,-0.971754166621452],[114.480163195575,-0.972027111761747],[114.479321179229,-0.974320826345036],[114.479295778777,-0.974390018384611],[114.479569923613,-0.976749269263337],[114.481223579005,-0.979109565154261],[114.481222437765,-0.980636006946099],[114.480506352586,-0.983451588220191],[114.478972014747,-0.985300833566555],[114.477800493998,-0.986712797957239],[114.477768107612,-0.986769011880369],[114.475431909055,-0.990824058583371],[114.473840317677,-0.992366532589358],[114.473534468141,-0.992522763714533],[114.471913397885,-0.993350825280288],[114.470594715674,-0.994369573696815],[114.469984791865,-0.996544602051699],[114.470523913848,-0.99858455043659],[114.471180807448,-1.00000000329749],[114.471261581857,-1.00072696487746],[114.471048854421,-1.00179060924916],[114.47096686413,-1.00220055890861],[114.468903831946,-1.00455830881884],[114.467064909918,-1.00534268671555],[114.465766952583,-1.00600608691133],[114.463755352627,-1.00703423773984],[114.461361024592,-1.00760341776345],[114.460946426337,-1.00770197626514],[114.457016842254,-1.01114036143849],[114.456627789241,-1.01172394140673],[114.455052051111,-1.01408754860142],[114.454753539145,-1.01503187721931],[114.453627769606,-1.01859319881703],[114.4542716716,-1.02307398817396],[114.454382843094,-1.02384760298446],[114.454462612959,-1.02440270592007],[114.45682036287,-1.02636749706227],[114.459773069172,-1.02752718722985],[114.461002185203,-1.02800992891503],[114.461163940863,-1.02809566668162],[114.4624495586,-1.02877710278102],[114.464379316652,-1.02979996109929],[114.467530014099,-1.03146997156188],[114.467618654877,-1.03151695574286],[114.470475666119,-1.03471786233945],[114.470979933977,-1.03573826101189],[114.471813142363,-1.0374242776083],[114.471984007256,-1.03777002826416],[114.474676225827,-1.03990136755402],[114.47481558657,-1.04001169638263],[114.477137413061,-1.04076763861559],[114.479888834902,-1.0416634506077],[114.483192344251,-1.04331520573209],[114.483910389953,-1.04546934463451],[114.484254186382,-1.04650073302236],[114.484177916678,-1.05145821162711],[114.484136204322,-1.05416959565025],[114.483546292228,-1.05711915792273],[114.478591026854,-1.06278231834926],[114.478170386055,-1.06476274060793],[114.478154492336,-1.0648375731954],[114.478531311871,-1.06644924913348],[114.478605032896,-1.06651502914525],[114.479802142955,-1.06758318721427],[114.480006875417,-1.06776586470284],[114.480007721679,-1.06776749157643],[114.481021593072,-1.0697153206055],[114.482583672299,-1.072716354676],[114.48260951072,-1.07276599635361],[114.485914230557,-1.07551441625725],[114.488067795692,-1.07809894640923],[114.488415801848,-1.07907433401328],[114.488830897428,-1.08023775456866],[114.48951539482,-1.0806453911718],[114.489888250143,-1.08089770406576],[114.490078740042,-1.08117117800742],[114.490113188573,-1.08144452424534],[114.490144824024,-1.08162772963595],[114.49023056359,-1.08171939123685],[114.490438965286,-1.08175546034619],[114.490837942317,-1.08176777386365],[114.491541982876,-1.08173404389095],[114.492615964955,-1.08162971533903],[114.49304366993,-1.08157267493897],[114.493822990039,-1.08153505989503],[114.494659126617,-1.08174620362433],[114.49483742171,-1.08195294427293],[114.495480181565,-1.08191627891307],[114.496254517632,-1.08160690223673],[114.497347553647,-1.08215154156034],[114.498440590561,-1.08269618178332],[114.4999999997,-1.08333333436582],[114.49828583882,-1.08622397665516],[114.497913565359,-1.08685175380532],[114.49624971795,-1.08965755225421],[114.49460445683,-1.09243200843042],[114.493782168912,-1.09381865780477],[114.491475826948,-1.09770791628728],[114.491127476352,-1.09829535074977],[114.490290132883,-1.09970738798552],[114.488353215329,-1.10297367439551],[114.486561407883,-1.10599525437743],[114.485275870185,-1.10816309804846],[114.48386037056,-1.1105500993076],[114.483523790291,-1.11111768573255],[114.48289883971,-1.1121715589702],[114.482072045289,-1.11356580941452],[114.48192169483,-1.11381934808441],[114.481180333306,-1.11506952893558],[114.481029311953,-1.1154331122483],[114.480786684758,-1.11601723720571],[114.480527169194,-1.11664202141213],[114.480450813155,-1.11682584823427],[114.479835318046,-1.11830764857905],[114.477089738201,-1.12491762694685],[114.475641736177,-1.1284036869805],[114.475264831207,-1.12931108583791],[114.47367529298,-1.13313789629683],[114.473219939249,-1.13423415907914],[114.473173519842,-1.13434591423248],[114.472601354069,-1.13572340311254],[114.470408231355,-1.14100334263009],[114.468682423355,-1.14515822307351],[114.46789641139,-1.14746096415212],[114.466706044448,-1.15094832370613],[114.466444285975,-1.15171518280937],[114.465762383128,-1.1537129188161],[114.463909342642,-1.15914167814589],[114.462445145627,-1.16343126534059],[114.461719174201,-1.16555810891953],[114.461421929379,-1.16642893414797],[114.460982804813,-1.16771541523417],[114.459560285079,-1.17188290057533],[114.459532523008,-1.17196423256325],[114.459075284297,-1.17330378534137],[114.458386185974,-1.17570323771417],[114.45556757938,-1.18551769118847],[114.454757507853,-1.18833837431646],[114.452876644142,-1.19488758189635],[114.450695537269,-1.20248224236155],[114.450435162853,-1.20338887139923],[114.449963604237,-1.20582016516846],[114.449449586829,-1.20847037011146],[114.449115488689,-1.21019293515576],[114.448943534716,-1.21107950571457],[114.449023854967,-1.21124968892195],[114.449133231414,-1.21148143701868],[114.449193934752,-1.2116311939244],[114.449303902054,-1.21190248071485],[114.449303526137,-1.21230423215457],[114.449303275226,-1.21257206644765],[114.449188991179,-1.21306284897128],[114.44918835266,-1.21350937675629],[114.449226045046,-1.21385377123448],[114.449472709298,-1.21431315033158],[114.449700562431,-1.21456206918413],[114.450004373203,-1.21488758509395],[114.450099177035,-1.21513637804139],[114.450079864095,-1.21546158728239],[114.449965515296,-1.21578670569187],[114.449832285232,-1.2159778898677],[114.449736763741,-1.21649433724383],[114.449584309768,-1.21691507427118],[114.449410274764,-1.21712447601374],[114.449149430002,-1.21784921626829],[114.449035671159,-1.21822502766287],[114.448955246587,-1.2186210090523],[114.448841457168,-1.21903038404491],[114.44872091204,-1.21952702025573],[114.448520259802,-1.22008399468058],[114.448252816714,-1.22072817276694],[114.448178746752,-1.2209253068574],[114.447978143976,-1.22142857916555],[114.447857654607,-1.22186479892127],[114.447763863412,-1.2222876178792],[114.44766230657,-1.22280694218659],[114.447494958026,-1.22341765200298],[114.44743458204,-1.2237733743417],[114.447414055015,-1.22431709635686],[114.447467035875,-1.22472662783156],[114.447540891799,-1.22512526491897],[114.447747271819,-1.22556851107788],[114.448020347361,-1.22602524706747],[114.44831336537,-1.22655584257802],[114.448553709186,-1.22712252878165],[114.448673282146,-1.2276529579176],[114.448772537623,-1.22850558536442],[114.448852606962,-1.22905903534615],[114.44897382838,-1.22937974707764],[114.449137747809,-1.22970050107722],[114.449396783135,-1.23016346577128],[114.449538113393,-1.23042152263514],[114.449604702795,-1.23057421043143],[114.449646988018,-1.23076553670012],[114.449657099995,-1.23090475714878],[114.449701358331,-1.23114899503003],[114.449769973905,-1.2312976142934],[114.449954119087,-1.23151818471638],[114.45018446604,-1.23171783510998],[114.450671567639,-1.23199505832525],[114.450829697233,-1.23215133081919],[114.450923840063,-1.23229501280457],[114.450989927643,-1.23246687234825],[114.451083969749,-1.23271824724924],[114.45123401174,-1.23302865005212],[114.451381583293,-1.23325956267865],[114.451524677122,-1.23340448123179],[114.451774567243,-1.2336282667311],[114.451776713025,-1.23386178379423],[114.451778905572,-1.23410048724764],[114.451798006273,-1.23447315371305],[114.451855214846,-1.2347382288861],[114.452003266637,-1.23514794831914],[114.452151486602,-1.23572354590488],[114.452304156412,-1.23631155413489],[114.452404180808,-1.23687059969836],[114.452460249041,-1.23742462074961],[114.452459899205,-1.23779264671322],[114.452439158141,-1.23823562307552],[114.452398247981,-1.2385218269207],[114.452282725567,-1.23892381758009],[114.452065592353,-1.23934615809867],[114.451794355925,-1.2396866621097],[114.451251149221,-1.2403019368848],[114.450871487829,-1.2407036721367],[114.450485105803,-1.24105087879497],[114.450085081961,-1.241500299699],[114.449778582216,-1.24191894130604],[114.449486778292,-1.24251840330163],[114.449086367742,-1.2433699272803],[114.44869825632,-1.24424469603582],[114.448542062067,-1.24468072243735],[114.448453643421,-1.24506910725347],[114.448433067832,-1.24533488479705],[114.448425803108,-1.24584602257585],[114.448506292431,-1.24673452397906],[114.448510139731,-1.24706125757092],[114.448518813692,-1.24779772228703],[114.448545266351,-1.24849567983171],[114.448550495009,-1.24897683781074],[114.448551487861,-1.24906817115914],[114.448517210201,-1.24949750120868],[114.448455891726,-1.24987228198017],[114.448420294761,-1.25000000189851],[114.448398661569,-1.25090471807823],[114.448426599008,-1.25118406819013],[114.448517804653,-1.25130659991959],[114.448684904984,-1.25153109228603],[114.448950449604,-1.25182032774586],[114.449388431131,-1.25210250802428],[114.449446342075,-1.25213447082911],[114.44999160373,-1.25243542085792],[114.451461170597,-1.25295521730936],[114.451533771966,-1.25298089565177],[114.451764097335,-1.25307491797304],[114.45367607579,-1.25385541799312],[114.454264728834,-1.25453980207016],[114.455322883744,-1.25577004315295],[114.456126009808,-1.25708888634296],[114.456273925801,-1.2573317842344],[114.458678971058,-1.26128119836858],[114.458783918343,-1.26291192464555],[114.459198033662,-1.26934668899844],[114.459225203081,-1.26963591366643],[114.459828577127,-1.27605918738152],[114.460077609294,-1.27871028175406],[114.460091847361,-1.27886185439104],[114.460660560636,-1.2849161443645],[114.460907222191,-1.2875419902706],[114.460921226433,-1.28769106908754],[114.462599041213,-1.30288313205085],[114.463067548429,-1.30712531058458],[114.463476694994,-1.31083000120356],[114.466323110423,-1.318960966975],[114.467230169337,-1.3215520378962],[114.467595381322,-1.32247230335406],[114.469254896696,-1.32665396470867],[114.471911145983,-1.33334720231147],[114.47223643976,-1.33416687859852],[114.474088410951,-1.33906744180894],[114.474762962741,-1.34085239821957],[114.47700872817,-1.34679499059627],[114.477242014108,-1.34741229783924],[114.477559286832,-1.34900383256075],[114.478665799187,-1.3545544176522],[114.481454675993,-1.36854423273013],[114.482227098302,-1.37241892939005],[114.486446195735,-1.38111895017937],[114.493439059565,-1.39553863220209],[114.499621624339,-1.40828742872179],[114.4999999997,-1.40906766164323],[114.500000025781,-1.40906771470321],[114.509222912407,-1.41788211037107],[114.517250612626,-1.42316738736497],[114.517233553386,-1.4285877569194],[114.516188825354,-1.4387425920969],[114.516067025673,-1.43992648931601],[114.515903805017,-1.44151300582052],[114.515518592109,-1.44525730977699],[114.515484255094,-1.44559106797334],[114.517752590809,-1.45217550109845],[114.517695670019,-1.45605593903031],[114.517981479062,-1.45881471103002],[114.518002650902,-1.45901907207246],[114.517896009294,-1.45910460839093],[114.517544801551,-1.45938630483403],[114.515825913835,-1.46076499430899],[114.515925878876,-1.46152478564028],[114.516072407216,-1.46263849167303],[114.515404580557,-1.46314064162726],[114.514828619645,-1.4635737155545],[114.514781253252,-1.46434493367173],[114.514702073342,-1.4656341172207],[114.514727561028,-1.46574184880723],[114.514998611297,-1.46688751314815],[114.512933960334,-1.46853503606303],[114.51005210622,-1.47083466099076],[114.500000024881,-1.47410960337544],[114.4999999997,-1.4741096510395],[114.494869942994,-1.48389700344393],[114.492856366328,-1.48773859695865],[114.488033266222,-1.49694032343712],[114.486429530399,-1.50000000319756],[114.468016484373,-1.52262898374056],[114.459557419839,-1.52310554888192],[114.457591580987,-1.52373104265342],[114.456102309974,-1.5247139638783],[114.455595958387,-1.52539902874213],[114.455387459564,-1.52739465314068],[114.454732180246,-1.53010512794924],[114.451723850875,-1.53344109473068],[114.450443077786,-1.53716427361229],[114.448894234781,-1.53859397623097],[114.446541184728,-1.54612968973333],[114.444873201337,-1.54738067817573],[114.441419194041,-1.54719700243965],[114.430899421171,-1.54966808941077],[114.411302811576,-1.56441739364777],[114.395774672863,-1.57609328367806],[114.385766768022,-1.57100990538277],[114.37419594129,-1.56473151784525],[114.36986220098,-1.56252665628011],[114.36887502776,-1.56213298704768],[114.364008481406,-1.54364009111725],[114.358072738266,-1.53161157061743],[114.35373870118,-1.52181288225864],[114.345070627907,-1.50994139238128],[114.33807484218,-1.50000001129143],[114.337910047711,-1.49976582872995],[114.330749466615,-1.49788146485764],[114.322269830988,-1.49750459226306],[114.310209905263,-1.4858215391327],[114.312178909729,-1.47684287779651],[114.314199790688,-1.46762765968867],[114.314920814044,-1.46433979494554],[114.312929510888,-1.46181747809408],[114.309789438931,-1.45784005277619],[114.306441178418,-1.45359892285194],[114.306661913417,-1.45082396935067],[114.307216499242,-1.44385203634238],[114.307614147075,-1.4388530306428],[114.307760232948,-1.43701652419321],[114.305176425851,-1.43009561242252],[114.302604614811,-1.42320683612655],[114.302484014825,-1.42288379874827],[114.294004379199,-1.41327354443848],[114.27993190923,-1.40913458289464],[114.277987289882,-1.40856263565706],[114.27734638173,-1.4080130320757],[114.275258956336,-1.40622298280437],[114.2741735097,-1.40529217009754],[114.268731667932,-1.40062557810791],[114.264392385101,-1.39690447396225],[114.263345853928,-1.39600703329791],[114.262710966738,-1.39546259182509],[114.256451845376,-1.39009515097041],[114.250000002898,-1.38218291470969],[114.24280929901,-1.37528911120347],[114.24051357714,-1.37308817787704],[114.232367869682,-1.36527880517269],[114.23137216999,-1.36432421708889],[114.23112519727,-1.36381045418904],[114.22903788609,-1.35946834928484],[114.226724456568,-1.35425432377798],[114.227243234987,-1.35028295179671],[114.225304279569,-1.34823402458051],[114.224651576809,-1.34630420537474],[114.225014151982,-1.33989291332722],[114.223308512178,-1.33553061234784],[114.216872077784,-1.33191641241245],[114.21590889398,-1.33105095074075],[114.210245418791,-1.32596208568168],[114.210024923012,-1.32576396143764],[114.208215741563,-1.32413833881321],[114.207178998612,-1.32320678326641],[114.207058604571,-1.32259741703712],[114.205540818754,-1.31491525973138],[114.204332840388,-1.30880117113708],[114.200599384954,-1.29406609597351],[114.199497952868,-1.28971900342924],[114.193424114331,-1.28367064898123],[114.193166186071,-1.2832430006639],[114.192802422894,-1.28263987842757],[114.190365270041,-1.27859905360339],[114.189905592369,-1.27840003903054],[114.183422282612,-1.27559312182507],[114.182921508621,-1.27525759556153],[114.181644419155,-1.27440192840623],[114.181229444983,-1.27412388860654],[114.179973969823,-1.27377444623363],[114.178646787219,-1.27382396740211],[114.178644823999,-1.27382158689664],[114.17532795702,-1.26980121175649],[114.175147331784,-1.26958227630098],[114.174858936291,-1.26942355495305],[114.169483443806,-1.26646509838554],[114.167629995928,-1.26638753095972],[114.165977040208,-1.26584146710996],[114.164725183021,-1.26553759608316],[114.164773848035,-1.26540425090542],[114.164819255704,-1.26529042461334],[114.16484527489,-1.26516030800178],[114.164867950396,-1.26513105035764],[114.164922952932,-1.2651180974222],[114.165065324605,-1.26507270324259],[114.165172080427,-1.26506305891297],[114.165265866227,-1.26507943107083],[114.165307897841,-1.26509574477274],[114.165356428856,-1.26508603838994],[114.165408213618,-1.26505681222204],[114.165472986389,-1.26498530442819],[114.16553734817,-1.2649649078042],[114.165594629589,-1.26496657065064],[114.165663041916,-1.26497625005385],[114.165712346348,-1.26499871242061],[114.165747344364,-1.265006753259],[114.165788725769,-1.26499719616362],[114.165836506749,-1.26495723388916],[114.165849281619,-1.26491563304995],[114.165841382874,-1.26486280597368],[114.16584621583,-1.26480839159393],[114.165871753878,-1.2647363945689],[114.165921158135,-1.26466602531679],[114.166010330413,-1.26460850198072],[114.16609947571,-1.26457338705211],[114.166161564904,-1.26454464561886],[114.166197524296,-1.26449817225279],[114.166233019638,-1.26438967444386],[114.166236660094,-1.26429537513138],[114.166227892603,-1.26422419289213],[114.166178400213,-1.2641903334171],[114.1661571933,-1.26417073718972],[114.166128950091,-1.26411554759437],[114.166129020238,-1.26405149338166],[114.166180403903,-1.26397325955821],[114.166302539031,-1.2639004432508],[114.166438783623,-1.2638650072642],[114.166571500175,-1.26382067068738],[114.166745604426,-1.26373934589407],[114.166789144204,-1.26373063596003],[114.166858794898,-1.26372974023525],[114.166932282099,-1.26375998533501],[114.167005763006,-1.2637970410006],[114.167104407842,-1.26382050161482],[114.167205988965,-1.26381380256487],[114.16727283917,-1.26372046462768],[114.167287418979,-1.26365528716173],[114.167305846987,-1.26361054678927],[114.167348446074,-1.2635794563268],[114.167438729014,-1.26354343038497],[114.167468923752,-1.26352070271821],[114.167505927257,-1.26347901464476],[114.167558751635,-1.26345403687424],[114.167589676622,-1.26345331202066],[114.167617572693,-1.26346472171946],[114.167640918194,-1.26349888876268],[114.167660497334,-1.26352849894101],[114.167695170696,-1.26354826334165],[114.167752499778,-1.26354377392596],[114.167833255301,-1.26349606489146],[114.167963101216,-1.26339226873819],[114.1680326332,-1.26326260988151],[114.168196332295,-1.26312879166034],[114.168303489215,-1.26305812922925],[114.168429003995,-1.2629874865832],[114.168465815045,-1.2628982810308],[114.168475115834,-1.26278442685975],[114.168466045272,-1.26268594120319],[114.16848148843,-1.26255055096709],[114.168558154735,-1.26238445607771],[114.168647097685,-1.26218144401838],[114.169090440971,-1.2616479733752],[114.169237019673,-1.26145054340782],[114.169379653948,-1.26133834488866],[114.169479824035,-1.2613152080304],[114.169618486004,-1.26131536001583],[114.169864963198,-1.26134662494673],[114.170115077249,-1.26136191971676],[114.170293369643,-1.26136755037209],[114.170404197596,-1.26130788934756],[114.17049344092,-1.26122103102574],[114.170593554349,-1.26107711881394],[114.170712507676,-1.26099572837012],[114.170826019205,-1.26095237475226],[114.170890844137,-1.26096331500491],[114.170971828087,-1.26102046871961],[114.171020379787,-1.26109117431821],[114.171050045723,-1.26113740126999],[114.171112134917,-1.2611809482421],[114.171198601135,-1.26116473796225],[114.17127157932,-1.2611294908333],[114.171673948594,-1.26095669239737],[114.171893260865,-1.26088443187098],[114.171944304586,-1.26089355009719],[114.17203431683,-1.26097219041424],[114.172103265154,-1.26108705722186],[114.172172199088,-1.26121702724396],[114.17222313489,-1.26132583262103],[114.17229208771,-1.26143767860594],[114.172406104658,-1.26153446993976],[114.172556167333,-1.2616252591983],[114.172705176003,-1.261770187644],[114.172774089253,-1.26180227185733],[114.17295168827,-1.26187182002843],[114.173129307072,-1.26192269467657],[114.173346709183,-1.2619682786131],[114.17352965467,-1.26199782044301],[114.17366222733,-1.26201663695821],[114.173749726868,-1.26202740184306],[114.173813370091,-1.26202747199017],[114.173882338199,-1.26200887580893],[114.173953944919,-1.26200361927158],[114.174012276745,-1.26201168529099],[114.174073196821,-1.26207843657056],[114.174110242594,-1.26215316573598],[114.174155254561,-1.26221723163991],[114.174234730349,-1.26229200667075],[114.174330392134,-1.26238500736213],[114.174454678441,-1.262511784791],[114.17456626632,-1.26257222103112],[114.174663417383,-1.26259936436912],[114.174746119038,-1.26260361456514],[114.174816400157,-1.26262033026399],[114.174878374238,-1.26267239291656],[114.174909319909,-1.26273482025573],[114.174950598791,-1.26280349878238],[114.175000189207,-1.26283475022348],[114.175043606677,-1.26283895635271],[114.175084974592,-1.26282444309351],[114.175142917911,-1.26277875123833],[114.175213250291,-1.26274971212945],[114.175308361692,-1.2627498155515],[114.175457188698,-1.26279157377206],[114.175564618113,-1.26287280323726],[114.175704943828,-1.26307594389965],[114.17575622497,-1.26318409816753],[114.175933610848,-1.26333938770256],[114.176055009431,-1.26341941927075],[114.176302482174,-1.26357478524807],[114.176699388066,-1.26381021426994],[114.17701692609,-1.26398445791637],[114.177413896734,-1.26415878699839],[114.177652138835,-1.26421074712823],[114.177881069356,-1.2642297965678],[114.17809605319,-1.26418303362004],[114.178315781848,-1.26407047717072],[114.178685925715,-1.2639113268462],[114.178826140814,-1.26387388087488],[114.17898505012,-1.26383175573091],[114.179148701551,-1.26372383798468],[114.179200150866,-1.26367689517252],[114.179251644248,-1.26358765364728],[114.179312484284,-1.26349842291381],[114.179424775433,-1.26335754771259],[114.17953237392,-1.26323546924147],[114.179630657229,-1.26308517903772],[114.179705553668,-1.26295836473668],[114.179780461799,-1.26282214892296],[114.179797303403,-1.26254693839047],[114.179831853557,-1.26247992720681],[114.17991469101,-1.26239678308502],[114.180011298882,-1.26233215060824],[114.180084899399,-1.26229061541954],[114.180156176966,-1.26226757299003],[114.180195248912,-1.26227223867284],[114.180227389782,-1.2623069561011],[114.180245729657,-1.26235321632782],[114.180250252347,-1.26242258193656],[114.180247827775,-1.2625381816917],[114.18024313871,-1.26262372070812],[114.180240744715,-1.2627115772774],[114.180252164306,-1.26278095008075],[114.18027740288,-1.26282259408742],[114.180323318666,-1.2628735110037],[114.180412894739,-1.262936033671],[114.180497868982,-1.2630031752563],[114.180562118347,-1.2631049749146],[114.180598800794,-1.26319287285276],[114.180660710124,-1.26333397468312],[114.180777798257,-1.26346126472555],[114.181131921601,-1.26363692300555],[114.181314185401,-1.26367787183625],[114.181551406772,-1.26374216796665],[114.181753911614,-1.26379769390837],[114.1818869807,-1.2638385896791],[114.182083669626,-1.26392030657684],[114.182242763293,-1.26398160616617],[114.182370043443,-1.26402540674707],[114.182462626849,-1.26404006209913],[114.182534985401,-1.26402849771694],[114.182636312916,-1.26398494804687],[114.18265372379,-1.26394130484732],[114.18266827662,-1.26386273018079],[114.182650974563,-1.26380740658652],[114.182642352762,-1.26375209288472],[114.182656865122,-1.26371135809268],[114.182717738433,-1.26361536895405],[114.182819152282,-1.26349322663106],[114.182966832653,-1.26340315503154],[114.183358287755,-1.26323716536285],[114.183476947903,-1.26322274113653],[114.183592706838,-1.26321704573002],[114.183673713271,-1.26323459869775],[114.183748873212,-1.26330745007868],[114.183803749843,-1.26340647622783],[114.183890413012,-1.26354628663177],[114.184023363388,-1.26369779271892],[114.184165017402,-1.26382893185968],[114.184274940636,-1.26386689224324],[114.184448532274,-1.26389909876434],[114.184598996946,-1.2639109068628],[114.184873380102,-1.26390711622037],[114.184942624303,-1.26388520423876],[114.184986386213,-1.26384494159072],[114.185011946744,-1.26379000200694],[114.185103147892,-1.26367650126946],[114.185318260329,-1.26352282511823],[114.185493190159,-1.26346804831172],[114.185733638297,-1.26346831001445],[114.185988577211,-1.26354554379179],[114.186134271879,-1.26357501907182],[114.186265429006,-1.26357149822604],[114.186465858213,-1.26352041313652],[114.186600670185,-1.26350590167596],[114.186764601305,-1.26351707395378],[114.186913075778,-1.26354566160296],[114.187133095816,-1.26367046501991],[114.187325569619,-1.26382292079114],[114.187554749252,-1.26396157556621],[114.187765648366,-1.26404023476897],[114.187884899369,-1.26404036517067],[114.188123524581,-1.26392528792167],[114.188311743692,-1.26376863411514],[114.188564234652,-1.26355668908991],[114.18880289134,-1.26341392980896],[114.189151660121,-1.26323899818118],[114.189381132034,-1.2631054560519],[114.189560197845,-1.26293033826443],[114.189684199966,-1.26277822693356],[114.189844872843,-1.2626446110599],[114.190144270642,-1.2624722317081],[114.1902462034,-1.26232609637219],[114.190362706074,-1.2621507285732],[114.190384702592,-1.26197525915086],[114.190399437984,-1.26179246834766],[114.190523217972,-1.26160979625507],[114.191003271584,-1.26136901177046],[114.191265080419,-1.26127423671659],[114.191446828009,-1.26126712307922],[114.191904616205,-1.26145042739529],[114.192173474826,-1.26156040368966],[114.192376868198,-1.26170687087534],[114.192536603981,-1.26188985143546],[114.192703569414,-1.26210940112793],[114.192863234151,-1.262358193176],[114.193022890794,-1.2626142967124],[114.19324788768,-1.26295090575962],[114.193414949341,-1.26308270860005],[114.193705601233,-1.26320733395124],[114.19396000595,-1.26323686139199],[114.194229006663,-1.26321521740829],[114.194403540791,-1.26315690806479],[114.194541748603,-1.26307662288781],[114.194736907782,-1.26297421708642],[114.194855148846,-1.26291986116263],[114.195071864775,-1.26287551739119],[114.195246664202,-1.26288808991336],[114.195421398878,-1.26296010132756],[114.195777921614,-1.26327120470228],[114.19590016556,-1.26342244459011],[114.196055720395,-1.26364088092186],[114.196255794369,-1.2638537684366],[114.196472607425,-1.2640219002904],[114.19666169618,-1.26410045876912],[114.196845293675,-1.26411185138079],[114.197045652735,-1.26405610330647],[114.197273912361,-1.26392762975627],[114.197446575,-1.26375992058382],[114.197630400023,-1.26355864331668],[114.19780864925,-1.26336855271649],[114.198231855816,-1.26304441187006],[114.198543721815,-1.26277611532544],[114.198788687248,-1.26263646590013],[114.199181490433,-1.26249124157749],[114.19937271328,-1.26248752378012],[114.199505391161,-1.26249159321242],[114.199673094038,-1.26258598335642],[114.199805655906,-1.26269996073455],[114.199930425149,-1.26280215519523],[114.200063025688,-1.26287687986405],[114.200238611123,-1.2629006228654],[114.200437656273,-1.26288121189839],[114.200609422287,-1.26282644408508],[114.20074610395,-1.26273630863369],[114.20090634785,-1.26250881433026],[114.200933828433,-1.26235575511396],[114.200906867658,-1.26202207335996],[114.200848525939,-1.2618414436277],[114.200844853108,-1.26162554608203],[114.200841130814,-1.26145675232721],[114.200884204742,-1.26131941326025],[114.200950676333,-1.26119779883931],[114.201087015354,-1.2610907921063],[114.201279582687,-1.26106372341206],[114.201428771221,-1.2610284241224],[114.201559018234,-1.26095218769325],[114.20168121002,-1.26080229588922],[114.201754595598,-1.26064689573758],[114.201765564629,-1.26053234279334],[114.201725048372,-1.26038227472213],[114.20163568364,-1.26026488531613],[114.201486659682,-1.26014743205832],[114.201071664826,-1.25986913325386],[114.200995244935,-1.25968795313651],[114.201003045654,-1.25955695428996],[114.201064587161,-1.25932197942575],[114.20118734462,-1.25915642592827],[114.201490054622,-1.25907583678037],[114.201854003959,-1.25904155192603],[114.202260108118,-1.25899190035585],[114.202597203698,-1.25899611817624],[114.202957261668,-1.25901962465588],[114.203129571772,-1.25908531473544],[114.203255821299,-1.25923957814399],[114.203417833266,-1.25963461164798],[114.203474586783,-1.25980649097676],[114.203545598151,-1.25995929478557],[114.203600117751,-1.2600023075604],[114.20369736684,-1.26002150538812],[114.203823111847,-1.26001686758434],[114.204027224677,-1.25993833788397],[114.204245589063,-1.25984312036366],[114.204418814677,-1.25980751170727],[114.204561125196,-1.25984107530536],[114.204722353854,-1.25993193021435],[114.204921506023,-1.26005623720556],[114.205158621273,-1.26017581016544],[114.205748187129,-1.2603575370706],[114.20629269695,-1.26054075864903],[114.206717804683,-1.26067579005564],[114.207157305166,-1.26075797010418],[114.207553868416,-1.26077762298888],[114.207964760565,-1.26080209803837],[114.208385216105,-1.26082177700334],[114.20890560521,-1.26088888081716],[114.209300449856,-1.26092949959667],[114.209711735009,-1.26098432316792],[114.209972557288,-1.26106499235544],[114.210191015203,-1.26119762976674],[114.210553746858,-1.2615187354013],[114.210737019698,-1.26170645718719],[114.210926211875,-1.26189121031103],[114.210982325974,-1.26199544983012],[114.210994089106,-1.26206392421068],[114.210961401448,-1.26219188244937],[114.210893257118,-1.2622691989643],[114.210860652197,-1.2623197660443],[114.210866442932,-1.26243883538388],[114.21097580409,-1.26256099299536],[114.211117772867,-1.26262960767019],[114.211206543147,-1.26263565740959],[114.211363428979,-1.26259117784053],[114.211564786286,-1.26246935567616],[114.211840335863,-1.26214818169319],[114.212027082784,-1.26185072642983],[114.212163371442,-1.261696090702],[114.212215854078,-1.26142260237117],[114.212210836761,-1.26114476671756],[114.212200561107,-1.26081883981755],[114.212206264608,-1.26045018792581],[114.212206657611,-1.2600815306381],[114.212254283908,-1.25989800778677],[114.21235008239,-1.25972179642372],[114.212424520176,-1.25965241912377],[114.212445873678,-1.25955092703362],[114.212414209448,-1.25935854855811],[114.212329397983,-1.25919282868603],[114.212223249204,-1.25911257228734],[114.212064000853,-1.25901622881588],[114.211830410945,-1.2588984338156],[114.211628664232,-1.258807387351],[114.211327853598,-1.25852066909357],[114.211234426628,-1.25833895477888],[114.211234520157,-1.25825151009906],[114.211314880877,-1.25814397456475],[114.21144870989,-1.25806339980602],[114.21160258659,-1.25799630228749],[114.21173657928,-1.25776102075446],[114.211750153647,-1.25757269462412],[114.211676666445,-1.25750535159068],[114.211589762258,-1.25747835214418],[114.211415895427,-1.25747816508522],[114.211181887334,-1.25743755529891],[114.210901125287,-1.25734308331658],[114.210633781124,-1.25720826684801],[114.210266177842,-1.25702625665639],[114.210166171432,-1.25674363930744],[114.210173000883,-1.25660911691716],[114.210260076841,-1.25647468266044],[114.210427294084,-1.25644122967896],[114.210708132574,-1.25646171173855],[114.211129430779,-1.25645543806797],[114.21153066331,-1.2564558688432],[114.211818204447,-1.25646290603822],[114.21209914456,-1.2563892173884],[114.212380106257,-1.25629534795189],[114.212600833162,-1.25624849956853],[114.212748115133,-1.25609395107494],[114.212862069129,-1.25583846807081],[114.212909207994,-1.25552910218624],[114.212940037653,-1.25458583027182],[114.212975622927,-1.25421491298778],[114.213053119306,-1.25371053541284],[114.213152122073,-1.25346050409894],[114.213287583355,-1.2533171899363],[114.213455868993,-1.25325851366944],[114.213671631641,-1.25325874479518],[114.213817856009,-1.25331040005489],[114.214015195145,-1.25344303656686],[114.214110130278,-1.25358292071519],[114.214316418568,-1.25372203414452],[114.214565090107,-1.25367135824655],[114.214749435838,-1.25349557586009],[114.214878607262,-1.25325026868489],[114.214980200076,-1.25296325275184],[114.215176523878,-1.25260559956871],[114.215304233004,-1.25242499861474],[114.215426297985,-1.25209863194624],[114.215426593862,-1.25181877911331],[114.215345852729,-1.25143389355929],[114.215154984215,-1.25104889019406],[114.215045040296,-1.25087386413747],[114.214958304282,-1.25067554204259],[114.214941161406,-1.25044231186314],[114.214987722905,-1.25026162277561],[114.215044804674,-1.25000144441105],[114.215045657231,-1.25000000189851],[114.215111407565,-1.24988872338582],[114.215151912131,-1.24980299011588],[114.215206545046,-1.24971200480513],[114.215295886396,-1.24961856164725],[114.2154224318,-1.24955629258881],[114.215550130134,-1.24954148525131],[114.215630280413,-1.2495624907163],[114.215731178051,-1.24961938362759],[114.21584179916,-1.24972967468472],[114.215932277253,-1.24981988298117],[114.216017336931,-1.2498785781338],[114.216086171939,-1.24991986061303],[114.216197669887,-1.24996183377158],[114.216264454441,-1.25000000099919],[114.216735899742,-1.25032273170865],[114.217020967744,-1.25050697131962],[114.217298778216,-1.25063970136108],[114.217752110272,-1.25079469142185],[114.218095873426,-1.25080977215322],[114.218410533619,-1.2506776752345],[114.218571605795,-1.25053069903248],[114.218666942925,-1.25029536264083],[114.218749568138,-1.25007203489645],[114.218764879096,-1.25000000189851],[114.218753679839,-1.24991250775599],[114.218746137225,-1.24989214530621],[114.218714871394,-1.24980773583832],[114.218677295021,-1.24972312941884],[114.218676359726,-1.24972102500527],[114.218637833669,-1.24964925460938],[114.218593365791,-1.24958046906335],[114.218537014272,-1.24951764692184],[114.218471773853,-1.24943688330546],[114.218403566571,-1.24935312944331],[114.218344293155,-1.24924547429913],[114.218290948069,-1.24914679079171],[114.218276191993,-1.24906010513968],[114.218276280126,-1.24897642232401],[114.218294163145,-1.24891367932281],[114.21838636344,-1.24877032199271],[114.218442848059,-1.24870762125965],[114.218597424432,-1.24854639799781],[114.218636060206,-1.2485135637499],[114.21866282493,-1.24847474001717],[114.218716370564,-1.24838214941661],[114.218731268733,-1.24833434595325],[114.218746183989,-1.24826861180696],[114.218755168216,-1.24819689357173],[114.218755265343,-1.24810424541454],[114.218758296958,-1.24804447467272],[114.218764292738,-1.24799068622116],[114.218779217887,-1.24791598493471],[114.218800054279,-1.2478681886659],[114.218823859334,-1.24782039599444],[114.218874387743,-1.24777263120194],[114.218981338718,-1.24772193731752],[114.219073420302,-1.24769214907337],[114.219156584209,-1.24767131717749],[114.219254611211,-1.24763555743499],[114.219355618567,-1.24758784660179],[114.219456671788,-1.24749829391106],[114.219513195977,-1.24739673976768],[114.219543038181,-1.24725630523426],[114.219567649927,-1.24700588091662],[114.219567804611,-1.2468576438651],[114.219544467203,-1.24646072538212],[114.219620702733,-1.24625040363316],[114.219701595852,-1.24613094398785],[114.21976345392,-1.24604015382999],[114.219825292203,-1.24596849225208],[114.219934633576,-1.24590166273151],[114.220010694638,-1.24585870571462],[114.220129520261,-1.24581101466657],[114.220286301771,-1.24581118104112],[114.220286424079,-1.24581130874486],[114.220350370373,-1.24587819492268],[114.220426260563,-1.24599782184197],[114.220495073989,-1.24606962281479],[114.22049528443,-1.2460696390026],[114.220587711354,-1.24607689473288],[114.220642356859,-1.24606738799952],[114.220706527984,-1.24603637397945],[114.220782614226,-1.24596951028462],[114.220911864791,-1.24579590605617],[114.220969022103,-1.24565729264987],[114.22106411102,-1.24559044784087],[114.221211482024,-1.24550453020987],[114.221377836818,-1.24543776094384],[114.221643962399,-1.24537109689857],[114.221995584728,-1.24532365316401],[114.222337760579,-1.24522359639184],[114.222447083966,-1.24517589365252],[114.222504126165,-1.24514726283587],[114.222561178256,-1.24510906772923],[114.222613492719,-1.24505652393935],[114.222661079445,-1.24498484617368],[114.2226896599,-1.24491314772354],[114.222708783983,-1.244798404123],[114.222718665734,-1.24443499258081],[114.222724594964,-1.24382439428035],[114.222743939381,-1.24349924799185],[114.222815567684,-1.24315024718612],[114.222848014324,-1.24301782381349],[114.222894490389,-1.24287083142366],[114.222948024332,-1.24278839956492],[114.22307293297,-1.24260203935256],[114.223158570911,-1.24248736499987],[114.223283432784,-1.24234404094466],[114.223600846702,-1.24207181076542],[114.223697203663,-1.24192845613328],[114.223797205577,-1.2417062048774],[114.223797321589,-1.24159502708881],[114.223797450192,-1.2414730889119],[114.223797561708,-1.24136549672028],[114.223783383896,-1.24129375420335],[114.223751416595,-1.24119688732645],[114.223719425911,-1.24112153942747],[114.223694556958,-1.24104978521939],[114.223666130288,-1.24097444001836],[114.223612787001,-1.24087396416206],[114.223555857217,-1.24079500278708],[114.223513151111,-1.24074474777183],[114.22346689628,-1.24068014407334],[114.223427782966,-1.24060120158413],[114.223395814765,-1.24050433470723],[114.223403046214,-1.2404039227028],[114.223406668683,-1.24034654505698],[114.223424538212,-1.2402963538936],[114.223456670989,-1.24023542032836],[114.223506659805,-1.24013505329003],[114.223538792581,-1.24007411792616],[114.22356738113,-1.23999524738269],[114.223592397571,-1.23992354623465],[114.223603185838,-1.23983031082014],[114.223610428079,-1.23971913932678],[114.223614084722,-1.23962948321406],[114.223614178252,-1.23953982260468],[114.223621376425,-1.23947168906716],[114.223649964075,-1.23939281762438],[114.223682095952,-1.23933188405914],[114.223707072823,-1.23929963257194],[114.223753435573,-1.23926023057516],[114.223878201218,-1.23921015272634],[114.224067083129,-1.2391816613046],[114.224127688442,-1.23915303408523],[114.224209705713,-1.23909215178134],[114.224263218073,-1.23903123890051],[114.224298913964,-1.23897030803323],[114.22441317283,-1.23874448467018],[114.224516716273,-1.23854375509018],[114.224580958445,-1.23844340423966],[114.224723623297,-1.23831444325691],[114.224851980834,-1.23823567793414],[114.224973168977,-1.23819994067469],[114.225051562879,-1.23819643691598],[114.225151319278,-1.23821088812196],[114.225151589075,-1.23821100863108],[114.225215426551,-1.23823964664234],[114.225254590227,-1.23827196557869],[114.2252901773,-1.23831504040675],[114.225318641742,-1.23835452244322],[114.225350647714,-1.23841552255828],[114.225386239284,-1.23845501178931],[114.225428972369,-1.23848016222968],[114.225429093778,-1.23848017302151],[114.225507354581,-1.2384874179599],[114.225589333181,-1.23846598531691],[114.225671324372,-1.23843020758795],[114.225735510785,-1.23838365238362],[114.225767621978,-1.23834423509834],[114.22581403419,-1.23825821044801],[114.225835486619,-1.23818650480331],[114.225871202294,-1.23810764055514],[114.225917599218,-1.23803596189009],[114.225985374825,-1.23796430480877],[114.226046006218,-1.23791057301446],[114.226135131731,-1.2378676303868],[114.226199302856,-1.23783542026837],[114.226284858959,-1.23779964613669],[114.226356168003,-1.23775668372394],[114.226434607771,-1.23771014290872],[114.226502358197,-1.23766359130167],[114.226580835737,-1.23758118642257],[114.226734255582,-1.23738768199587],[114.226873483225,-1.23713677923894],[114.22690565737,-1.23703639421416],[114.22692356557,-1.23694675159129],[114.226934408696,-1.23679972142997],[114.226923811984,-1.23671004912944],[114.226916774789,-1.2366239678218],[114.226877687555,-1.2365199207577],[114.226824331678,-1.23643020439039],[114.226749615103,-1.2363225330584],[114.226632243683,-1.23611439756132],[114.226575343577,-1.23600674511516],[114.226554032343,-1.23594216659768],[114.226532793953,-1.23580586175109],[114.226476214006,-1.23538977781595],[114.226430323401,-1.23497370557203],[114.2264232934,-1.23488045217107],[114.226430487077,-1.23481590512989],[114.226444803385,-1.23475494998092],[114.226491214698,-1.2346689253306],[114.226530458414,-1.23462234314655],[114.226612494571,-1.23454352836109],[114.226687372125,-1.23449698304927],[114.226765807396,-1.2344540287304],[114.226854929312,-1.23441467169971],[114.226951173858,-1.23437890925919],[114.227104448911,-1.23432527369238],[114.22725410869,-1.23432184367812],[114.227371706739,-1.23431120919491],[114.227464359393,-1.23430413332903],[114.227589093562,-1.23428274565214],[114.227703143785,-1.23425775978774],[114.227770878923,-1.23422555326664],[114.227817227283,-1.23420049725507],[114.227852899792,-1.23416108356713],[114.227885002891,-1.23412884017381],[114.227917113184,-1.23408942288853],[114.227952798283,-1.23403925061086],[114.227977800335,-1.2339818936494],[114.22799210765,-1.23392811419109],[114.228002857246,-1.23387074104181],[114.228020722279,-1.23382413727404],[114.228045705445,-1.23378471189488],[114.228095624114,-1.23375248738733],[114.228181167627,-1.23372747184533],[114.228263130939,-1.23372038608687],[114.228384273216,-1.23372768498461],[114.228498297359,-1.23372780459448],[114.228655071674,-1.23373514216303],[114.228740581912,-1.23374240508787],[114.22882253713,-1.23374249142279],[114.228908077046,-1.23372106237707],[114.229011440626,-1.23369247922449],[114.229285944291,-1.23356365493868],[114.229628130934,-1.23345283597956],[114.229967112392,-1.23330268876805],[114.230241568394,-1.23322048803504],[114.230462574988,-1.23313823244342],[114.230594426392,-1.23312760965143],[114.230733393232,-1.23312775624089],[114.230875905199,-1.23314583800999],[114.230982775235,-1.23317105500013],[114.231078949634,-1.23320343329175],[114.231153741752,-1.23323937559667],[114.231196474837,-1.23326452603698],[114.231257004607,-1.23330762604604],[114.231299711612,-1.23335788106129],[114.231331740967,-1.2333973648964],[114.231345971839,-1.23341889916281],[114.231444919747,-1.23335622001349],[114.232066462797,-1.23296250041903],[114.232359397168,-1.23281053657695],[114.232642311294,-1.2325875047095],[114.233107146578,-1.23217178769778],[114.233572025029,-1.23171546629567],[114.23395590694,-1.23148238720233],[114.234218521568,-1.23136084742509],[114.23456568236,-1.23137924395689],[114.235494327701,-1.23154263638349],[114.236547697318,-1.23122425299681],[114.237120069935,-1.23123979238244],[114.237927769051,-1.23121018220411],[114.238230800111,-1.2310582282546],[114.238468017885,-1.23073253877561],[114.2385881808,-1.23056756084424],[114.238614985094,-1.23053075968676],[114.238831765773,-1.23034537883609],[114.239066612934,-1.23026024361531],[114.239306447734,-1.2301733007572],[114.239730514951,-1.23013313703461],[114.240043747021,-1.22987968020306],[114.240427828581,-1.22945372171182],[114.240950210584,-1.22915228964638],[114.24152781006,-1.22881899460089],[114.242784251092,-1.22809398544905],[114.243679447948,-1.22680357342614],[114.244350744192,-1.22579213200123],[114.244354982696,-1.2257857459154],[114.246040358076,-1.22397114425286],[114.247572414336,-1.22232160595729],[114.248114615597,-1.22104106579252],[114.249034828894,-1.21886776143799],[114.249999999301,-1.21666666713293],[114.250444113305,-1.2170278366653],[114.250910930695,-1.21742337289032],[114.251411869262,-1.21769039059899],[114.251751113323,-1.21830810343619],[114.252208486932,-1.21882367127535],[114.252697304437,-1.21932119781496],[114.253325248861,-1.21985501379783],[114.253948686783,-1.22040690075784],[114.254612524049,-1.22096334907923],[114.255118556376,-1.22122027729392],[114.255503298039,-1.22131392189993],[114.255966484865,-1.22135743559716],[114.256436878859,-1.22132205356985],[114.25698584662,-1.22110742856495],[114.257463622248,-1.22082099898984],[114.257877337369,-1.22045559994592],[114.258162809166,-1.22005420373847],[114.258405696266,-1.21948061164085],[114.258505955386,-1.21900012185807],[114.258549346775,-1.21837611376657],[114.258514228249,-1.21786679441698],[114.258294005864,-1.21717078480384],[114.258052359829,-1.21651779336145],[114.257822985942,-1.21585178872903],[114.257705377102,-1.21558500574338],[114.257557944044,-1.21525057215615],[114.257871017833,-1.21481063640169],[114.258235933941,-1.21429785196426],[114.258886725642,-1.21381433776145],[114.259424534615,-1.21347416829821],[114.259834388047,-1.21340285565719],[114.260384553704,-1.21345792834069],[114.260650799795,-1.21358600528987],[114.260941599176,-1.21378654691154],[114.261149131228,-1.21342152468355],[114.261212519942,-1.21331003213226],[114.261404699667,-1.21302957225691],[114.26148343891,-1.21283351735292],[114.261640804979,-1.21204078205642],[114.262081825316,-1.2116569460112],[114.262399277005,-1.21146216994316],[114.26262269738,-1.21129686016189],[114.262933164034,-1.21083863579435],[114.262934850263,-1.21083614826961],[114.26311105623,-1.21057608142098],[114.263766776216,-1.20988613863432],[114.264033936017,-1.20950677311902],[114.264349241924,-1.2090590384438],[114.264719784191,-1.20865147918238],[114.26526054294,-1.20840371955597],[114.265642639696,-1.20819127091039],[114.265955700895,-1.20789930510881],[114.26625589999,-1.20733204693636],[114.266462149609,-1.20671148594624],[114.266574001889,-1.20648693872118],[114.266985603603,-1.20614445260435],[114.267220909417,-1.20584317432298],[114.26758262214,-1.20517015497865],[114.268307008062,-1.20382232933696],[114.268574681377,-1.20332428388855],[114.268638143835,-1.20314763365633],[114.26894391423,-1.20229651527194],[114.270161604375,-1.20207657077708],[114.270785357958,-1.20190384788424],[114.271497129989,-1.20143580291995],[114.271938746576,-1.20064971631132],[114.27220021187,-1.20049456167465],[114.272865433193,-1.20042947683885],[114.27298422824,-1.20041166306777],[114.273120929687,-1.2003042039758],[114.273432909901,-1.20001726088782],[114.273605961946,-1.19983637035216],[114.273750874204,-1.19968489394267],[114.273828557642,-1.19939632038381],[114.274387617595,-1.19858392770607],[114.274685200562,-1.19793864525224],[114.274246620985,-1.19702961232667],[114.274140643076,-1.19609700007646],[114.274049175729,-1.19538448790377],[114.273911574959,-1.19431259495025],[114.27390226158,-1.19426280668313],[114.273747265224,-1.1934341803431],[114.273702070694,-1.19319256578422],[114.273466414144,-1.19193272261703],[114.272744204581,-1.19093482408283],[114.272164571738,-1.18978442211335],[114.271989689573,-1.18943733416558],[114.271916497349,-1.18933086612651],[114.271374115323,-1.18854190888192],[114.271271713119,-1.18839295327211],[114.271152346104,-1.18821931936606],[114.27039718718,-1.18758782711649],[114.270214543866,-1.18743509525342],[114.270562734383,-1.18722527532617],[114.273048970434,-1.18572707044791],[114.273049016299,-1.18572704166957],[114.274149788282,-1.18511139097785],[114.274358963395,-1.18499440087083],[114.275078629675,-1.18417930932759],[114.275861912198,-1.1832921659007],[114.276267430897,-1.18208331339417],[114.27645294125,-1.18186112868807],[114.276816468805,-1.1817897566919],[114.276989991195,-1.18167993957752],[114.277132245057,-1.18145710016501],[114.277189635293,-1.18106980712582],[114.277320025299,-1.18063298842162],[114.277689114261,-1.18043906401152],[114.278034053729,-1.18045197288018],[114.278298763777,-1.18061960740891],[114.279099758447,-1.1808851897996],[114.279532207346,-1.18088519339693],[114.279694340721,-1.18088519339693],[114.280867545901,-1.18049958209002],[114.282530657664,-1.17978953316037],[114.283613366764,-1.1783861986641],[114.283316491563,-1.17831417555868],[114.283019617262,-1.178242151554],[114.282746566001,-1.1780984210053],[114.282627887867,-1.1779966842995],[114.282295582076,-1.17771540873906],[114.282022510131,-1.17759558756626],[114.28179684325,-1.17758341074574],[114.281506382014,-1.17763453270749],[114.281194998051,-1.17712054407781],[114.281193310023,-1.17711775797812],[114.280617545164,-1.17645516717221],[114.280163837191,-1.17624127511471],[114.279717155622,-1.17612932390915],[114.279415960079,-1.17612902803216],[114.279021018305,-1.17600462211556],[114.278556180324,-1.17578196526546],[114.278082861735,-1.1755892180679],[114.27785759775,-1.17552051705815],[114.277306237793,-1.17539190860964],[114.27657232895,-1.17540399459864],[114.276105671639,-1.17542061227141],[114.275481040318,-1.17518368138172],[114.275663823926,-1.17466024177668],[114.275714428778,-1.17419759814061],[114.27580079607,-1.17338659941197],[114.275948204846,-1.17292792358478],[114.27623425041,-1.17221442035918],[114.276516055672,-1.17166910204736],[114.276781537338,-1.17114427658703],[114.276870404745,-1.17082365928439],[114.277128386966,-1.16965180578615],[114.277274274988,-1.16897685919463],[114.277403039019,-1.16810533968965],[114.277725865057,-1.16768701284531],[114.278229952151,-1.16713813771486],[114.278965432109,-1.16673846101111],[114.279376606645,-1.16651501995216],[114.279933905725,-1.16618772428399],[114.28106807673,-1.1656777151544],[114.281447882914,-1.16552917593066],[114.281889438347,-1.16535246634322],[114.282330991982,-1.16517575675573],[114.28338260972,-1.16444442716852],[114.283904165245,-1.16379645034584],[114.284230309781,-1.16292333004759],[114.284239213969,-1.16236883505366],[114.284348340404,-1.1616345502942],[114.284443001244,-1.16146557307769],[114.284610732,-1.16116616178891],[114.284880204858,-1.16068513511084],[114.285380435659,-1.16015291092805],[114.285905956295,-1.15974855774971],[114.286247963073,-1.15952861325485],[114.287520463299,-1.15871026706515],[114.288113757744,-1.15828893198858],[114.288592369742,-1.15822546773109],[114.289058348964,-1.15808528230986],[114.2893973601,-1.15785973863598],[114.290075364387,-1.15742996072407],[114.290541448829,-1.1571789689342],[114.29068526931,-1.1569363444367],[114.291007974838,-1.15639193893679],[114.291697385226,-1.15586656578932],[114.292030234208,-1.15557995634987],[114.292363084089,-1.15529334601104],[114.293100027245,-1.15474410575581],[114.293979776446,-1.15390807170007],[114.294336606749,-1.15338237569603],[114.29464894939,-1.15236464261415],[114.29481341111,-1.15158952323787],[114.294671689647,-1.15072859774654],[114.293995975034,-1.14932917260319],[114.293984682247,-1.14870748116527],[114.294258388214,-1.14815779394701],[114.294817103726,-1.14766815536103],[114.295435018012,-1.14738181391954],[114.295791520063,-1.14720282185272],[114.296217545104,-1.1469489918025],[114.296492702576,-1.14678504989007],[114.297503212303,-1.14582957687344],[114.297812661825,-1.14516036615794],[114.298193647019,-1.14420429419278],[114.29853874117,-1.14352316116492],[114.29915501779,-1.14276360275801],[114.299535764664,-1.14187428027378],[114.29993137913,-1.14038019698847],[114.300058412865,-1.13996602321333],[114.300122003927,-1.13975869260952],[114.300263011329,-1.13964739161378],[114.300454826829,-1.13949598715004],[114.300787648831,-1.13923328079125],[114.301191740307,-1.13897064188154],[114.301381951416,-1.13879148883609],[114.301750563738,-1.13836144022821],[114.30192896405,-1.1381105428672],[114.302691368812,-1.13546666195685],[114.302991155118,-1.13496481327547],[114.303055934184,-1.13427623835764],[114.302899597838,-1.13378830758427],[114.302900103257,-1.1332431376606],[114.302907562234,-1.13288448083409],[114.302580271962,-1.13230313658045],[114.302466855761,-1.13164308905726],[114.302624020382,-1.13123435797917],[114.302952204581,-1.13084730775699],[114.303194763428,-1.13057494987402],[114.303437480555,-1.13013043297303],[114.303780276039,-1.12935603755102],[114.303438037236,-1.12952787820899],[114.302939078076,-1.12962783695508],[114.302703871187,-1.12965631039037],[114.30216933125,-1.12969885012177],[114.301869998202,-1.12971291731725],[114.300187988985,-1.12984046186779],[114.299646151948,-1.13006950030717],[114.299204260168,-1.13011212637349],[114.298733833799,-1.13018341743071],[114.298220577218,-1.12983871718302],[114.29789084079,-1.12947163730615],[114.297613303711,-1.12901728002339],[114.297343754411,-1.12820685236431],[114.297237109205,-1.12793177673007],[114.296875130283,-1.12761462001868],[114.296762352601,-1.12754875996723],[114.296471564911,-1.12731535711799],[114.296352930843,-1.12715982566539],[114.296204912327,-1.12666951528587],[114.296202601969,-1.12664010475697],[114.296193171678,-1.12652006055231],[114.29621215097,-1.12642230244722],[114.2962767133,-1.12608974394647],[114.296395765552,-1.12579097117634],[114.296526750909,-1.12543243036231],[114.296580337912,-1.12528303768198],[114.296681678017,-1.12487066974558],[114.296658110384,-1.12466740587604],[114.296492196258,-1.12426076662103],[114.296302522044,-1.12386008357595],[114.296195827376,-1.1236388089838],[114.296208155282,-1.12314864789175],[114.296208506917,-1.12276607629332],[114.2963394581,-1.12244340134185],[114.296387057417,-1.12234780160969],[114.2969221999,-1.12164293097646],[114.297309468657,-1.12125892406004],[114.297309603555,-1.12111152068007],[114.297314948226,-1.12103280931666],[114.297336871,-1.12070987985703],[114.297149936121,-1.12014433309446],[114.296890175941,-1.11940183932336],[114.296661143797,-1.11877637522946],[114.296633093942,-1.11827780817424],[114.296551494856,-1.11788858429071],[114.296312952381,-1.11767137193624],[114.296099394871,-1.11740934996146],[114.296087207259,-1.11709909464747],[114.296103504773,-1.11681038708963],[114.29606452186,-1.11657722076205],[114.295959605152,-1.11635834016522],[114.29583891973,-1.11584713403795],[114.295805811189,-1.11503473326627],[114.295811645991,-1.11449853767732],[114.295856401652,-1.11426186309444],[114.296034798367,-1.11400916978732],[114.296398545357,-1.11369029716946],[114.296641085318,-1.11343228257374],[114.296928202874,-1.11313306463916],[114.29707318438,-1.11284386335359],[114.297188796726,-1.11261324480535],[114.29731902935,-1.11242506706316],[114.297497328039,-1.11227817989402],[114.297871855202,-1.11185888897649],[114.298134233308,-1.11169475820645],[114.298467264852,-1.11148642935518],[114.298989648653,-1.11109058736065],[114.299321413952,-1.11067484336928],[114.299533680035,-1.11040065986253],[114.299632707983,-1.11027820997134],[114.299672804257,-1.11022863034697],[114.300050667904,-1.11006040586301],[114.300472425662,-1.1101431947526],[114.300784974247,-1.11020454560327],[114.301212530834,-1.11024797926081],[114.301436039342,-1.11001864044783],[114.301814200665,-1.1095216391123],[114.301827792119,-1.10950767983553],[114.30200574367,-1.10932491691136],[114.302081697712,-1.10924690881774],[114.302420570353,-1.10885269009952],[114.302717771108,-1.10856603119731],[114.302759871071,-1.1084361708925],[114.302801970135,-1.10830630968837],[114.302825581835,-1.10827083772892],[114.303491644024,-1.10727021424896],[114.303972704877,-1.10608464159287],[114.304021718827,-1.10503078544235],[114.304459801079,-1.10394084309536],[114.304650183959,-1.10361601696559],[114.304712354991,-1.10350994282953],[114.304795337235,-1.1033683616605],[114.304935648561,-1.10311873863884],[114.305239977343,-1.10283208423323],[114.305658397717,-1.10246901893004],[114.305839248682,-1.10212486367146],[114.306067755623,-1.10161815865104],[114.306229782878,-1.10107313531688],[114.306458135135,-1.10073858841508],[114.306686487392,-1.10040404061391],[114.306867225942,-1.10018422382285],[114.307047965391,-1.09996440703173],[114.307125341262,-1.09906529992361],[114.307163191029,-1.09862549187289],[114.307163636193,-1.09812814339904],[114.306711597362,-1.0961031399479],[114.306348300034,-1.09592347788617],[114.305658302389,-1.09529534460444],[114.305314445705,-1.09430859406632],[114.305066320954,-1.09306267330368],[114.304458935931,-1.09289861537877],[114.303539711888,-1.09243124760394],[114.303263086722,-1.09224882372416],[114.302992832353,-1.09174294608005],[114.302679441103,-1.09154181090582],[114.302423012912,-1.09139811363201],[114.301810490062,-1.0909910741787],[114.301625315156,-1.09086178764136],[114.301146017874,-1.09023488822947],[114.300804420288,-1.0896989750276],[114.300296505679,-1.08919638710353],[114.299945168435,-1.08892826772535],[114.299228537367,-1.08805726533046],[114.299043468581,-1.08780842471896],[114.2986921808,-1.08748291870171],[114.298198407131,-1.08710946532949],[114.297866210158,-1.08668833439907],[114.297871082684,-1.08654965534225],[114.297875957909,-1.08641097718481],[114.297805606643,-1.08604271919609],[114.29788188624,-1.08574629275716],[114.297905395418,-1.08536370676961],[114.297810785839,-1.08489975192197],[114.297731090617,-1.08468333726614],[114.2976117263,-1.08435919372175],[114.297474507742,-1.08372303399079],[114.297451049826,-1.08338826225844],[114.297094645801,-1.08324627999178],[114.296738242676,-1.08310429862445],[114.29625577978,-1.08282054363315],[114.295894015796,-1.08251315715643],[114.295664331644,-1.08203569988757],[114.295750329314,-1.08149539169892],[114.295779424181,-1.08083069737876],[114.295723071762,-1.0800846279032],[114.295619158697,-1.07939590369796],[114.295458170158,-1.0787788599564],[114.295230996014,-1.07778874865176],[114.295164692597,-1.07754958114822],[114.295041344283,-1.07734862044242],[114.294832510912,-1.07710932523514],[114.294652177056,-1.07687962129745],[114.294433842348,-1.07664031709692],[114.294300982804,-1.07644891168786],[114.294263211278,-1.0761810782941],[114.294196899767,-1.07595147418112],[114.294102014097,-1.07579836100552],[114.293931054774,-1.07571212861183],[114.293760110741,-1.07560676763819],[114.293674855011,-1.07531019910635],[114.293675083438,-1.07505196327742],[114.293713310021,-1.07480332501336],[114.293837214116,-1.07437304078314],[114.293856495581,-1.07405743630159],[114.293887052745,-1.07384582762279],[114.293980780089,-1.07319675812386],[114.294161988985,-1.07243177410703],[114.294362303977,-1.07155203479851],[114.294562306905,-1.07102617511782],[114.294866740008,-1.07060561525691],[114.294990500211,-1.070337923956],[114.295371458426,-1.06933400805798],[114.295609635776,-1.06861689405434],[114.295809520893,-1.06822493443315],[114.296056847945,-1.06790952960108],[114.296608404854,-1.06740310876643],[114.296960162981,-1.06719300375408],[114.297349968726,-1.06693511326483],[114.297673194962,-1.06675367594136],[114.298291108348,-1.06642903417253],[114.298614341778,-1.06623803255911],[114.298909179115,-1.06592266999519],[114.299004432609,-1.06565495171458],[114.299042664587,-1.06539674826126],[114.299109354713,-1.06519595482939],[114.29935655586,-1.06502401524608],[114.299670205216,-1.06492864843835],[114.299945870805,-1.06480455458649],[114.300468654805,-1.06460416405088],[114.300759283314,-1.06445696121972],[114.300733058184,-1.06422939407122],[114.30066677725,-1.06396153369775],[114.300581409105,-1.06378929913677],[114.300277636104,-1.0634542791916],[114.300021266368,-1.06324363728396],[114.299812371844,-1.06307129480439],[114.299575112701,-1.06273633241574],[114.299366284726,-1.06248747471716],[114.299100544954,-1.06212379607626],[114.298787196872,-1.06187484664679],[114.298511871226,-1.06160680281164],[114.298360115127,-1.06129104544533],[114.298343667426,-1.06108300617575],[114.298343772647,-1.06096106080429],[114.298329674875,-1.06078171710254],[114.298279927077,-1.06062386090241],[114.298158856746,-1.06053050228081],[114.29799498588,-1.06048731863478],[114.297845348584,-1.06046566835585],[114.297674312819,-1.06046551726973],[114.297510398786,-1.06047254637087],[114.297367875127,-1.06046524837245],[114.297147023217,-1.06038614760257],[114.297068787595,-1.06020674724357],[114.296983450026,-1.0599986477194],[114.296891006015,-1.05976902292201],[114.296798572796,-1.05952505034077],[114.296706060436,-1.05937433116043],[114.296563598831,-1.05929529873902],[114.296392676381,-1.05916603108744],[114.296271643821,-1.059029631812],[114.296150649933,-1.05885019458077],[114.296036801157,-1.05864924376755],[114.295794843058,-1.05825450344253],[114.295567069964,-1.05793868042571],[114.29530729,-1.05755109600625],[114.294997630936,-1.05715629722528],[114.294883819033,-1.05691230575826],[114.294859091274,-1.05666480783458],[114.294852169192,-1.05642808468832],[114.294820225273,-1.0562845915606],[114.294745480819,-1.05618768691215],[114.294489047232,-1.05605117072491],[114.294182767821,-1.05586798511939],[114.293815955042,-1.05563811930369],[114.293570253964,-1.05545140026186],[114.293502640235,-1.05535091541236],[114.293438634585,-1.05519663491674],[114.293413842075,-1.0550244561137],[114.293413932007,-1.05492044412313],[114.293421220113,-1.05473394631451],[114.293400006905,-1.05454025033225],[114.293371641388,-1.05437882742092],[114.293272042371,-1.05418147569452],[114.293151032294,-1.05401997184418],[114.293057248293,-1.05396489466409],[114.292914751615,-1.05392651429713],[114.292705759963,-1.05386894419638],[114.292439764783,-1.05380176214157],[114.292249783901,-1.05373464573728],[114.29207880839,-1.05366754462142],[114.291964868784,-1.05357180189708],[114.291869998402,-1.05339956194018],[114.291822661687,-1.05319867138155],[114.291860843303,-1.05299785276867],[114.291937023975,-1.05280663441857],[114.292051236076,-1.05258675467496],[114.29218445265,-1.05236689291775],[114.292298647665,-1.05216614085469],[114.292441415939,-1.05188890235092],[114.292555719771,-1.05156381541769],[114.292567114181,-1.05151582939197],[114.292603401826,-1.05136300669733],[114.292622677894,-1.05104740131645],[114.29254699185,-1.05066476316824],[114.292480800848,-1.05029169740385],[114.292443064396,-1.04997604166095],[114.292452772577,-1.04973694160651],[114.292509998238,-1.04948832042959],[114.292510417322,-1.04900054074233],[114.292501171392,-1.04870403965964],[114.2925014259,-1.04840754577157],[114.292501614758,-1.04818756800182],[114.292435306844,-1.04794840229687],[114.292292999922,-1.04769004236152],[114.292125762894,-1.04741850915684],[114.291935848561,-1.04727487933218],[114.291716251204,-1.04711926783989],[114.291508521301,-1.04697562362605],[114.291395784088,-1.04686194931946],[114.291259379417,-1.04664663363519],[114.291194222635,-1.04644931338504],[114.291176550957,-1.04628192167331],[114.291188566799,-1.04612053473483],[114.291242148406,-1.04596516336153],[114.291372932315,-1.0458098558401],[114.291533347086,-1.04572630792273],[114.291753145891,-1.04564878906029],[114.291961096128,-1.04553539444288],[114.292014647158,-1.04541588713346],[114.292002934388,-1.04522458964306],[114.291997271357,-1.04490178968581],[114.291961874041,-1.04462678599731],[114.291944264416,-1.04438766256055],[114.29184950645,-1.04408271864253],[114.291701183063,-1.04391521361617],[114.291540931069,-1.04380747663367],[114.291392556421,-1.04369975044307],[114.291184840908,-1.04353817284834],[114.291006830001,-1.04336466484733],[114.290900148823,-1.04311351028025],[114.290870547638,-1.043005885713],[114.290787722775,-1.04263519775611],[114.290758361709,-1.04224662318308],[114.290776438982,-1.04194177639181],[114.290865708386,-1.0417206789661],[114.291056000434,-1.04142196015528],[114.291174916889,-1.04125468805336],[114.291281961393,-1.04108142736595],[114.291329740575,-1.04076465196709],[114.291395386588,-1.0403881139203],[114.291472864981,-1.0400653859088],[114.291520771866,-1.03959916656822],[114.291634116122,-1.03900149692151],[114.291770945273,-1.03872066382752],[114.291816790013,-1.03853258141345],[114.291836498656,-1.03845172426759],[114.291830769075,-1.03820663382902],[114.291753779913,-1.03795550444295],[114.291682674116,-1.03777013528349],[114.291552248138,-1.03750700534397],[114.291404071341,-1.03716614879869],[114.291202451432,-1.03681926859434],[114.291095713596,-1.0366338688579],[114.291012790708,-1.03637675718153],[114.290995244935,-1.03605992422609],[114.29105482502,-1.03583282382573],[114.291155949288,-1.03563564656781],[114.291328362814,-1.0354086432942],[114.291453175224,-1.0352891971387],[114.291708770643,-1.03501444256244],[114.291904857923,-1.03488310287287],[114.292083154814,-1.03472185892662],[114.292190192124,-1.03455457513348],[114.29223189009,-1.0344051689633],[114.292237980299,-1.03422584324801],[114.292214357806,-1.03407040262692],[114.292131443911,-1.03380133626263],[114.292024710572,-1.03360995783322],[114.291882329906,-1.03343648220783],[114.291727991853,-1.03335863958949],[114.291573646607,-1.03328677566412],[114.291395543969,-1.03322086794867],[114.291193751391,-1.03307723003007],[114.291057228908,-1.03299940270023],[114.290807982702,-1.0327899703808],[114.290665607432,-1.03261051696177],[114.29052320698,-1.03246095341024],[114.290457962965,-1.03236525385336],[114.290452944748,-1.03235775710476],[114.290297821587,-1.03212600900804],[114.290220736198,-1.03198845590248],[114.290214969745,-1.03178521091871],[114.29029237979,-1.03154019062725],[114.290369717888,-1.0313788612454],[114.290482709609,-1.03119365036662],[114.290589791885,-1.03097256733008],[114.290661217841,-1.03078134268475],[114.290699439028,-1.0304588080275],[114.290715048561,-1.03032708432744],[114.290786505093,-1.03009999381959],[114.290917255727,-1.02998055216068],[114.291095515745,-1.02986115097127],[114.291190665817,-1.0297058119736],[114.291285885136,-1.0294667856636],[114.291298025084,-1.02915595658209],[114.291274432269,-1.02896465099781],[114.291286702619,-1.02849840197962],[114.29134646167,-1.02805610460547],[114.29139412304,-1.02787681486308],[114.291501127975,-1.02774539693246],[114.291667561909,-1.02756620881343],[114.291774588427,-1.02741087970827],[114.291857870145,-1.02724357523078],[114.291869919261,-1.02704034373681],[114.29182259064,-1.02682510719291],[114.291810946218,-1.0265501232895],[114.291906163739,-1.0263110969795],[114.292013201048,-1.02614381318637],[114.292167736052,-1.02598852455071],[114.292322281848,-1.02582128122708],[114.292536253046,-1.02560626681571],[114.292619666065,-1.0252835424015],[114.292619946653,-1.02494879135361],[114.292679906253,-1.02426738493182],[114.292716078784,-1.02362182638615],[114.292775675957,-1.02337081301255],[114.292906496737,-1.02316768314199],[114.293061031741,-1.02301239360702],[114.293358084108,-1.02286918196711],[114.293571934797,-1.0227976310058],[114.293750303634,-1.02254671925562],[114.293738748245,-1.02216413596608],[114.293738938002,-1.02193698430432],[114.293810391836,-1.02170989199789],[114.293929505243,-1.02130350904963],[114.293953548617,-1.02095682399818],[114.293977513751,-1.02070578004765],[114.293965817169,-1.02049057318135],[114.293918438185,-1.02033511277517],[114.293776110579,-1.02009588411772],[114.293655294756,-1.01969647181465],[114.293398746955,-1.01969625507809],[114.29307086313,-1.01978205489786],[114.292835518644,-1.01998988012883],[114.292600175957,-1.02019770356111],[114.291908409346,-1.02080684226189],[114.291395120389,-1.02103594994907],[114.291015155025,-1.02106962236513],[114.290753702322,-1.0210927906997],[114.290415173222,-1.02112478318213],[114.290162245191,-1.02105642301547],[114.289898811281,-1.02076927128479],[114.289785000278,-1.02051811222105],[114.289717417125,-1.0202724111428],[114.289607383274,-1.01987237201229],[114.289425841629,-1.01965702215381],[114.289169648161,-1.01957072590824],[114.288944885998,-1.01957053525194],[114.288709698894,-1.01959185458037],[114.288424520275,-1.01974225000481],[114.288352237266,-1.01978504694233],[114.288211763162,-1.01986821984241],[114.288164796968,-1.01979772468519],[114.288065687182,-1.019648960631],[114.28805647003,-1.01963512725928],[114.288033056181,-1.01962503057064],[114.28757308533,-1.01942669408663],[114.287159979949,-1.01916093542877],[114.286761135118,-1.01888801457017],[114.286308062967,-1.01860932815794],[114.285970469162,-1.01846412541903],[114.28572828803,-1.01832762991614],[114.285507517058,-1.01815528473855],[114.285372314781,-1.01791845457296],[114.285213160859,-1.01759457183198],[114.285073463769,-1.01737662742937],[114.284940671675,-1.01709915060525],[114.284912080428,-1.01688304081961],[114.284894640775,-1.01675121189885],[114.284723687748,-1.0164073947854],[114.28457143972,-1.01620996212],[114.284402407645,-1.01594979005074],[114.284254173292,-1.01567469283276],[114.28418309987,-1.01544748091646],[114.284159525941,-1.01523226685561],[114.28410036494,-1.01496322207498],[114.284029396739,-1.01461048008952],[114.283898981553,-1.01432942036644],[114.283786423305,-1.0140005553813],[114.283572928748,-1.01364769288665],[114.283395175947,-1.01316335310622],[114.283223195894,-1.01287628141523],[114.283110498251,-1.01271478925605],[114.283057200829,-1.01253541497738],[114.282884968966,-1.0116981227701],[114.282883067799,-1.01169685202802],[114.282781950727,-1.01162924998982],[114.28277941194,-1.01162755296917],[114.282082812372,-1.01160081072879],[114.281861961361,-1.01152411114879],[114.281653107305,-1.01130395801118],[114.28136639894,-1.01046162510386],[114.281219251867,-1.00887742795089],[114.28113076937,-1.00816003605678],[114.281131315258,-1.0075024967428],[114.281191220898,-1.00687489585971],[114.280673220393,-1.00574969109533],[114.280619925669,-1.00563392496559],[114.280470984448,-1.00531039206089],[114.280264395785,-1.0037859233816],[114.280116476195,-1.00312825906184],[114.279917568641,-1.00217506762522],[114.279868637428,-1.00194058019355],[114.279774050332,-1.00117445583641],[114.279443048558,-1.00000000239817],[114.279236759369,-0.999597101624886],[114.279010977375,-0.999079343037181],[114.278657669716,-0.998841997560078],[114.278209955725,-0.998449596371699],[114.278036291242,-0.998197117103246],[114.278094447701,-0.99775602392134],[114.277901554813,-0.997333535014604],[114.277525130081,-0.996787214858045],[114.277192409702,-0.996415001650973],[114.276817361832,-0.995941368299441],[114.276820807135,-0.994139201562859],[114.276406342878,-0.993658079556667],[114.275994510039,-0.993395501800933],[114.275954683562,-0.993341101810358],[114.275932819244,-0.993280092702093],[114.275933325563,-0.993219275149386],[114.275956176436,-0.993163146661857],[114.275992396632,-0.993113897987939],[114.276116457209,-0.99296746137918],[114.276182403595,-0.992874466983039],[114.276248260049,-0.992760139768563],[114.276346701639,-0.992497398336241],[114.276361277851,-0.992360112329266],[114.276345704291,-0.992082889113988],[114.276291405024,-0.99188643311237],[114.276254869167,-0.99170590680211],[114.276273431174,-0.991359191173672],[114.27611936022,-0.991317330430434],[114.275985765031,-0.991235109013019],[114.275865790074,-0.991130460302429],[114.275060830293,-0.990510875976099],[114.274912014978,-0.990376689932248],[114.274841642128,-0.990227413264449],[114.274782922694,-0.990024168280684],[114.27471707883,-0.989870421083026],[114.27463720914,-0.98978639202835],[114.274597111967,-0.989765461207014],[114.274496827667,-0.98971311257003],[114.274443442111,-0.989674362581695],[114.274349423387,-0.989678072285187],[114.27426635301,-0.989708901044878],[114.274189678611,-0.989778077796018],[114.274108364609,-0.989867503682319],[114.274015916102,-0.989950062345429],[114.27390350894,-0.990009938307935],[114.273836243248,-0.990025135951214],[114.273803107727,-0.990032621907915],[114.273777709074,-0.990028560569556],[114.273632750051,-0.990005385040433],[114.273367198238,-0.989913014773776],[114.273241858825,-0.989845283233194],[114.272610421434,-0.98950405886518],[114.272469352878,-0.989427826932626],[114.271974095328,-0.988973064954962],[114.271870058157,-0.98750116344786],[114.271178575731,-0.986563753314499],[114.270852772937,-0.986122077371931],[114.269770839053,-0.984655349664592],[114.269653832758,-0.984560636664014],[114.269611710312,-0.984526539767955],[114.266373990867,-0.981905712078913],[114.265634088043,-0.981152681850745],[114.261376540095,-0.97681959714663],[114.262125819251,-0.976253607917613],[114.263016468235,-0.97557657399966],[114.263374063862,-0.975165775380162],[114.263571624231,-0.97491613976797],[114.263712166683,-0.974527204566812],[114.263644797569,-0.974207723107895],[114.263367714648,-0.973617863173786],[114.263048833037,-0.973264266832416],[114.262970084802,-0.973199420316973],[114.26276707544,-0.973032247140452],[114.262406056095,-0.972751773775315],[114.26215660934,-0.97247955438786],[114.262028336339,-0.972215869566696],[114.262020821604,-0.971843846116542],[114.262056117296,-0.97147138289796],[114.262050751941,-0.970994247586418],[114.261787536566,-0.970433015770993],[114.261446390439,-0.970078496725193],[114.260993345267,-0.969761188028372],[114.260367053797,-0.969618911683369],[114.25978150881,-0.969407234656103],[114.259616238599,-0.969825895148915],[114.259252272175,-0.970269013604025],[114.25893774688,-0.970497446799698],[114.258883380164,-0.970536933332767],[114.258457459444,-0.970740129753153],[114.258386714276,-0.970755106163153],[114.257931634837,-0.97085144513801],[114.257220650613,-0.970937210783632],[114.256700533103,-0.970998114671204],[114.256409209418,-0.97106036034728],[114.256127051622,-0.971165579228057],[114.255871270043,-0.971330529280465],[114.255614323842,-0.971306967042835],[114.25493518641,-0.971310966327962],[114.25453988221,-0.971326619927538],[114.254228287805,-0.97136675756974],[114.253914229258,-0.971445863735596],[114.25364264839,-0.971543121817547],[114.253251586292,-0.971657699043533],[114.252937356874,-0.971686167082908],[114.252556095587,-0.971655251088919],[114.252136481813,-0.971626916149205],[114.25198937431,-0.97161698223789],[114.251747956703,-0.971536176353425],[114.251535229267,-0.971464971631065],[114.251352837763,-0.971460476819516],[114.251076992309,-0.971488362997491],[114.25070468917,-0.971554002714981],[114.250000023582,-0.971663451107361],[114.2500000002,-0.971663469093755],[114.249832880983,-0.97178948209887],[114.249659400861,-0.971921129356588],[114.249489650227,-0.972052532898033],[114.249318984084,-0.972183400443555],[114.249228576138,-0.972245246820648],[114.249100646678,-0.972307177734024],[114.249030637154,-0.972341067785976],[114.248925614326,-0.972371346160628],[114.248706631206,-0.972394260886404],[114.248594963287,-0.972398624396931],[114.248483277381,-0.972401941096678],[114.248260070146,-0.972411251777828],[114.248064859706,-0.972418993141957],[114.247870115114,-0.972431131291614],[114.247725112924,-0.972454153036665],[114.247530665108,-0.972490357044308],[114.246827279256,-0.972674709070532],[114.246376384363,-0.973134115147275],[114.246099079309,-0.97319968291896],[114.245725008103,-0.973078994799721],[114.245443494222,-0.972974084386465],[114.245301854597,-0.972832714558081],[114.24514871624,-0.972707410218732],[114.244939836105,-0.972523878374261],[114.24486395131,-0.97245720173845],[114.244672566586,-0.972260281686602],[114.244604122782,-0.972174275922043],[114.244545104773,-0.972083001029603],[114.244512021413,-0.972015405286697],[114.244448966347,-0.971886572906953],[114.244377884832,-0.971691631363626],[114.244332235245,-0.971509104961171],[114.244319153706,-0.971417009887034],[114.244313302717,-0.971223504561067],[114.244341563013,-0.970821266588132],[114.244357373094,-0.970721172044421],[114.244373183176,-0.970621075702013],[114.244388993258,-0.970520979359662],[114.24440480244,-0.970420882117992],[114.244482591998,-0.97028462403614],[114.244174200079,-0.970404173613701],[114.244075420344,-0.97041558690978],[114.243976638811,-0.970427001105179],[114.243877859076,-0.970438415300578],[114.243779078442,-0.970449828596657],[114.243680297808,-0.970461241892735],[114.2432174833,-0.970704021973006],[114.242473761055,-0.97090397903537],[114.242138172739,-0.97100398724416],[114.241519244018,-0.97104967010614],[114.241428978165,-0.971021781230149],[114.24124503533,-0.97099433302202],[114.24115424787,-0.970991846396544],[114.241063364183,-0.970991706102325],[114.240882379219,-0.970982533017434],[114.240781448305,-0.970968946059941],[114.240581344653,-0.970933019043571],[114.24028313306,-0.970830579067922],[114.240099522975,-0.970717010881287],[114.239949403642,-0.970686174926982],[114.239847950223,-0.970695399273211],[114.239746496803,-0.97070462272012],[114.239645043384,-0.970713847965669],[114.239543589065,-0.970723071412579],[114.239450124324,-0.970732266081143],[114.239263499711,-0.970753796750273],[114.239170302967,-0.970765460057862],[114.238979445245,-0.970792079091154],[114.238882169177,-0.970810216618133],[114.238785051389,-0.970829441425508],[114.238687805898,-0.970847510604074],[114.238590152114,-0.970862176748028],[114.238481243315,-0.970872261745455],[114.238372062021,-0.970877380686545],[114.238262776406,-0.970880513025236],[114.238153553744,-0.97088463461813],[114.238044563106,-0.970892724019961],[114.237950129795,-0.970904168792288],[114.237573011685,-0.97095712896828],[114.237377097975,-0.97096669056026],[114.237278761606,-0.970968819255575],[114.237180809247,-0.970972499281345],[114.236975532695,-0.9709924849152],[114.236867382024,-0.971005657285218],[114.236759255635,-0.971019871070155],[114.236543034334,-0.971051979565175],[114.236440998154,-0.971068490218613],[114.236338963772,-0.971085179837132],[114.23613493458,-0.971119277632511],[114.236032953258,-0.97113677574157],[114.235928630102,-0.971155144394345],[114.235721570194,-0.971193004053873],[114.235618389177,-0.971212347571736],[114.235427832728,-0.971248815080685],[114.235253940717,-0.971286063201205],[114.234985577622,-0.971149690006143],[114.234748375137,-0.97098723287445],[114.234444742431,-0.970796090067438],[114.234055725391,-0.970528516577758],[114.233723603961,-0.970346893993906],[114.233448016613,-0.970307518077448],[114.233212546222,-0.970275226120748],[114.232978640652,-0.97021814704982],[114.232641644896,-0.970067034865735],[114.232460785837,-0.969990843402627],[114.232279827852,-0.969914364156523],[114.232089820889,-0.969833596942919],[114.23189959539,-0.969751873749942],[114.231713063407,-0.969668357308819],[114.231536704555,-0.969569728660019],[114.231373303135,-0.969447957756984],[114.231210095969,-0.969303601280103],[114.231048708131,-0.969157849055421],[114.23088958029,-0.969013701221286],[114.230655612666,-0.968799358603462],[114.230578216112,-0.968726991957055],[114.230510102359,-0.968653500258768],[114.230451113128,-0.968572385007519],[114.23035156807,-0.968394026962699],[114.230258733754,-0.96819723371533],[114.230214747912,-0.968093648003389],[114.230178569985,-0.96798883831417],[114.230154180371,-0.967882257859856],[114.230145558571,-0.967773358053989],[114.230147674676,-0.96737748278457],[114.230148205276,-0.967278514192003],[114.230166460614,-0.967242981078641],[114.230234623829,-0.967098665071262],[114.230273451159,-0.966997646024481],[114.230300738388,-0.966883662351108],[114.230306676612,-0.966770402631937],[114.230281458722,-0.966671559045153],[114.230215276714,-0.966600820171664],[114.230127554143,-0.966555288395796],[114.230038892681,-0.966517712922041],[114.229949534244,-0.966485075625712],[114.22985971985,-0.966454353885297],[114.22967124803,-0.966386966785024],[114.229572604992,-0.966352467892023],[114.229473985336,-0.966317970797661],[114.2293756049,-0.96628241340261],[114.229277692112,-0.96624472911094],[114.22919170883,-0.966205126565285],[114.229032012617,-0.966103111969005],[114.228957994816,-0.966042733285462],[114.228887658838,-0.965977465887306],[114.228754861348,-0.96583850894001],[114.228691664189,-0.965767038917647],[114.228629787235,-0.965694497802758],[114.228568619846,-0.965621069956342],[114.228499021313,-0.965530742050078],[114.228433261986,-0.965437351952176],[114.228367946024,-0.965343660581425],[114.228299679387,-0.965252431554404],[114.228225062637,-0.965166425789846],[114.228158651301,-0.965105115408676],[114.228086872811,-0.965050067006928],[114.228012626582,-0.96499785686558],[114.227938818322,-0.964945062164816],[114.227868345648,-0.964888255588505],[114.227782651049,-0.964813348357268],[114.227613445404,-0.964660931256901],[114.227458665785,-0.964494103420066],[114.227399145954,-0.964415874992596],[114.227287121903,-0.964254806414147],[114.227064464154,-0.963957384425726],[114.226399652922,-0.963715680833957],[114.225316829608,-0.963838805216653],[114.225776089995,-0.963475390976441],[114.226307014657,-0.962114244576696],[114.226711298588,-0.960939247947863],[114.227046129675,-0.959652256946072],[114.227156605093,-0.959300479933177],[114.227315185248,-0.958931863114969],[114.227374580073,-0.958730676679352],[114.227426908925,-0.958538612966549],[114.227447674271,-0.958446893809082],[114.227622888286,-0.958023003758569],[114.227809032661,-0.957819560923951],[114.227963699865,-0.957656090256307],[114.228034232794,-0.957573449754875],[114.228290051245,-0.957530113224095],[114.228672074257,-0.957681741619012],[114.228937463293,-0.957786430799104],[114.229214262928,-0.957884117857702],[114.22942272398,-0.957904047733564],[114.22980437737,-0.95781735488697],[114.230066696121,-0.957707546765846],[114.230242271664,-0.95766054999433],[114.230420493011,-0.95763014931191],[114.230508901764,-0.957623956580278],[114.230946849118,-0.957812726975703],[114.231057720238,-0.957980615113229],[114.231220127007,-0.958330165404789],[114.231300420278,-0.958510289718049],[114.231427441423,-0.9587767066796],[114.231566357901,-0.959035685348567],[114.231717137336,-0.959299936742639],[114.231897238267,-0.959553962845064],[114.232085353057,-0.95966570270997],[114.232314777305,-0.959667333180846],[114.23241365057,-0.959627581347775],[114.232494570668,-0.959571149788701],[114.232569431134,-0.959504847270864],[114.232638157325,-0.959429991301022],[114.232700665603,-0.959347900285309],[114.232756885822,-0.959259888133261],[114.232794988298,-0.959160754065522],[114.232810263283,-0.959055044154923],[114.232819481334,-0.958948142642612],[114.232839415707,-0.958845440064977],[114.232886837857,-0.958752312569118],[114.232949431571,-0.958678623019978],[114.233017768355,-0.958612967114675],[114.233092067645,-0.958555914124076],[114.233172553371,-0.958508024325795],[114.233259450363,-0.958469859796139],[114.233350826879,-0.958439587716725],[114.233442439917,-0.958414979567578],[114.233534366818,-0.958394781693755],[114.233626677729,-0.958377740440312],[114.233719450892,-0.958362605749585],[114.233819174915,-0.958357365400047],[114.233920386417,-0.958364652606576],[114.234021706736,-0.958372615203984],[114.234121753616,-0.958369393832413],[114.234219151992,-0.95834313183002],[114.234317455986,-0.958290382994733],[114.234405575157,-0.95822555986166],[114.234486613067,-0.958152048378281],[114.234563670577,-0.958073229995534],[114.234639847651,-0.957992488862203],[114.2347087618,-0.957919897385295],[114.234776298188,-0.957847330190077],[114.234842151045,-0.95777379172705],[114.234906005608,-0.957698284648075],[114.234967555209,-0.957619810705637],[114.235030255042,-0.957532670896001],[114.235089037429,-0.957443825072403],[114.235144489627,-0.957353045706441],[114.235197197992,-0.957260102571638],[114.235247747985,-0.957164769938117],[114.235295420148,-0.957068633310712],[114.23533924501,-0.956971484946052],[114.235411146707,-0.956772307595884],[114.235437120027,-0.956669351409403],[114.235453451715,-0.956572776812152],[114.235463882952,-0.956475515132865],[114.235471707054,-0.95637795308005],[114.235480221835,-0.956280486355297],[114.235492720613,-0.956183493573349],[114.235507904766,-0.95608035842173],[114.235522948625,-0.95597717110951],[114.235541849677,-0.955874810274224],[114.235568609903,-0.955774154553524],[114.235607230389,-0.955676086182393],[114.235659926165,-0.955575616621388],[114.235718309253,-0.955480309168877],[114.235780670042,-0.955388403851714],[114.235845304317,-0.955298147891142],[114.235910505166,-0.955207778616057],[114.235976287875,-0.955117153034109],[114.236042981598,-0.955027437566116],[114.23610995501,-0.954937979304248],[114.236176576788,-0.954848122642716],[114.2362422228,-0.954757206579757],[114.236295260318,-0.954679293814308],[114.236344839043,-0.954600156172205],[114.236391599293,-0.954518931203665],[114.236436173291,-0.954434757358115],[114.236479196858,-0.954346771286396],[114.23651859166,-0.954256339058759],[114.236550562558,-0.954163876161886],[114.236571516762,-0.954070595781332],[114.236577866875,-0.953977704807187],[114.236566018307,-0.953886420921549],[114.236538851587,-0.953784555612685],[114.236508682929,-0.953682861175082],[114.236477259718,-0.953581183824554],[114.236446337429,-0.953479368877709],[114.236417667042,-0.953377264349228],[114.23639239969,-0.953282080103861],[114.23636708917,-0.953186840999876],[114.236342196835,-0.953091362676219],[114.236321322671,-0.953007998220471],[114.236269328367,-0.952768454800321],[114.2362488553,-0.952637279686655],[114.236233139648,-0.952505563181148],[114.236212181847,-0.952241094151134],[114.236209583705,-0.952147731932257],[114.23621095697,-0.952054226721145],[114.23621327902,-0.951960708020238],[114.236213531729,-0.951867309828458],[114.236208693377,-0.951774165245467],[114.236199514896,-0.95167877505537],[114.236189494649,-0.951583447817825],[114.236179066111,-0.951488151157207],[114.236168659156,-0.951392856295229],[114.236158709057,-0.951297529057683],[114.236148707697,-0.951196036068154],[114.236139229742,-0.95109443426071],[114.236130491929,-0.950992780292552],[114.236122711894,-0.950891130820992],[114.236116111769,-0.950789541604024],[114.236119357422,-0.950682800171023],[114.236139413203,-0.950577622659125],[114.236172887769,-0.950473997377003],[114.236266536871,-0.950271318066825],[114.236317705598,-0.950179708626592],[114.236371947308,-0.950092898868149],[114.236428924755,-0.950009496640916],[114.236488306091,-0.949928115190289],[114.236549754068,-0.949847364164498],[114.23662653009,-0.949763371981987],[114.236712384769,-0.949686511423295],[114.236798228655,-0.949610155384335],[114.236874965108,-0.949527674062836],[114.236933510973,-0.949432435858171],[114.236970821147,-0.949342843597321],[114.237004597884,-0.949252027359137],[114.237036658715,-0.949160637353486],[114.237068825666,-0.949069327387519],[114.237102917166,-0.948978747671049],[114.237140078052,-0.948879449027288],[114.237175601273,-0.948779326604608],[114.237212521141,-0.948679820217478],[114.237253872868,-0.948582363385299],[114.237302696163,-0.948488396822029],[114.23735850629,-0.94839614526586],[114.237416391154,-0.948305464825296],[114.237475422653,-0.948215651331225],[114.237534671788,-0.948125999715046],[114.237593205962,-0.948035801311107],[114.237648700427,-0.947951232663229],[114.237760637244,-0.947783243801609],[114.237813950853,-0.947696818952977],[114.237863409069,-0.94760677523243],[114.237897401644,-0.94751540681051],[114.237914354764,-0.947419695562473],[114.237921936049,-0.947321572332669],[114.23792781042,-0.947222966166919],[114.237939649995,-0.947125812406284],[114.23795642325,-0.947032564401297],[114.237973246868,-0.946939337080721],[114.237990619072,-0.946846184403853],[114.238009031791,-0.946753156732768],[114.23802898505,-0.946660311624044],[114.238055312703,-0.946560101067746],[114.238088069609,-0.946461935569801],[114.238126367238,-0.946365634366487],[114.238169308966,-0.946271015794707],[114.238216008062,-0.946177900889381],[114.238235953227,-0.946140197711884],[114.238264110101,-0.946086966840028],[114.238313306614,-0.9459971083798],[114.238364173168,-0.945908528755524],[114.238417280833,-0.945821433911988],[114.238473203376,-0.94573603069324],[114.238526302947,-0.945658033391453],[114.238579404316,-0.945580034291083],[114.238632503887,-0.945502036090033],[114.238738704827,-0.945346038788614],[114.238881703328,-0.945090449664463],[114.239101285396,-0.944778276995862],[114.23925477269,-0.944659711276586],[114.239485506351,-0.944437352102057],[114.239723811405,-0.944198982297166],[114.240014334694,-0.943956623099609],[114.240240054635,-0.943735121878319],[114.240386883348,-0.943569064760482],[114.240597981212,-0.943309605853585],[114.240795306858,-0.94304315741573],[114.24106331472,-0.942615798680094],[114.24140310467,-0.942075607403297],[114.241561014829,-0.941733076320361],[114.241708888554,-0.941378952976265],[114.241878089702,-0.94101883295275],[114.242156024281,-0.940687101828246],[114.24245348494,-0.94049851579382],[114.242657429597,-0.940411811256013],[114.242847718947,-0.940347121222601],[114.243353573209,-0.940300922149788],[114.243881800805,-0.940274214083672],[114.244374078901,-0.940251934279274],[114.244844776865,-0.940210194944484],[114.245419887018,-0.940102942696626],[114.245582956588,-0.939990701010004],[114.245669478564,-0.939831369022443],[114.245754716307,-0.939567073561534],[114.24582639767,-0.93921662574661],[114.24619889956,-0.939213178645218],[114.24660258634,-0.939280196124116],[114.247074393169,-0.939434864227565],[114.247153303282,-0.939454249114249],[114.247470227969,-0.939532098027883],[114.247795626067,-0.939552205070186],[114.24808924842,-0.939545684085999],[114.248387647072,-0.9395290403329],[114.248694334776,-0.939497126990773],[114.248890634295,-0.939455092678315],[114.249240947212,-0.939284868102106],[114.249410250882,-0.939171738784694],[114.249731394288,-0.938936333145193],[114.249908095782,-0.938783797334338],[114.249948978962,-0.938748505239289],[114.249954748113,-0.938747155356907],[114.249991720142,-0.938738500281488],[114.249996543206,-0.93873513321978],[114.2500000002,-0.938735869764514],[114.250000025381,-0.938735875160489],[114.250126772233,-0.938762846727968],[114.250409468722,-0.938885068191269],[114.250593413355,-0.939007211413639],[114.250694924331,-0.939056013124457],[114.250805210892,-0.939076830631166],[114.250914644895,-0.939102738300676],[114.25102257793,-0.939137337917771],[114.251128359786,-0.939184235763832],[114.251214953707,-0.939233720060088],[114.251372989772,-0.93934612182602],[114.251447833151,-0.939406899808546],[114.251522161219,-0.939469298369374],[114.251594610603,-0.939539031800848],[114.251661135253,-0.939614788891333],[114.251797191887,-0.939763385671654],[114.25187712363,-0.939825721279988],[114.251964698712,-0.939875703800624],[114.252055377354,-0.939916696698162],[114.252162508193,-0.939955806415298],[114.252243503835,-0.939981340866154],[114.252439856414,-0.940039792302514],[114.252539923978,-0.940068968108335],[114.25262699544,-0.940091255107291],[114.252640325191,-0.940094667135156],[114.252741489928,-0.940114224691683],[114.252843861555,-0.940124973388777],[114.253040674588,-0.940127740602691],[114.253237656693,-0.940118467693082],[114.25344632279,-0.94009964488265],[114.25366706858,-0.940073238988759],[114.253777586267,-0.940062254669272],[114.253978502906,-0.9400524934278],[114.254329938176,-0.939984541553315],[114.254427707073,-0.93997824360099],[114.254525589285,-0.939985409399071],[114.254721352808,-0.940025340197224],[114.255015015631,-0.940105924848524],[114.255302849947,-0.940197499215174],[114.25556068198,-0.940282816099057],[114.255644112985,-0.940319128924614],[114.258517350695,-0.938798036300284],[114.261022371785,-0.936179704229914],[114.262720227057,-0.933155213142527],[114.263939279674,-0.932132377307312],[114.265743498664,-0.930406018023291],[114.265724579626,-0.928975186755395],[114.265596001754,-0.927480830975526],[114.266421049692,-0.925794693869989],[114.267114361339,-0.924586758671921],[114.267993578141,-0.923363658206199],[114.268109696805,-0.92143083616412],[114.268287026925,-0.92123943794968],[114.268981459127,-0.920489915077496],[114.270735170392,-0.917834769259173],[114.271012720061,-0.917414552939192],[114.271110145417,-0.917300035068536],[114.272399003411,-0.915785053337515],[114.27268847899,-0.915506562078122],[114.27301594463,-0.915244079650506],[114.273448964598,-0.914966299754894],[114.273841749797,-0.914853554447916],[114.274304613767,-0.914887878872491],[114.274570992957,-0.914997963984774],[114.27494241566,-0.915320618251883],[114.275320587775,-0.915798979339399],[114.27582286903,-0.916177236889951],[114.276358097848,-0.916572757826486],[114.277173067983,-0.917249873582762],[114.278228166097,-0.917595935404051],[114.278451447976,-0.917627131986478],[114.278951015077,-0.917617625253172],[114.279349650366,-0.917579735916036],[114.279995917578,-0.917443188252491],[114.280221390205,-0.917307083954711],[114.280377594351,-0.917212792736166],[114.280459938975,-0.917163087206688],[114.280700858358,-0.917030399433315],[114.280953066031,-0.916826799217347],[114.281192220944,-0.916520155580656],[114.281392734687,-0.916263015125992],[114.281651991246,-0.916063496033473],[114.281945791665,-0.916068292117927],[114.282275687273,-0.916203939560091],[114.2823212847,-0.916222688626135],[114.282810202929,-0.916305381288282],[114.283543672003,-0.91623550576395],[114.283588749621,-0.916211891365663],[114.283642468825,-0.916181656158471],[114.283683389777,-0.916157387953035],[114.283779127105,-0.916098827698704],[114.283833546881,-0.91606765629723],[114.2839465413,-0.916019520984037],[114.284012063206,-0.916004026564508],[114.284059792925,-0.915998441774605],[114.284166463312,-0.91599030920537],[114.284192887192,-0.915987889129724],[114.284280178088,-0.915974616934989],[114.284345009315,-0.91595964682017],[114.284407488815,-0.91594133122743],[114.284500292555,-0.915904413158103],[114.284603195681,-0.915856323710329],[114.284715634319,-0.915819304017646],[114.284770420119,-0.915814150002973],[114.284806920903,-0.915817448716211],[114.284840240785,-0.915825480561409],[114.284863613265,-0.915833035765957],[114.284899155372,-0.915846736037963],[114.284944897589,-0.915867493290136],[114.28499936323,-0.915896127704059],[114.285068918596,-0.915935627726981],[114.285146393391,-0.915976904810236],[114.285318690006,-0.91605405944722],[114.285560488926,-0.916170596295956],[114.285657156153,-0.916213795230419],[114.285729794395,-0.916239353063645],[114.285833268591,-0.916266009868423],[114.285907629034,-0.916269726766416],[114.285963356424,-0.916254840288616],[114.285983824994,-0.916242962043043],[114.28601943365,-0.916214486809054],[114.286058773594,-0.916180103928582],[114.286101594813,-0.916147025065129],[114.286163630048,-0.916112938960907],[114.28621704618,-0.916092239265367],[114.286279858429,-0.916074936309201],[114.286351285284,-0.916062628187717],[114.286447857183,-0.916053664644835],[114.286558071798,-0.916047865816324],[114.286950698716,-0.916043067933174],[114.287163417158,-0.916044847691524],[114.287313328747,-0.916043119194569],[114.287376503423,-0.916034238389329],[114.287454376618,-0.916008811857125],[114.287565606568,-0.915954936171318],[114.2877289909,-0.915862413919228],[114.287742976257,-0.915854489992682],[114.287836822312,-0.915816116820281],[114.287891321228,-0.915810355763256],[114.287993799874,-0.915813642785338],[114.288120715798,-0.915828641678445],[114.288343819612,-0.915855633930335],[114.28847899401,-0.915861096412414],[114.288669849934,-0.915861798782942],[114.288945469658,-0.915872286676631],[114.289013974615,-0.915875055689241],[114.289015337088,-0.915876869621798],[114.289117903868,-0.916013430775138],[114.291105000895,-0.918659121121493],[114.293977227767,-0.923685521069899],[114.294104140094,-0.923907616743065],[114.294665937583,-0.924890762798441],[114.29513753397,-0.925716056250963],[114.295823346171,-0.926093252601504],[114.300178201663,-0.928488423302042],[114.301153934606,-0.928135497854896],[114.31202377128,-0.924203856123029],[114.316034663069,-0.919290512646967],[114.319592961146,-0.914931596715746],[114.321965261188,-0.914887821315858],[114.32204714536,-0.91488630955547],[114.324574471435,-0.914839673412132],[114.328054690372,-0.914775451925493],[114.331686213048,-0.91097099861264],[114.336701175419,-0.910279279664962],[114.340505628732,-0.908895842668983],[114.340415333201,-0.908307041236924],[114.340350672845,-0.907885404887452],[114.340071394679,-0.906064286737376],[114.339774554552,-0.904128654313922],[114.339613342981,-0.903077424183721],[114.33881150115,-0.897848771203769],[114.337983210257,-0.892447648939822],[114.339640980947,-0.88364810467624],[114.344828871255,-0.880016581100278],[114.34560383325,-0.879894219342702],[114.346087989569,-0.879817773371485],[114.348114536257,-0.879497791889548],[114.353676296324,-0.875670343811294],[114.359284604401,-0.871810862781047],[114.36279235968,-0.869396924128694],[114.364142956133,-0.86846748108934],[114.364196999092,-0.868430289626133],[114.365081437359,-0.862010489992088],[114.365199991387,-0.861149950309937],[114.367800326224,-0.85992938503307],[114.370489603113,-0.858667071428158],[114.371978836354,-0.857968042790901],[114.37531766298,-0.854606055924705],[114.376232545995,-0.853684828192229],[114.379341955567,-0.850553850180006],[114.380337228081,-0.849551675369469],[114.385301231267,-0.844553239840081],[114.385508373013,-0.844314575956844],[114.387231591865,-0.842329128286622],[114.39285023495,-0.835855474550442],[114.395234302621,-0.834220685136472],[114.398594042081,-0.831916863972026],[114.40180412536,-0.830724548199271],[114.410081655444,-0.827650036819705],[114.410924983901,-0.827509481777099],[114.416974224181,-0.826501275213616],[114.419764073153,-0.826337166027315],[114.427462536067,-0.825063182819576],[114.436469234667,-0.82357270581565],[114.437393217023,-0.823419800383419],[114.441997105582,-0.822657924423652],[114.447652877179,-0.821721975688604],[114.450888725135,-0.822661415591824],[114.451941533575,-0.822967069974254],[114.453048248278,-0.823436585330114],[114.455370725878,-0.824421878966518],[114.456506877191,-0.824903883207583],[114.456597981212,-0.824982870662893],[114.462125577833,-0.829775346155259],[114.467665228967,-0.834578271769772],[114.468612433617,-0.835131556276281],[114.470813855275,-0.836417457299774],[114.473681930877,-0.838092765668534],[114.479092910609,-0.841253443791345],[114.480298924856,-0.841957904333754],[114.484223181355,-0.844250152122754],[114.485910387754,-0.845235687676791],[114.48830565738,-0.846634819641167],[114.498790240677,-0.848156805292263]]]},"properties":{"Kecamatan":"KAPUAS TENGAH"}},{"type":"Feature","geometry":{"type":"Polygon","coordinates":[[[114.116550286167,-0.817179896634855],[114.116178464165,-0.819352203641245],[114.115227691005,-0.81931412724515],[114.115132271137,-0.819328833858549],[114.115131198246,-0.819328998434457],[114.114529782923,-0.819687167828477],[114.114524144174,-0.819697935411341],[114.114460205074,-0.819820010285184],[114.114455462949,-0.81982906196157],[114.114455409889,-0.81983010157785],[114.114455167072,-0.819834869783392],[114.114314560768,-0.822596293883805],[114.114312434771,-0.82263804131253],[114.114312087633,-0.822639098015941],[114.114256406108,-0.822808274881936],[114.11416739391,-0.823078722604919],[114.114158617426,-0.823105401892747],[114.114032962351,-0.823487359254159],[114.114029791342,-0.823496997288544],[114.114029058394,-0.823531016842878],[114.114018547118,-0.824018514143063],[114.114018273724,-0.824031162208314],[114.114018890659,-0.824033852979881],[114.114121623814,-0.824482236066274],[114.114121852242,-0.824483230716453],[114.11422183527,-0.824774672213323],[114.114221935094,-0.824774631743821],[114.11464499597,-0.824606883900515],[114.114657422802,-0.824595371679038],[114.114827454923,-0.82443786621451],[114.114834376106,-0.824431454947614],[114.114851759101,-0.824421581290892],[114.114911395844,-0.824387707426695],[114.114919761338,-0.824382956308341],[114.114923794797,-0.824383037247344],[114.115108984992,-0.824386756843296],[114.115112722574,-0.824386832386381],[114.115179502632,-0.824409293853762],[114.115185106308,-0.824413835430107],[114.115239687961,-0.82445807218221],[114.115366856595,-0.824561137186663],[114.115368647145,-0.824562586893819],[114.115450214756,-0.824659769432742],[114.115453544945,-0.8246644171291],[114.11554345017,-0.824789918419924],[114.115546601395,-0.824794317004091],[114.115549599734,-0.824799426052607],[114.11565242372,-0.824974605893317],[114.115654083869,-0.824977434261143],[114.115772702648,-0.825156823828308],[114.115772549763,-0.825157254603596],[114.115679742426,-0.825418239659996],[114.115674779967,-0.825435227853461],[114.115456511809,-0.826182413387642],[114.115452819192,-0.826195056056918],[114.115451763388,-0.826203031244859],[114.115371324427,-0.826810624011046],[114.115370732673,-0.826815087346347],[114.115371318132,-0.826818931948083],[114.115384870016,-0.826908046668962],[114.115385504937,-0.826912220422571],[114.115385853874,-0.826912518997517],[114.115459678322,-0.826975778209544],[114.115615476873,-0.827054336688263],[114.115826993821,-0.827058227155419],[114.116123896001,-0.827013618983301],[114.116313179909,-0.826972665655944],[114.116574193744,-0.826849733728181],[114.11683520668,-0.826726801800419],[114.116836928881,-0.82672684406856],[114.116986186663,-0.826730499812641],[114.117137165748,-0.826734197824919],[114.117143547337,-0.826740071297195],[114.117303881169,-0.826887649145647],[114.11730775365,-0.826891213158888],[114.117308645777,-0.826892472209749],[114.117418967411,-0.827048186224772],[114.117419179652,-0.827049037882716],[114.117552172295,-0.827582458163874],[114.11754461799,-0.827765491783964],[114.117542527066,-0.827784308299158],[114.117530269307,-0.827894630832475],[114.117529676653,-0.82789995931563],[114.117530262112,-0.827904628595661],[114.11756288412,-0.828165202661921],[114.117637031424,-0.828262379804926],[114.117796504605,-0.828393240155833],[114.117900360114,-0.828460554411038],[114.118045069125,-0.828483074334372],[114.118204641231,-0.828475718779373],[114.118323428184,-0.828423510436608],[114.11833054362,-0.828423955601011],[114.118562453594,-0.828438493141903],[114.118564624558,-0.828438628939523],[114.118879945753,-0.82858080815771],[114.118892780877,-0.828587337235774],[114.119296569281,-0.828792738793823],[114.119299123356,-0.828794038314186],[114.119300375212,-0.828795985346403],[114.119428048366,-0.828994591627065],[114.119428856856,-0.828995850677927],[114.119621641825,-0.829246269599594],[114.119624162625,-0.829249234664417],[114.119843873296,-0.82950764316314],[114.119844106221,-0.829507918355716],[114.119844320259,-0.829508546981799],[114.119932979024,-0.829769469085704],[114.120029255945,-0.830053438115613],[114.12010695737,-0.830367277227992],[114.120142544443,-0.830669622105347],[114.120144845808,-0.830815050574074],[114.120144868291,-0.830816424738146],[114.120149640993,-0.831117888279891],[114.120154436178,-0.831420723287692],[114.120079900367,-0.831857721856352],[114.120005560608,-0.832025764677269],[114.119960982114,-0.832092971013765],[114.119797588788,-0.832249741732142],[114.11979657795,-0.832250937830452],[114.119734449186,-0.83232440614637],[114.119728064898,-0.832334030690902],[114.119655361006,-0.832443637363951],[114.119652720597,-0.832447616863988],[114.119648357086,-0.832461927775682],[114.119607412752,-0.832596210047029],[114.11959692306,-0.832630615410551],[114.119596915865,-0.832640873977084],[114.119596821436,-0.832771576946698],[114.11959681694,-0.832776725565395],[114.119626420823,-0.832892122073702],[114.119626793142,-0.832892637385271],[114.119656077766,-0.832933233681729],[114.119748793372,-0.833011748093668],[114.119923161125,-0.833071643841265],[114.120015935187,-0.833071712189735],[114.120041910306,-0.833071731974826],[114.120123528278,-0.833101675801629],[114.1201240301,-0.833103025684068],[114.120145749627,-0.833161460033295],[114.12012339338,-0.833288450601458],[114.119937581754,-0.833496565414123],[114.119936938739,-0.833497916195824],[114.119848441852,-0.833683743110214],[114.119759301051,-0.833870920806305],[114.119677493322,-0.834102462058922],[114.119677352128,-0.83429670842628],[114.119744023368,-0.834468588654374],[114.119803200557,-0.834737590267537],[114.119814040086,-0.834909769070521],[114.119839885702,-0.835320353651355],[114.119842834579,-0.835459737776603],[114.119845517257,-0.835463766739394],[114.119885659396,-0.835524068081213],[114.119885847354,-0.835524849592105],[114.119930200119,-0.83570956044781],[114.119929422205,-0.835760141916978],[114.11992503891,-0.836045019262201],[114.11992479969,-0.83606053436614],[114.119925528141,-0.836068752370977],[114.119935250711,-0.836178508331443],[114.119955532222,-0.836407437952857],[114.119956040339,-0.836413177426152],[114.119956510684,-0.836413805152915],[114.120354933733,-0.83694424058416],[114.120864129876,-0.837189626000395],[114.121340168914,-0.837357024007417],[114.121783031961,-0.837505868101289],[114.121872545082,-0.837512418763083],[114.121885736338,-0.837626926741223],[114.121923467394,-0.837753328253427],[114.12196467523,-0.83786054183048],[114.121996665014,-0.838203554050722],[114.121997852119,-0.838642317089239],[114.121991800581,-0.838842954039023],[114.122011529908,-0.839001528797496],[114.122032807868,-0.839172549273655],[114.122078354932,-0.839500360253396],[114.122041855947,-0.839744286969221],[114.122055433012,-0.840019919283804],[114.122156648111,-0.840294259272582],[114.122324836622,-0.840595851417334],[114.122426038231,-0.840720030704802],[114.122663444862,-0.840905558144925],[114.122838148062,-0.841025425183204],[114.122944965937,-0.841110504646053],[114.123102421939,-0.841387888839961],[114.123130508666,-0.841502048780455],[114.123132492571,-0.841678619872368],[114.123132717401,-0.841698563238083],[114.123273151035,-0.841682381736462],[114.123286164225,-0.841680882566607],[114.123376484038,-0.841559028026666],[114.123400965382,-0.841523160365512],[114.123450172687,-0.841451065314345],[114.123464299238,-0.841435310091413],[114.123504758838,-0.841390182111184],[114.123513406718,-0.841380536882241],[114.123525749913,-0.841371395273597],[114.12353313065,-0.84136592829492],[114.123558389908,-0.841347217000418],[114.123573419378,-0.841342292312902],[114.123634236031,-0.84132236243704],[114.123648707022,-0.841317619412564],[114.123724314825,-0.841302268884533],[114.123818657305,-0.841280316433426],[114.123894124814,-0.841260346987383],[114.123988328798,-0.841228996620828],[114.124076035181,-0.841172710751948],[114.124105796445,-0.84114244226987],[114.124143803594,-0.841091745687493],[114.124176487655,-0.841039694726078],[114.124233018139,-0.840932177178161],[114.124257659563,-0.840877689054082],[114.124280722677,-0.840822578599102],[114.124281866615,-0.840822655940769],[114.124328187996,-0.840825775688927],[114.124481304768,-0.840899917597085],[114.124508951727,-0.840904952901212],[114.124624572166,-0.840926011426234],[114.124656022358,-0.840931738309052],[114.124675019636,-0.840938054247772],[114.124737679001,-0.840958884345014],[114.124748594072,-0.840962512210126],[114.124758395783,-0.840967906343735],[114.12482265684,-0.841003267686631],[114.124834952371,-0.841010032387032],[114.124861907751,-0.84103042091715],[114.124876217763,-0.841041244257951],[114.1249007099,-0.841059767594174],[114.124931892093,-0.841087848025722],[114.124945952993,-0.841100499688253],[114.124956226848,-0.841111157553826],[114.124991464085,-0.841147714995031],[114.12500428482,-0.841161014169415],[114.125035125271,-0.841194968972616],[114.125095511149,-0.841263698760656],[114.125139024846,-0.841316753365447],[114.125163196824,-0.841347874404846],[114.125211133387,-0.841410387179565],[114.125247087383,-0.841457278730388],[114.12527631535,-0.841495200443092],[114.125310746794,-0.841539708790492],[114.125345421954,-0.841583961730407],[114.125398721174,-0.841649750735371],[114.125474308293,-0.841727000700473],[114.125642600226,-0.841794263694283],[114.125717306908,-0.841811865225338],[114.125752411045,-0.841816692786097],[114.125886224769,-0.841835097411774],[114.125892934611,-0.841836019216885],[114.125905973882,-0.841841328814212],[114.125937510408,-0.841854172931676],[114.125958596812,-0.841862758759248],[114.125999539347,-0.841883367623268],[114.126443620976,-0.841667860383382],[114.12666111302,-0.841562314149428],[114.126667279671,-0.841559321205636],[114.126716125449,-0.841550381045181],[114.126815562588,-0.84153218236429],[114.126883790555,-0.841519695277668],[114.127232150144,-0.841372316179388],[114.127244764934,-0.841368423014274],[114.12763654559,-0.841247483984148],[114.12764795439,-0.841243962238991],[114.127662146591,-0.84124323558683],[114.128094158419,-0.841221094278012],[114.128110032352,-0.841220280391553],[114.128153576626,-0.841223328194019],[114.128367919244,-0.841238353167398],[114.12840592999,-0.841241016059996],[114.128411653275,-0.841243202311887],[114.128692196787,-0.84135034664115],[114.128695201422,-0.841351493276761],[114.12893801208,-0.841437304787746],[114.129042810977,-0.841474341567562],[114.129210316903,-0.841479473099184],[114.129267505691,-0.841483897763624],[114.129567610357,-0.841507118258846],[114.129610060156,-0.841510401683649],[114.129644112086,-0.841515957695265],[114.129766871344,-0.841535989194483],[114.129792811389,-0.841540221404045],[114.129825820106,-0.841549406180093],[114.129974192055,-0.841590694055242],[114.12999749259,-0.841597177267886],[114.130220768174,-0.841662522907086],[114.130508836314,-0.841731088119161],[114.130598050859,-0.84175487878457],[114.130604373993,-0.841757979647014],[114.130951670583,-0.841928319336432],[114.13095229831,-0.841928443442839],[114.131179862761,-0.841973318713656],[114.131188686009,-0.841975058002504],[114.131310754588,-0.842003126742839],[114.131493742342,-0.842045204222757],[114.131498235355,-0.8420468221031],[114.131817373273,-0.842161715890427],[114.131833861444,-0.842167651415934],[114.132022353949,-0.842242299642351],[114.132028696867,-0.842245699979003],[114.132355232608,-0.842420709847829],[114.13235861316,-0.842422520183106],[114.132601854592,-0.842610249163613],[114.132852771738,-0.842694895153215],[114.133140463961,-0.842672177379029],[114.13341256284,-0.842549746373663],[114.133621915119,-0.842422945562419],[114.133648658259,-0.842408756059172],[114.133882275147,-0.842284798904302],[114.133902661878,-0.842273981858739],[114.134036634783,-0.84221681735221],[114.134068787345,-0.842204698088324],[114.134236429967,-0.842141501828792],[114.13425215911,-0.842135572598522],[114.134265559908,-0.842134704752766],[114.134452511874,-0.842122600777373],[114.134469606187,-0.842121492812623],[114.134486031405,-0.842123118786844],[114.134631044387,-0.842137473765376],[114.134644380434,-0.842138793070774],[114.134657470066,-0.842142599901024],[114.134808644304,-0.842186560561288],[114.13482117186,-0.842190202815573],[114.134832360325,-0.842195644613241],[114.1349757914,-0.842265404125044],[114.134987699323,-0.842271194859734],[114.134997090943,-0.842277979345226],[114.13511946709,-0.842366379105044],[114.135123076069,-0.842368985340329],[114.135125044685,-0.842371678809855],[114.135227702297,-0.842512093558241],[114.135228375889,-0.842513015363295],[114.135228658276,-0.842513840041647],[114.135287492824,-0.842686026938566],[114.13528955317,-0.842692655841347],[114.135342053793,-0.84286158809175],[114.135344492754,-0.842869434676629],[114.135346762643,-0.84287588461433],[114.135415318862,-0.843070666078347],[114.135416058105,-0.843072763297357],[114.135416529349,-0.843073837987163],[114.135517010602,-0.843303514945205],[114.135600513553,-0.843463102340252],[114.135657374089,-0.843540635591808],[114.135658231143,-0.843542474705373],[114.135697137613,-0.843625933589919],[114.135660921914,-0.844110133076128],[114.135776643078,-0.844236284576823],[114.135777323864,-0.844237027416852],[114.135899868184,-0.844426034333992],[114.136159132838,-0.844761535416467],[114.136287413933,-0.844905827142156],[114.136289138833,-0.844908513417124],[114.136399733861,-0.845080786648964],[114.136408388936,-0.845274071641029],[114.136404706212,-0.845416386656893],[114.136405169363,-0.845422696300375],[114.136421784338,-0.845649305670861],[114.136421951612,-0.845651598942084],[114.136422493903,-0.845652759966868],[114.136515539561,-0.845852163946176],[114.13659290374,-0.845972373626068],[114.136669613212,-0.846091565273468],[114.136677576709,-0.84610393994484],[114.136681878166,-0.846111293701199],[114.136747635695,-0.846223735037313],[114.136750857066,-0.846229243384812],[114.136751027938,-0.846229872010952],[114.136811592781,-0.846452284245458],[114.136806693274,-0.846580754198385],[114.136782726342,-0.846886976053042],[114.136781964616,-0.846907288140812],[114.136777923063,-0.84701530571175],[114.136776486845,-0.847053573663459],[114.136772172798,-0.847253878763468],[114.136760195627,-0.847568916672117],[114.136745417967,-0.847639418124572],[114.136726569076,-0.847729342235311],[114.136698191868,-0.847806924050246],[114.13665307468,-0.847910488178456],[114.136625851302,-0.847968168895818],[114.136576808573,-0.848079072391215],[114.136548457445,-0.848150129624742],[114.136546112913,-0.848159319796707],[114.136511237204,-0.848296048223972],[114.136509476331,-0.84830295142001],[114.136509579753,-0.848313817928329],[114.136510810925,-0.848442492027345],[114.136510899958,-0.848451811701693],[114.136515046732,-0.848490683098476],[114.13651603059,-0.848499907444705],[114.136517879597,-0.848517234682561],[114.136519511866,-0.848526637094551],[114.13653190992,-0.848598057654215],[114.136532961227,-0.84860411458817],[114.136534153728,-0.848608245174319],[114.136567743407,-0.848724496038642],[114.136568347751,-0.848726589660316],[114.136569447622,-0.848729464792939],[114.13659688324,-0.848801186625394],[114.136613498214,-0.848837568698798],[114.136675089184,-0.848951901309135],[114.136751694335,-0.849079169767833],[114.136785769648,-0.849129674794597],[114.136823855936,-0.849186121642163],[114.136828823791,-0.849193484391719],[114.13683397241,-0.849202045038282],[114.136851100898,-0.849230530164789],[114.136858496922,-0.849242829293075],[114.136859583303,-0.849245181020251],[114.136889529828,-0.849310032032292],[114.13690248726,-0.849379188998341],[114.13689448869,-0.849460808769265],[114.136875509397,-0.849543180373416],[114.136847737433,-0.849624161625684],[114.136810348119,-0.849719972698551],[114.136782830663,-0.849788885948271],[114.136745748917,-0.849880477402053],[114.136731285121,-0.849915223608662],[114.13670236832,-0.849985614444506],[114.136672765336,-0.850057663630253],[114.136665657094,-0.850074964787723],[114.136662211792,-0.850087897938067],[114.136645987123,-0.850148800926377],[114.136643059829,-0.850159787943824],[114.136640460789,-0.850178001013887],[114.136638422026,-0.850192290341852],[114.136633768933,-0.850224889866752],[114.13663137224,-0.850268575334439],[114.136512563704,-0.85107080117649],[114.136438963188,-0.851567777331013],[114.13617739627,-0.852594885845235],[114.136257594213,-0.853052001348715],[114.136437366891,-0.853308544653544],[114.136669713936,-0.853474629650407],[114.136902121236,-0.85354267685301],[114.1371149431,-0.853536509302387],[114.13736559045,-0.853479285440642],[114.137463291897,-0.853449263372738],[114.137655531877,-0.853377791551793],[114.13776629328,-0.85333885360518],[114.137950762218,-0.853273526851751],[114.138024470653,-0.853247138044935],[114.13808731168,-0.853218923614406],[114.138206563582,-0.85316538337571],[114.13826547727,-0.853134401731211],[114.138377048962,-0.853067618975388],[114.138448043243,-0.853001088029714],[114.138496317951,-0.852957997013903],[114.138610913163,-0.852898455599188],[114.138775617701,-0.852868270754072],[114.138842116271,-0.852862527683442],[114.13906530462,-0.852854706279629],[114.139143767771,-0.852855940149482],[114.139261308263,-0.852851263674836],[114.139426153095,-0.85284771495003],[114.139614752619,-0.852690026923142],[114.139723493245,-0.852574416376171],[114.139828366786,-0.852372905285279],[114.139926496311,-0.852255720924745],[114.140043949569,-0.852149520883643],[114.140182261702,-0.852077767574883],[114.140313424225,-0.852048580977169],[114.140477276205,-0.852050987562961],[114.140642139024,-0.852073990422298],[114.140807001842,-0.852096993281577],[114.140872779156,-0.852047889398534],[114.140893036385,-0.852119352226282],[114.140893614649,-0.852120737182247],[114.140921826381,-0.852188575742105],[114.140921866851,-0.852188652184509],[114.140961448712,-0.852255470913178],[114.140987840217,-0.852287704413982],[114.141044401278,-0.852348379873774],[114.141105994946,-0.852399771632122],[114.141249517751,-0.852473837997195],[114.141271934252,-0.852485405976665],[114.141320914928,-0.852488623750958],[114.141409270621,-0.852494427975444],[114.141571815887,-0.852500356306336],[114.142331563151,-0.852504576824686],[114.142485190739,-0.852507013987463],[114.142512485163,-0.852509326144457],[114.142529151399,-0.852510737180751],[114.142581793215,-0.852515196019453],[114.142596271401,-0.852519771770005],[114.142692718294,-0.852550257888026],[114.142705477876,-0.852554291347417],[114.142708113788,-0.852557009997952],[114.142870242668,-0.85272428479783],[114.142870920756,-0.852724983571079],[114.14298267591,-0.852890633296056],[114.143067955022,-0.852990935583136],[114.143135548966,-0.853062874152272],[114.143183983754,-0.853107960763737],[114.143304280668,-0.853140291391298],[114.143311656907,-0.853141223088926],[114.143539511839,-0.853170022078814],[114.143542401361,-0.853170387203534],[114.143570921561,-0.853185798885477],[114.143594608804,-0.85319859893616],[114.143649588858,-0.853228308939265],[114.143651010686,-0.853230298239623],[114.143793562223,-0.853429660850111],[114.143794061347,-0.853525697652799],[114.143773258229,-0.853654098357879],[114.143772644892,-0.853661908070535],[114.143755127897,-0.853885118903065],[114.143701457256,-0.854004118095531],[114.143700062408,-0.85400721086404],[114.143697490347,-0.854026055258203],[114.143683335917,-0.854129758781312],[114.143681941968,-0.854139968784466],[114.143679610026,-0.854173505402912],[114.143686775824,-0.854240585834305],[114.143712311174,-0.854307632091491],[114.143712435281,-0.854307797566776],[114.143762750551,-0.854374607302248],[114.143823410722,-0.854419934932025],[114.143823140925,-0.854420675973358],[114.143799417709,-0.854485830956264],[114.143731912798,-0.854561967560699],[114.143602272827,-0.854708184734875],[114.143571364927,-0.854767041765513],[114.143571327155,-0.854818778863489],[114.143567418701,-0.854873097915117],[114.143574639358,-0.854948183212059],[114.143571001601,-0.855091962324138],[114.143528323374,-0.855224483722907],[114.143504300683,-0.855323098881854],[114.143511286617,-0.855388436427177],[114.143568338708,-0.855470710904513],[114.143625343135,-0.855511611171892],[114.143704130042,-0.85554471791437],[114.143726301028,-0.855554033991439],[114.143833549679,-0.855570568027247],[114.143987326554,-0.855549233410329],[114.144064234777,-0.855531521262662],[114.144140990115,-0.85552102167776],[114.144216106888,-0.855520223979113],[114.144326308013,-0.855526393328319],[114.144399267312,-0.855537818315611],[114.144471517946,-0.855561227668488],[114.144604865822,-0.855656551308755],[114.144704269686,-0.855814911129187],[114.144765715865,-0.855955394225987],[114.144795717249,-0.856075962735417],[114.144823438851,-0.856196116657429],[114.144908640621,-0.856326739587303],[114.145070522187,-0.856433026862646],[114.145168077945,-0.85649536426962],[114.145253338171,-0.856565843239025],[114.145334251075,-0.856638208986112],[114.145415316863,-0.856710670061318],[114.145469936289,-0.856758496007728],[114.145566724025,-0.856853528267663],[114.145643135822,-0.856918506084128],[114.145763270858,-0.856969073164123],[114.145828561639,-0.856978917143238],[114.145894179773,-0.856984090043682],[114.145959919315,-0.856987378864403],[114.146093947078,-0.856998295734741],[114.146200725383,-0.857010593064388],[114.146378657149,-0.857031817963957],[114.146515605911,-0.857051906120546],[114.146746934923,-0.85712450928861],[114.146818118062,-0.857168635424159],[114.146902906144,-0.857257733957226],[114.146968850732,-0.857363861153203],[114.147033610013,-0.857561924243385],[114.147041435914,-0.857763634084392],[114.14700721671,-0.857920996556686],[114.146928402824,-0.858118309612223],[114.146912956967,-0.858156977762292],[114.146903095901,-0.858197597441119],[114.146866080705,-0.85847690798289],[114.146883333299,-0.858666115448841],[114.146936477836,-0.858913587292193],[114.146950917351,-0.858983256871738],[114.147004077176,-0.859253983384576],[114.147004373053,-0.859496115053616],[114.146953674672,-0.859702396148634],[114.146927403677,-0.85991015303108],[114.146922201998,-0.85999408136172],[114.146954761953,-0.860189181185717],[114.147067510857,-0.860423198271917],[114.147117621081,-0.860541790071522],[114.147198006983,-0.860751901379103],[114.147238664433,-0.860880876751025],[114.147278844343,-0.861019190683066],[114.147413087944,-0.861234338194095],[114.147584031078,-0.861406508003881],[114.147815576827,-0.861519810890513],[114.147926529786,-0.861513806117216],[114.147969579433,-0.861515655123355],[114.148032880013,-0.861518372874571],[114.148074493443,-0.861520159827478],[114.148132571661,-0.861530322166573],[114.148155514266,-0.861534335840872],[114.148182784408,-0.861539106744317],[114.148368355915,-0.861585643062938],[114.148515931065,-0.861619677006445],[114.148726331955,-0.861658763341211],[114.148796462886,-0.861671791819674],[114.14883153105,-0.861678305609246],[114.148835074379,-0.861680234655068],[114.149027050858,-0.861784768252392],[114.149041182804,-0.861792462851838],[114.149045744166,-0.861796293963721],[114.149126007759,-0.861863708942963],[114.149276029965,-0.861989714753463],[114.149450281705,-0.862121488815603],[114.149690002292,-0.862298500575321],[114.149804468901,-0.862370944563395],[114.149927968301,-0.862432629062539],[114.150113502936,-0.862497747173222],[114.150303467631,-0.862504967829977],[114.150583117217,-0.862500442441444],[114.151057333329,-0.862402396553307],[114.151454819285,-0.86228080011881],[114.151487750659,-0.862273513811544],[114.151626289422,-0.862242862218295],[114.151682300098,-0.862230468661153],[114.152071033851,-0.862155902273003],[114.152250334385,-0.862124419706163],[114.152408354262,-0.862099361896014],[114.1524829872,-0.86208435400971],[114.152511457038,-0.862077606396383],[114.152515337613,-0.862078109117419],[114.152531582966,-0.862080215329627],[114.152533065049,-0.862080406885241],[114.152564035002,-0.862099049831215],[114.152595773876,-0.862116563228767],[114.152626904808,-0.862135072175818],[114.152662202299,-0.862157367268651],[114.15269777768,-0.862179112875708],[114.152733319787,-0.862200886361791],[114.152768507561,-0.862223257896972],[114.152803031635,-0.86224680034951],[114.152831694827,-0.86226871862641],[114.152859116955,-0.862292137871805],[114.152885718002,-0.86231652478773],[114.152911916152,-0.862341350572819],[114.15293813139,-0.862366087325029],[114.15296336097,-0.86239201477963],[114.152986934899,-0.862419519645073],[114.153010372131,-0.862447270924747],[114.153035187124,-0.862473939420738],[114.153062897035,-0.862498197733601],[114.153094027068,-0.86251874094711],[114.153126946751,-0.862535242607294],[114.153161163257,-0.862548778303449],[114.153196181958,-0.862560420926627],[114.153231512724,-0.862571246066125],[114.153278770299,-0.862585755727991],[114.15332598021,-0.86259996321769],[114.153373346603,-0.862613224620588],[114.153421068228,-0.862624890626137],[114.153469345634,-0.862634316420497],[114.15350764686,-0.862640503756211],[114.153545973268,-0.862646306182057],[114.15358433385,-0.862651697617707],[114.153622753787,-0.862656642090315],[114.15366124567,-0.86266111621751],[114.153710896341,-0.862666156917555],[114.153760593776,-0.862670684104728],[114.15381029391,-0.862675140245472],[114.153859952675,-0.86267996780623],[114.153909520608,-0.862685610152766],[114.153950539586,-0.86269083971041],[114.153991527987,-0.862696310286424],[114.154032469623,-0.862702108215672],[114.154073353702,-0.862708323430354],[114.154114164937,-0.862715042265336],[114.154157162423,-0.862722450880369],[114.154200150017,-0.86272989007233],[114.154243139409,-0.862737339156809],[114.154286129701,-0.862744770254892],[114.154329128087,-0.862752161782794],[114.154369534626,-0.862759080267267],[114.154409942965,-0.862765995154518],[114.154450350403,-0.862772908243073],[114.154490757842,-0.862779824029587],[114.154531165281,-0.862786740715478],[114.154571112267,-0.862793541388783],[114.154611064649,-0.862800315981758],[114.154651008038,-0.86280714813131],[114.154690918151,-0.862814120575138],[114.154730778802,-0.862821318748786],[114.154778932102,-0.862830437874379],[114.154827026946,-0.86283993021857],[114.154875092112,-0.862849622212252],[114.154923150083,-0.862859349279518],[114.154971226941,-0.862868939649786],[114.155017265035,-0.862877972440401],[114.155063310324,-0.862886960264973],[114.155109357411,-0.862895931002356],[114.1551554027,-0.862904914330272],[114.155201444391,-0.862913931832452],[114.155243583025,-0.862922525753902],[114.155285599351,-0.86293166106725],[114.155327522147,-0.862941251437576],[114.155369378394,-0.862951205133982],[114.155411192373,-0.862961439418825],[114.155446330684,-0.862970614302355],[114.155481231574,-0.862980584186573],[114.155515947203,-0.862991213273801],[114.155550528834,-0.863002362169254],[114.155585030425,-0.863013887880584],[114.15561922175,-0.86302580119974],[114.155653147775,-0.863038290984321],[114.155686839976,-0.863051351838351],[114.155720330729,-0.863064978366026],[114.155753652409,-0.863079166070634],[114.15579124497,-0.863095897957294],[114.155828463413,-0.863113289946341],[114.155865280758,-0.863131437365894],[114.155901670925,-0.863150437342767],[114.155937605136,-0.86317038790304],[114.155969246883,-0.863188832998219],[114.156000591854,-0.863207692680817],[114.156031681417,-0.863226947165856],[114.156062563237,-0.863246576668132],[114.156093277783,-0.863266558704652],[114.156125398868,-0.863287908610062],[114.156163298098,-0.863288100165619],[114.156201197328,-0.863288290821913],[114.156239095658,-0.863288482377527],[114.156276994887,-0.863288673033765],[114.156314894117,-0.863288863690059],[114.156363044719,-0.86328899678972],[114.15641119622,-0.863288914052077],[114.156459345922,-0.863288628067664],[114.156507497423,-0.863288156822932],[114.156555648924,-0.863287510210398],[114.156605607163,-0.863285428279823],[114.15665540892,-0.863280989226212],[114.156705081175,-0.863274627422072],[114.156754650906,-0.863266779038554],[114.156804144196,-0.86325787844828],[114.156853020551,-0.863248467942412],[114.156901644196,-0.863238355965336],[114.156949925199,-0.863227145916028],[114.156997778125,-0.863214448388021],[114.157045119337,-0.863199866780406],[114.157098475215,-0.86318211686114],[114.157151829294,-0.863164360646692],[114.157205181574,-0.86314659993559],[114.157258532056,-0.863128833828569],[114.157311880739,-0.863111062325629],[114.157365233019,-0.863093285426714],[114.157418586199,-0.863075504031258],[114.15747193758,-0.863057724434384],[114.157525288961,-0.86303994393819],[114.15757864304,-0.863022166140013],[114.157637001846,-0.86300305104993],[114.157695498249,-0.862984360439839],[114.157754050409,-0.862965841600271],[114.15781257559,-0.862947246318299],[114.157870991953,-0.86292832188451],[114.157910918254,-0.862914282568056],[114.1579503886,-0.862899020173586],[114.157989661094,-0.862883147139485],[114.158028988447,-0.862867278601982],[114.158068624268,-0.862852025200766],[114.158117445764,-0.862832794098097],[114.158166445325,-0.862813054878529],[114.158215900843,-0.862795583749119],[114.158266101899,-0.862783162313065],[114.158317331779,-0.862778567676685],[114.158354207581,-0.862778749339782],[114.158391083382,-0.862778939996019],[114.158427959183,-0.862779136048232],[114.158464834984,-0.862779329402485],[114.158501710785,-0.86277952005878],[114.158539610015,-0.862779710715017],[114.158577510144,-0.862779899572672],[114.158615409374,-0.862780092027549],[114.158653307704,-0.862780282683843],[114.158691206934,-0.862780476038097],[114.15873115302,-0.862780684680786],[114.158771099107,-0.862780896021491],[114.158811045194,-0.862781108261515],[114.15885099128,-0.862781321400803],[114.158890937367,-0.862781530043549],[114.15892831499,-0.862781720699786],[114.158965694411,-0.86278191315472],[114.159003072934,-0.862782103811014],[114.159040450556,-0.862782292668612],[114.159077829978,-0.862782483324906],[114.159125961694,-0.862782735135056],[114.159174095208,-0.862782989643222],[114.159222227824,-0.862783247748609],[114.159270360439,-0.862783503156095],[114.159271399156,-0.862784793683261],[114.159302467135,-0.862823387189508],[114.159332491002,-0.862863240645993],[114.159362514868,-0.862903095001798],[114.159392539634,-0.862942947558963],[114.1594225644,-0.862982801914711],[114.159449434344,-0.863015250353499],[114.15947829089,-0.863045993677645],[114.159507712211,-0.863076299931265],[114.159536277377,-0.863107439856435],[114.159562571755,-0.863140677899935],[114.15958367075,-0.863172510303059],[114.159602778645,-0.863205436281817],[114.159620212903,-0.863239248992102],[114.159636288284,-0.863273748784422],[114.159636879139,-0.863275128344469],[114.159651315056,-0.86330872701609],[114.159651449055,-0.863309048973406],[114.159667179996,-0.863347417649152],[114.159682774241,-0.863386196415775],[114.159698275855,-0.863424997665447],[114.159713864703,-0.863463761143635],[114.159729717952,-0.863502429293646],[114.159730299814,-0.863503811551595],[114.159744509102,-0.863537733979172],[114.159745093661,-0.863539116237177],[114.159759483713,-0.863572944235955],[114.159760077266,-0.863574322896625],[114.159774654377,-0.863608069956399],[114.159790031885,-0.863643133623668],[114.159805619834,-0.863678147828239],[114.159823155714,-0.863714389607367],[114.159842679996,-0.863749505435294],[114.159864102746,-0.86378356635845],[114.159887343027,-0.863816647919919],[114.159912315401,-0.863848830159327],[114.159945805255,-0.863887879621927],[114.159980928277,-0.863924798590517],[114.160017652992,-0.863959812795088],[114.160055938031,-0.863993136274189],[114.160095757313,-0.864024992059683],[114.160133277928,-0.864053398945146],[114.160171096219,-0.864081106158096],[114.160209291326,-0.864108113698421],[114.16024794059,-0.86413442696221],[114.160287127649,-0.864160045049971],[114.160322423341,-0.864181582913659],[114.160358314385,-0.864202039792247],[114.160394424863,-0.864222132445434],[114.160430371664,-0.864242577632808],[114.160465776175,-0.864264094812086],[114.160496652598,-0.864284483342203],[114.160526697149,-0.864305925877716],[114.160555843278,-0.864328589692605],[114.160584031628,-0.864352639362778],[114.160611202845,-0.864378240363465],[114.160650026578,-0.864418984148756],[114.160686442825,-0.864461299049651],[114.160721001073,-0.864504985416715],[114.160754242714,-0.864549849895582],[114.160786715435,-0.86459569013897],[114.160818126955,-0.864640720093121],[114.160848879272,-0.864685938005607],[114.160878154004,-0.864731912247919],[114.160905132766,-0.864779207594324],[114.160929000773,-0.864828387919715],[114.160929582634,-0.864829771077041],[114.160948049313,-0.864873800985094],[114.16096580283,-0.864919570181996],[114.160982619253,-0.864965616370057],[114.160998844821,-0.865011864006249],[114.161014826673,-0.86505824114488],[114.161032034301,-0.865110686908622],[114.161048207709,-0.865163438441868],[114.161064095132,-0.865216297893767],[114.161080451102,-0.865269061118227],[114.161098023855,-0.86532152576774],[114.161120868433,-0.865379342282779],[114.161121110351,-0.865379850399734],[114.161147510849,-0.865435252235045],[114.161177440287,-0.865489655822898],[114.161210146831,-0.865542946050084],[114.161245126861,-0.865595521316209],[114.161276517697,-0.865639555720861],[114.161309664909,-0.865681702448569],[114.161365128798,-0.865666599234146],[114.161401098982,-0.865629091209541],[114.161437070065,-0.865591582285674],[114.161473040249,-0.86555407336175],[114.161509011332,-0.865516564437826],[114.161545659605,-0.865480571770945],[114.161584141595,-0.865446572900964],[114.161624068796,-0.865414146945284],[114.161665053599,-0.865382875719092],[114.161706709297,-0.86535234643361],[114.161748588926,-0.865323003353865],[114.161791115168,-0.865294968787737],[114.16183426374,-0.865268014307389],[114.161878012161,-0.865241910585667],[114.161922339744,-0.86521642379887],[114.161965426263,-0.865192709575865],[114.162008868015,-0.865170161773506],[114.162052823279,-0.86514873002983],[114.162097444042,-0.865128351392229],[114.162142886785,-0.865108969203504],[114.162180992859,-0.865094117799231],[114.162219443373,-0.865080929241458],[114.162258321065,-0.865069561810799],[114.162297718565,-0.865060171089965],[114.162337723107,-0.865052911762405],[114.162381196335,-0.865046894398631],[114.162424690247,-0.865042107307374],[114.162468215636,-0.86503860175003],[114.162511786889,-0.865036428088615],[114.162555420197,-0.865035636685263],[114.162604077116,-0.865035609705558],[114.162652744828,-0.865035805757771],[114.162701410742,-0.86503636783408],[114.162750062266,-0.865037439825926],[114.162798685011,-0.865039162926962],[114.162847323046,-0.865041684626021],[114.162895937697,-0.86504475401216],[114.162944549651,-0.865047939410829],[114.16299318139,-0.865050800154279],[114.163041852699,-0.865052900970568],[114.163096640298,-0.865054398341783],[114.163151433292,-0.865055407381078],[114.163206228085,-0.865056023416685],[114.163261024677,-0.865056339078762],[114.16331581857,-0.865056449695373],[114.163358335819,-0.865056307602458],[114.163400852168,-0.865055807579381],[114.163443367617,-0.865054931639747],[114.163485881268,-0.865053668092287],[114.163528390423,-0.865052001648507],[114.163568945351,-0.865049024892528],[114.163609372575,-0.865044423960967],[114.163649756631,-0.865039322107009],[114.163690183855,-0.86503483808724],[114.163730738783,-0.865032094255696],[114.163776317323,-0.865030558213618],[114.163821897663,-0.865029328840421],[114.163867481599,-0.86502843221632],[114.163913070032,-0.865027898019036],[114.163958661163,-0.865027746932924],[114.1640001334,-0.865027839563083],[114.164041604736,-0.865027996045114],[114.164083076972,-0.865028175010195],[114.164124549209,-0.865028338686841],[114.164166022344,-0.865028445706173],[114.164223384701,-0.865028511356684],[114.164280747059,-0.865028467289903],[114.164338106718,-0.865028243358722],[114.164395468176,-0.865027760422777],[114.164452827836,-0.865026944737679],[114.164501127725,-0.865025009396618],[114.164549329588,-0.865021255626402],[114.164597461304,-0.865016232013431],[114.164645542658,-0.865010477251701],[114.16469359973,-0.865004536330218],[114.164738258264,-0.864998485691501],[114.164782772907,-0.864991620267006],[114.164827248879,-0.864984504831],[114.164871794098,-0.864977713150893],[114.164916514686,-0.864971811799649],[114.164957915875,-0.864967130828404],[114.164999352138,-0.864963014631371],[114.165040825274,-0.86495977167607],[114.165082336181,-0.864957714027241],[114.165123887557,-0.864957149252973],[114.165165896689,-0.864957539558759],[114.16520790672,-0.864958106131667],[114.165249919448,-0.864958798609621],[114.165291930378,-0.864959572026578],[114.165333940409,-0.864960378718479],[114.165386169436,-0.864961422831357],[114.165438396665,-0.864962549681877],[114.165490621195,-0.864963770961197],[114.165542843927,-0.864965099259848],[114.165595067558,-0.864966539074487],[114.165643407018,-0.86496919567179],[114.165691573807,-0.864974005246097],[114.165739629081,-0.864980405721099],[114.165787625898,-0.864987834121223],[114.165835621817,-0.864995725672145],[114.165880060916,-0.865003851046822],[114.165924019778,-0.865013632073442],[114.165967504697,-0.865025350239648],[114.166010523767,-0.865039284335467],[114.166053083283,-0.865055708653983],[114.166089902427,-0.865072275065415],[114.166125539862,-0.86509048363888],[114.166160152069,-0.865110274119786],[114.16619388474,-0.865131579958415],[114.16622688806,-0.865154333705505],[114.16626299674,-0.865180367280061],[114.166298778066,-0.865206610396683],[114.166334123221,-0.865233296879126],[114.166368927884,-0.865260657853014],[114.16640309133,-0.865288924444258],[114.166439674851,-0.865320157898907],[114.166476136065,-0.865351490279011],[114.166512424609,-0.865382998026917],[114.166548497315,-0.865414753987636],[114.166584302923,-0.865446832805048],[114.166618062574,-0.865477825241385],[114.166651546132,-0.865509118950627],[114.166684994617,-0.865540444136116],[114.166718656241,-0.865571531900628],[114.166752770224,-0.865602108850169],[114.166798045693,-0.865641632255461],[114.166843499228,-0.865680944320104],[114.166889039098,-0.865720159257876],[114.166934569975,-0.865759384088278],[114.166980003724,-0.865798727629112],[114.167018990234,-0.865832684230952],[114.167057902101,-0.86586671637582],[114.167096725833,-0.865900854640699],[114.167135444345,-0.86593512780388],[114.167174044147,-0.865969567341608],[114.167206720114,-0.866000038171194],[114.167238351968,-0.866031598079758],[114.167269208607,-0.866063953888329],[114.167299559827,-0.866096817813855],[114.167329670928,-0.866129894878725],[114.167354635208,-0.866158436662488],[114.167378835065,-0.866187625958105],[114.167402784011,-0.866217028393123],[114.167427000955,-0.866246213192142],[114.167452004806,-0.866274746882027],[114.167478524914,-0.866303213122762],[114.167505607997,-0.866331084012245],[114.167533219882,-0.866358430597074],[114.167561320998,-0.866385329319428],[114.167589876272,-0.866411838635372],[114.167622070202,-0.866440494633082],[114.167654863082,-0.8664682791877],[114.167688145192,-0.866495446807392],[114.167721811313,-0.866522253798905],[114.167755752626,-0.866548951972504],[114.167784881667,-0.866571362178547],[114.167814377631,-0.866592826297847],[114.167844641617,-0.866613203136751],[114.167876078318,-0.866632339810565],[114.167909089733,-0.86665009242779],[114.167954136774,-0.86667018777888],[114.168000084037,-0.866685981672674],[114.168046790327,-0.86669773671116],[114.168094110855,-0.866705714597003],[114.168141901727,-0.866710177032985],[114.168188461428,-0.866712740100809],[114.168235018431,-0.866714958728323],[114.168281588924,-0.866716751976469],[114.168328189994,-0.866718045201594],[114.168374842325,-0.866718755666],[114.168412237934,-0.866719043449052],[114.168568560791,-0.86670506618583],[114.168789224743,-0.866707062680746],[114.168826739962,-0.86670008394168],[114.168864008767,-0.866691942379191],[114.168901165157,-0.866683163197365],[114.168938344029,-0.866674270700969],[114.168978544624,-0.866664783752697],[114.169018657085,-0.866655154711566],[114.169058660729,-0.866645189324004],[114.169098544762,-0.866634687940461],[114.169138292998,-0.866623457206742],[114.169174683165,-0.866612155426594],[114.169210717201,-0.866599907559646],[114.169246494031,-0.866586936637759],[114.169282119774,-0.866573462994893],[114.169317696055,-0.866559706964836],[114.169361418395,-0.86654221784903],[114.169404727047,-0.866523950819612],[114.169447718238,-0.866504964332591],[114.169490481001,-0.866485321340463],[114.169533117859,-0.866465079399859],[114.169570266155,-0.866447014717892],[114.169607025944,-0.866428021036313],[114.169642658882,-0.866407291663108],[114.16967643382,-0.866384024403146],[114.169707616014,-0.86635740896719],[114.169747028802,-0.866319140116161],[114.169786158305,-0.866280670716321],[114.169825109741,-0.866242076310698],[114.169863993728,-0.866203432442433],[114.169902912789,-0.86616481375512],[114.169928634299,-0.866137591276754],[114.169952687567,-0.86611020332316],[114.16997750256,-0.866082810872967],[114.170005497556,-0.866055573106166],[114.170039101623,-0.866028651001386],[114.170074898238,-0.866010300335063],[114.170111200272,-0.866003348575646],[114.170147790988,-0.866003574305466],[114.170184458146,-0.866006746214339],[114.17022098501,-0.866008636589243],[114.170260907715,-0.866011811196074],[114.170300834016,-0.866019224307706],[114.170340761217,-0.866027187804434],[114.170380686619,-0.866032016264512],[114.170420612022,-0.866030021568179],[114.170460443894,-0.866019708142971],[114.170497108355,-0.866003395340385],[114.170498829657,-0.866004271280076],[114.170769426668,-0.866141862157178],[114.170834891917,-0.866166621392438],[114.17094124844,-0.86624082805173],[114.17103939775,-0.866339737289024],[114.171113029743,-0.866389211692706],[114.171203008712,-0.86647164265213],[114.171284788562,-0.866570539298891],[114.171350235825,-0.866620008306711],[114.17142383724,-0.86671066266689],[114.171447761905,-0.866766954831064],[114.171610255009,-0.866785699400452],[114.171674757084,-0.866793138592413],[114.17173925826,-0.866800578683694],[114.171803760335,-0.866808018774975],[114.17187619533,-0.866814687247995],[114.171948881236,-0.866818485084991],[114.172021702939,-0.866820103864654],[114.172094550723,-0.866820240561594],[114.172167310373,-0.866819587653822],[114.172233942942,-0.866818092980566],[114.172300558424,-0.866815225941878],[114.17236715502,-0.86681115830828],[114.172433726435,-0.866806069944118],[114.17250027177,-0.86680013891521],[114.172564034603,-0.866791584563941],[114.172627384646,-0.86677983761939],[114.172690617778,-0.866767586155106],[114.172747662675,-0.866758523686883],[114.172754026277,-0.866757512848892],[114.172817905122,-0.866752304874922],[114.172881417044,-0.866750928912211],[114.172944940657,-0.866750245427454],[114.173008467867,-0.86674984972575],[114.173071993278,-0.866749336212877],[114.173135506099,-0.866748296596541],[114.173207195556,-0.866746593280595],[114.173278885912,-0.866744762260907],[114.173350575369,-0.866742881778521],[114.173422264826,-0.866741021081225],[114.173493955182,-0.866739259309327],[114.173561556321,-0.866738256565213],[114.173629169151,-0.866738306927289],[114.173696787377,-0.866739231430358],[114.173764403804,-0.866740840317505],[114.173832016634,-0.866742947429032],[114.173915722832,-0.866748659922678],[114.173999025235,-0.866761274712985],[114.174080629717,-0.866782523894301],[114.174159237659,-0.866814132366244],[114.174233553136,-0.866857827726506],[114.17429862718,-0.866906079951605],[114.174359796368,-0.86695606427088],[114.174418299065,-0.867007544162789],[114.174475381733,-0.867060284004879],[114.174532289034,-0.867114049074075],[114.174595550045,-0.867174720936589],[114.17465834071,-0.867235828970308],[114.174721146664,-0.867296868655501],[114.174784458036,-0.867357339069883],[114.174848764959,-0.867416730297805],[114.174896500973,-0.867459459786176],[114.174944522072,-0.867501872713206],[114.174992672674,-0.867544150741935],[114.175040796296,-0.867586463844191],[114.175088737355,-0.867628990085791],[114.175139233389,-0.867674504774527],[114.175189366996,-0.867720379192122],[114.175239261383,-0.867766520708301],[114.175289043355,-0.867812840290298],[114.175338837917,-0.867859240811242],[114.175388107275,-0.867906815846823],[114.17543475511,-0.867955833394944],[114.175479210397,-0.868007429299382],[114.17552189402,-0.868062741202493],[114.17556324215,-0.868122905847372],[114.175597603447,-0.868182877137997],[114.175623971569,-0.868245764930066],[114.17563996871,-0.868309882095332],[114.175643212564,-0.868373546901637],[114.175631322628,-0.868435067724135],[114.175605020156,-0.868511366206519],[114.175577779691,-0.868587663789583],[114.175549729836,-0.868663911909948],[114.175521001893,-0.868740049413702],[114.175491719967,-0.868816022341491],[114.175466611795,-0.868879295942691],[114.175441050364,-0.868942368095759],[114.175415640919,-0.869005467228476],[114.175390988703,-0.869068818171399],[114.175367695363,-0.869132649352252],[114.175345739314,-0.869196700867008],[114.17532437502,-0.869261003292593],[114.175303380347,-0.869325457703667],[114.175282534961,-0.869389970570637],[114.175261620328,-0.869454439370827],[114.17524221026,-0.869514607612984],[114.175223102364,-0.869574870283998],[114.175204115877,-0.869635176122415],[114.175185072733,-0.86969547926293],[114.175165793067,-0.869755723947435],[114.175143746187,-0.869815836431655],[114.175117735995,-0.869874405679241],[114.175088820093,-0.869931738359014],[114.175058063279,-0.869988125851307],[114.175026527652,-0.870043875724264],[114.174982308886,-0.870095952765951],[114.174924511257,-0.870138788374334],[114.174864675764,-0.870179473703729],[114.174814343407,-0.870225110700233],[114.174785054287,-0.870282792316971],[114.174779830125,-0.870305921081354],[114.174391689025,-0.870593390272688],[114.174137426401,-0.870891260123528],[114.174045533675,-0.871089905974316],[114.17404527467,-0.871437645930541],[114.1742748554,-0.871680935926406],[114.174441068101,-0.871740832573323],[114.174951626716,-0.871860759866138],[114.175331636146,-0.871873002337168],[114.175426639628,-0.871873074282917],[114.175652275033,-0.87187324515412],[114.176246172923,-0.87171231237329],[114.17692928356,-0.871354201435224],[114.177410445136,-0.871085594624446],[114.177826294348,-0.870810962355961],[114.178414548093,-0.870255534765079],[114.179002802737,-0.86970010717414],[114.181999014643,-0.871125857272432],[114.18647061113,-0.871129223434878],[114.187422914936,-0.87102346136362],[114.193178593118,-0.870384243038359],[114.19779006386,-0.870068020722556],[114.197881461061,-0.87008190175834],[114.197827659119,-0.870097962750719],[114.197795921145,-0.87012776898132],[114.197763077004,-0.870155379067455],[114.197729297569,-0.870181347890821],[114.197694750113,-0.870206232131864],[114.197659601909,-0.870230582175566],[114.197616533376,-0.870258338851215],[114.197572480086,-0.870284469552587],[114.197528290998,-0.870310279195962],[114.197484812374,-0.870337069999721],[114.197442887779,-0.870366146880144],[114.197405418425,-0.870397586279523],[114.197370384436,-0.870431935885108],[114.197336280345,-0.870467452810658],[114.19730159889,-0.870502387874865],[114.19726484,-0.870534993694946],[114.197229059573,-0.870563120891291],[114.197192619944,-0.870590290309622],[114.197155458158,-0.870616412017739],[114.19711751666,-0.870641397882139],[114.197078740591,-0.87066515976926],[114.197032492056,-0.870688823630246],[114.196984383722,-0.870708845236948],[114.196935918358,-0.870728031373517],[114.196888593334,-0.870749192421272],[114.196843912317,-0.870775137862267],[114.196809076178,-0.870799345813111],[114.196774506239,-0.8708239467677],[114.196740028929,-0.870848685318549],[114.196705468882,-0.870873303360213],[114.196670656126,-0.870897541887985],[114.196640150223,-0.870918469111984],[114.196609649716,-0.870939408926517],[114.196579116833,-0.870960302875631],[114.196548510206,-0.870981088006772],[114.196517791163,-0.871001706763309],[114.196486366153,-0.871022324620526],[114.196454729802,-0.871042615124566],[114.19642300172,-0.871062759938354],[114.196391294323,-0.871082939825783],[114.196359721824,-0.871103338248417],[114.196328785145,-0.871123649436811],[114.196297969875,-0.871144136892383],[114.196267329074,-0.871164883352662],[114.196236910405,-0.87118597785053],[114.196206766929,-0.871207504023062],[114.19616878766,-0.871235644709202],[114.196131301219,-0.871264430209237],[114.196094218573,-0.87129371483303],[114.196057454288,-0.871323358286304],[114.196020925625,-0.871353212180964],[114.195992299305,-0.871376950685658],[114.19596379889,-0.871400923014164],[114.195935349737,-0.871424979878896],[114.195906870006,-0.871448971992436],[114.195878284156,-0.871472747369353],[114.195845363573,-0.871499209920557],[114.195812173193,-0.871524985389726],[114.195778885687,-0.871550536028394],[114.195745681818,-0.871576333081236],[114.195712742349,-0.871602837001262],[114.195679071732,-0.871631138666089],[114.195645998264,-0.871660212848496],[114.19561372969,-0.871690198943497],[114.195582487242,-0.871721230050696],[114.195552482261,-0.871753442867032],[114.195521978157,-0.871787669265473],[114.195491510025,-0.871821920844923],[114.195461055383,-0.871856179618931],[114.195430591749,-0.8718904320977],[114.19540010563,-0.871924659395461],[114.19537418627,-0.87195372818195],[114.19534826601,-0.871982796968439],[114.195322343052,-0.872011862157649],[114.195296408403,-0.872040915655703],[114.195270461163,-0.872069958361863],[114.195245082295,-0.8720979731429],[114.195219374275,-0.872125685751769],[114.195193390163,-0.872153142953152],[114.195167188415,-0.87218039331043],[114.195140822091,-0.872207483588454],[114.195109094909,-0.872239458084493],[114.19507703138,-0.872271082744248],[114.195044814966,-0.872302550921916],[114.195012624633,-0.872334049676624],[114.19498064564,-0.872365770563817],[114.194952738778,-0.872393874377735],[114.194925003686,-0.872422131975782],[114.194897496123,-0.872450614404272],[114.194870267349,-0.87247939001179],[114.194843372224,-0.872508533442044],[114.194819209239,-0.872535987046092],[114.194795868235,-0.872564116041076],[114.194773181937,-0.872592778334024],[114.194750974978,-0.872621831832021],[114.194729080083,-0.872651132643625],[114.194699238779,-0.872692285620417],[114.194670035094,-0.872733881963029],[114.194641049045,-0.872775626693794],[114.194611866944,-0.872817232928924],[114.194582063412,-0.872858406590126],[114.19455577443,-0.872894076400485],[114.194529331663,-0.872929649983291],[114.194502323224,-0.872964755918701],[114.194474330926,-0.872999021887324],[114.194444945578,-0.873032073771128],[114.194414574573,-0.873064391808214],[114.194384090254,-0.873096583940139],[114.194353542982,-0.873128711320931],[114.194322991213,-0.873160826111189],[114.194292488008,-0.873192986766867],[114.194256948599,-0.87323086261415],[114.194221599847,-0.873268883252308],[114.194186223216,-0.873306902091826],[114.194150601069,-0.873344770744552],[114.194114514873,-0.87338234711757],[114.194084225707,-0.873407642348752],[114.194050011899,-0.873427577620589],[114.194013342042,-0.873444017227541],[114.193975681133,-0.873458820068436],[114.193938498663,-0.873473843243232],[114.193894612646,-0.873492398055703],[114.193850574644,-0.873510478925425],[114.193806515059,-0.873528457272414],[114.193762563392,-0.873546700919462],[114.193718855441,-0.873565577689192],[114.193673639327,-0.873585384357966],[114.193628437602,-0.873605281858204],[114.193583646868,-0.873626006734753],[114.193539658329,-0.873648287438471],[114.193496864988,-0.873672853319476],[114.193458772404,-0.87369685802355],[114.193421053039,-0.873721374441857],[114.193383518035,-0.873746138173715],[114.193345983031,-0.873770881221162],[114.19330825827,-0.873795334686918],[114.19326952357,-0.8738198681923],[114.193230657569,-0.873844197551648],[114.193191778078,-0.873868516119103],[114.19315300111,-0.873893019946877],[114.193114445375,-0.873917903288543],[114.193070640298,-0.873948032375722],[114.193027987252,-0.87397978204126],[114.192986101328,-0.874012600101366],[114.192944600313,-0.874045932573665],[114.192903098399,-0.874079223677199],[114.19286148497,-0.874114077802403],[114.192821022672,-0.874150317782892],[114.192780741138,-0.874186799681013],[114.192739673597,-0.874222378659795],[114.192696855975,-0.874255909882265],[114.192652762215,-0.874286599247114],[114.192607554195,-0.874315436008544],[114.192561447753,-0.874342754714291],[114.192514655127,-0.874368889912319],[114.192467393056,-0.874394174351607],[114.192421056387,-0.874418464140774],[114.192374664859,-0.874442593850574],[114.192328217573,-0.874466596756008],[114.192281716328,-0.874490507930545],[114.192235160225,-0.874514363347146],[114.192195169172,-0.874534814829815],[114.19215517632,-0.874555100837199],[114.192115016195,-0.874575094564932],[114.192074529616,-0.87459467190655],[114.192033553806,-0.874613701561032],[114.19198733135,-0.874631983878885],[114.191939820167,-0.874646149999762],[114.191891391674,-0.874657023702639],[114.191842423589,-0.874665420672557],[114.19179328823,-0.874672165587924],[114.191749311382,-0.874677622674085],[114.191705332735,-0.874682870218237],[114.191661337001,-0.874687866851502],[114.19161731159,-0.874692570305854],[114.191573244809,-0.874696941910315],[114.191522069788,-0.874701615686945],[114.191470877679,-0.874706026861588],[114.191419678375,-0.874710340909473],[114.191368480871,-0.874714723305772],[114.191317295957,-0.874719340425145],[114.191259759131,-0.874725338003884],[114.191202384183,-0.874732491211432],[114.191145126147,-0.874740716410884],[114.19108794905,-0.874749932663235],[114.191030812422,-0.874760058130107],[114.190973976168,-0.874772373446206],[114.190918068015,-0.874788205111543],[114.190863244443,-0.874807608883998],[114.190809663735,-0.874830641420942],[114.190757483271,-0.874857353983657],[114.19070429107,-0.874887783444422],[114.190652206834,-0.874919214749923],[114.190600971558,-0.874951599336782],[114.190550320841,-0.874984879648423],[114.19049999388,-0.875019000826171],[114.190457086326,-0.875048461717086],[114.190414329858,-0.875078019734758],[114.19037187736,-0.875107942877207],[114.190329875423,-0.87513849104846],[114.190288475133,-0.875169928649257],[114.19024535444,-0.875205302582629],[114.1902034892,-0.875242188276331],[114.190162055634,-0.875279576691071],[114.190120233562,-0.875316467780692],[114.190077202801,-0.875351851606638],[114.190030278874,-0.875387809199992],[114.189982869314,-0.875423136368624],[114.189935234024,-0.875458185646721],[114.189887641002,-0.875493314065125],[114.189840349253,-0.875528875956832],[114.189789147251,-0.875567745554974],[114.189738137705,-0.87560676533991],[114.189687780167,-0.875646626890273],[114.189638520701,-0.875688021784754],[114.189590819761,-0.87573164429989],[114.189552261328,-0.875771895256719],[114.189516676953,-0.875814542007447],[114.189483109758,-0.875858838114823],[114.189450605561,-0.875904035342899],[114.189418211082,-0.875949380059808],[114.189385599866,-0.875994255330568],[114.189353129843,-0.876039127004049],[114.189321248877,-0.876084355708429],[114.189290401231,-0.876130305669051],[114.189261034769,-0.876177338413413],[114.189233827579,-0.876224262339804],[114.189207658207,-0.876271695282469],[114.189182190306,-0.876319478061419],[114.189157094724,-0.876367446100687],[114.189132037813,-0.876415439321022],[114.189113427243,-0.876452403255769],[114.189095652143,-0.876489768288138],[114.18907809198,-0.876527266420169],[114.189060128023,-0.876564635049817],[114.189041143334,-0.876601607977761],[114.1890186378,-0.876639941579981],[114.188993283214,-0.876676454954406],[114.188955660076,-0.876719162859047],[114.188934581766,-0.876743088422757],[114.188901513694,-0.876772741768548],[114.188864956253,-0.876802503033048],[114.188828111029,-0.876831597899866],[114.188790950142,-0.876860120797915],[114.188753451111,-0.876888167055199],[114.188715585156,-0.87691582660409],[114.188670399619,-0.876948357780464],[114.188625144835,-0.876980721682912],[114.188579811809,-0.877012963277593],[114.188534396046,-0.877045114940074],[114.188488887652,-0.877077225233734],[114.18844475702,-0.877108816618545],[114.18840075589,-0.877140183172855],[114.188355874324,-0.877170349132257],[114.188309096987,-0.877198334235686],[114.188259419337,-0.877223169013973],[114.188217574781,-0.877237782097893],[114.18817482281,-0.877246342744456],[114.188131506064,-0.877251104654704],[114.188087974381,-0.877254323328316],[114.188044574897,-0.877258247070415],[114.187998079048,-0.877261715755537],[114.187951384449,-0.877262757170456],[114.187904641286,-0.877263518896257],[114.187857999747,-0.87726615301051],[114.187811613615,-0.877272800799062],[114.187768551378,-0.877285306771455],[114.187727788707,-0.877304029757113],[114.187689176315,-0.877327717899789],[114.187652565813,-0.877355119343235],[114.187617807916,-0.877384975036534],[114.187575117098,-0.877426518319112],[114.187534842759,-0.877469720850911],[114.187495313958,-0.877513171595524],[114.187454860653,-0.877555464013426],[114.187411811006,-0.877595186168833],[114.187369720037,-0.877630716584235],[114.187327559819,-0.877666181349127],[114.187285316864,-0.877701557980458],[114.187242980379,-0.877736823095859],[114.187200542271,-0.877771956910237],[114.18716089386,-0.877804279443922],[114.187121010726,-0.877836292610766],[114.187081093418,-0.877868270704084],[114.187041337088,-0.877900482621101],[114.187001942286,-0.877933194561251],[114.186964599737,-0.87796661786507],[114.186928913738,-0.878001781357057],[114.186894352792,-0.878038146343329],[114.186860388996,-0.878075177727226],[114.186826489051,-0.878112342210784],[114.186796496661,-0.878144833816975],[114.186766730001,-0.878177475609959],[114.186737736757,-0.878210724445353],[114.186710063719,-0.87824503178274],[114.186684258572,-0.878280852679154],[114.186681269225,-0.878285480590421],[114.186654235605,-0.878327333239781],[114.186625502265,-0.878374543150585],[114.186597342693,-0.878422073220065],[114.186569050022,-0.878469500766812],[114.186539913786,-0.87851641030403],[114.18651185314,-0.87856011016089],[114.186483678279,-0.878603731776764],[114.186455352333,-0.87864726256106],[114.18642683573,-0.878690686326081],[114.186398095196,-0.878733987783278],[114.186368288066,-0.878777693935376],[114.186337660754,-0.878820759770178],[114.186306203369,-0.878863227555883],[114.186273903318,-0.878905126070663],[114.18624075071,-0.878946493086119],[114.186204074558,-0.878989920448419],[114.186166117772,-0.879032059082192],[114.186126930713,-0.879072980033982],[114.186086568241,-0.879112759746022],[114.186045080716,-0.879151469264855],[114.186010073706,-0.87918298061004],[114.185974806792,-0.879214083662987],[114.185939219719,-0.879244764034581],[114.18590325673,-0.879274998342453],[114.185866863865,-0.87930477039879],[114.185832543037,-0.879332283358167],[114.185798080117,-0.879359577782225],[114.185763458917,-0.879386648275158],[114.185728667744,-0.879413487642296],[114.185693687714,-0.879440093185679],[114.185662368823,-0.87946286042262],[114.185630505843,-0.879484866833081],[114.18559850077,-0.879506682587305],[114.185566766393,-0.879528876956044],[114.185535701112,-0.879552022807559],[114.185499126584,-0.8795810601178],[114.18546308895,-0.879610737745281],[114.185427517166,-0.879640972053153],[114.185392340184,-0.879671684800371],[114.185357486059,-0.879702793249237],[114.185325564623,-0.879731506803523],[114.185293690851,-0.879760258129352],[114.185262004138,-0.879789197413459],[114.185230642081,-0.879818475742013],[114.185199743174,-0.87984824869767],[114.185173295911,-0.879874216621772],[114.185146847749,-0.879900185445138],[114.185120401385,-0.87992615426856],[114.185093953223,-0.879952122192663],[114.185058839194,-0.879964292717887],[114.184726445269,-0.880136869920591],[114.184659061766,-0.880172537932253],[114.184594583074,-0.880213493957513],[114.184469195997,-0.880301926992274],[114.184405723645,-0.88034473202373],[114.184079979308,-0.880549879972932],[114.184025180917,-0.880587327742944],[114.183972478847,-0.880627889865195],[114.1839222661,-0.880671567239006],[114.183874936579,-0.880718365260293],[114.183830885987,-0.880768277633877],[114.183788070163,-0.880822091266452],[114.183664607636,-0.880986615040229],[114.183622685738,-0.881040835166345],[114.183500761051,-0.88119298426875],[114.183417106115,-0.88129279013009],[114.18337191698,-0.881342466881279],[114.183324261006,-0.881389668698205],[114.183274286579,-0.881434388386253],[114.183222151981,-0.881476614254325],[114.183168009196,-0.881516340007011],[114.183103829079,-0.881560303365234],[114.183039129153,-0.881603094906836],[114.182908269701,-0.881686079848635],[114.182734802169,-0.881792762825683],[114.182680806874,-0.881825125828868],[114.182626102912,-0.881856281941793],[114.182570319765,-0.881885649303229],[114.18250774044,-0.881915827853106],[114.182444493818,-0.881944323771449],[114.182380742677,-0.881971557041652],[114.182185822718,-0.882050363733242],[114.181985699281,-0.882128054366149],[114.181928591431,-0.882150749657342],[114.181851995273,-0.882181188111304],[114.181785112693,-0.882208505917788],[114.181718720243,-0.882236998238852],[114.18165306164,-0.882267362049049],[114.181588387794,-0.882300297920381],[114.181517734356,-0.882341403233113],[114.181449671865,-0.882386247027625],[114.181383317186,-0.882433627809633],[114.181285941293,-0.882506025932287],[114.181193096185,-0.882575051597314],[114.181134534132,-0.882619353999928],[114.181076521564,-0.882664321001585],[114.181019070174,-0.88271017833199],[114.180962176363,-0.882757146325218],[114.180907296135,-0.882806234919769],[114.180855255965,-0.882858107815366],[114.180805480289,-0.882912175956108],[114.180757398935,-0.882967843990741],[114.180710442633,-0.883024518366767],[114.180670996569,-0.883079567667892],[114.180636563327,-0.88313800201712],[114.180603837897,-0.883197725094874],[114.180569526962,-0.883256635185546],[114.180530330011,-0.883312637767972],[114.180484182199,-0.88336876985278],[114.180435464125,-0.883422468372146],[114.180383372695,-0.883472250344028],[114.180327108409,-0.883516640880202],[114.180265869075,-0.883554156099365],[114.18020606236,-0.883584305870954],[114.180145793394,-0.88361263271679],[114.180085174591,-0.883639707706322],[114.17996333444,-0.883692360314114],[114.179900657989,-0.883717938831751],[114.179773971392,-0.883765378069711],[114.179710699589,-0.883790196660186],[114.179647971876,-0.88381772310936],[114.179589998879,-0.883851748958989],[114.179538452438,-0.883895269850768],[114.1794937984,-0.883946720964332],[114.179456506213,-0.884004531184132],[114.179427042624,-0.884067134790371],[114.179404984952,-0.884131367968223],[114.17938835379,-0.88419591411008],[114.179375740798,-0.884260795699106],[114.179365745733,-0.884326038815573],[114.179356957558,-0.884391664143948],[114.179351143441,-0.884463045133373],[114.179349960832,-0.884534812831305],[114.179349786364,-0.884606710930939],[114.179346984076,-0.884678476830175],[114.179337926104,-0.884749847027763],[114.179319585331,-0.88482013713957],[114.179292141619,-0.884887220268979],[114.179256365689,-0.884950815827438],[114.179213030957,-0.885010646823844],[114.179162907242,-0.885066433569023],[114.179110366151,-0.885108671128251],[114.179052439918,-0.885141739199867],[114.178993328379,-0.885171639859266],[114.178937232268,-0.885204376980369],[114.178888348718,-0.885245955336529],[114.178770474578,-0.885374901930106],[114.178734540367,-0.885406550871551],[114.178650608439,-0.885399651272849],[114.178566661222,-0.885393641103633],[114.178482679832,-0.885388610296104],[114.17839864718,-0.885384646983823],[114.17832238557,-0.885383054284489],[114.178246078993,-0.885383514737384],[114.178169749934,-0.885384653279061],[114.178093426271,-0.885385091248907],[114.178017132285,-0.885383450885513],[114.177948229827,-0.885378964167842],[114.177879655622,-0.885370562701269],[114.177811746915,-0.885357341767872],[114.177744846348,-0.885338388555738],[114.177679296562,-0.885312800145584],[114.177617236147,-0.885281926419736],[114.177557950139,-0.885248036367727],[114.177500038296,-0.885212745171998],[114.177442101272,-0.885177665316974],[114.177382738822,-0.885144406589063],[114.177314647553,-0.885106567613946],[114.177247043716,-0.885067636861891],[114.177178462316,-0.885031026360707],[114.17710743566,-0.885000147238941],[114.177032498751,-0.884978415121736],[114.176964915598,-0.884968411063255],[114.176897322553,-0.884964844352055],[114.176829724113,-0.884965402831028],[114.176762124772,-0.884967777940574],[114.17669452813,-0.884969662020239],[114.176627935131,-0.884970486698535],[114.176561343931,-0.884971482248034],[114.176494752731,-0.884972986813864],[114.176428160631,-0.884975344836221],[114.17636157033,-0.884978893561026],[114.176294759695,-0.88498413480994],[114.176228035396,-0.884991933730703],[114.176161918138,-0.885003206732563],[114.176096931328,-0.88501886482868],[114.176033600171,-0.885039818133066],[114.175960291934,-0.885067937235476],[114.175886983697,-0.885096055438567],[114.17581367636,-0.885124173641657],[114.175740368124,-0.885152292744067],[114.175668890007,-0.885177108636583],[114.175626652448,-0.885237098813036],[114.17557281903,-0.885291477219823],[114.175513427802,-0.885342432806965],[114.175454507819,-0.885392148229016],[114.175398173387,-0.885441290782921],[114.17534184525,-0.885489182379843],[114.175284930755,-0.885535610779755],[114.175226839947,-0.885580370937305],[114.175166983769,-0.885623255109067],[114.175097609167,-0.885667412720863],[114.175026113065,-0.885708086359045],[114.174953912793,-0.885747445188372],[114.174882420288,-0.885787661970994],[114.174813050182,-0.885830905871558],[114.174757188793,-0.885874251395535],[114.174705058692,-0.885922999147056],[114.174653904354,-0.885973198404315],[114.174600963963,-0.886020888553105],[114.174543481097,-0.886062117972301],[114.174483492719,-0.886093760618508],[114.174420855838,-0.886120412027367],[114.174357188334,-0.886145060645958],[114.174294105389,-0.886170696720228],[114.174233226682,-0.886200314093173],[114.174176722278,-0.886234889428579],[114.174121813271,-0.886272828228414],[114.174066934841,-0.886310924409599],[114.174010531161,-0.886345972788376],[114.173951042806,-0.886374768180985],[114.173874771304,-0.886405250701728],[114.173798498002,-0.886435735021109],[114.1737222256,-0.886466219340491],[114.173645954098,-0.886496702760553],[114.173568510778,-0.886531794306791],[114.173547888424,-0.886600561866373],[114.173522480778,-0.886667340125598],[114.173495054153,-0.886733212767524],[114.173468367671,-0.886799265273851],[114.173445184947,-0.886866581327638],[114.173425559942,-0.886932430587137],[114.173406213726,-0.886998393161264],[114.173387174179,-0.887064461855402],[114.173368471878,-0.88713062587766],[114.173350139198,-0.887196871738183],[114.173331927027,-0.887267777885597],[114.173315285972,-0.88733907613738],[114.17329921059,-0.887410540763824],[114.173282706232,-0.887481957726095],[114.173264768354,-0.887553104891822],[114.173241558651,-0.887632488948157],[114.173214185087,-0.88771049973974],[114.173181876942,-0.887786577888221],[114.173143870693,-0.887860163115988],[114.173099398319,-0.88793069064883],[114.173059518782,-0.887985488139691],[114.173018042049,-0.888038206398051],[114.172975138992,-0.888089308574706],[114.172930979581,-0.888139256021816],[114.17288573289,-0.888188510091595],[114.1728415474,-0.888235934940383],[114.172797319641,-0.888283216796992],[114.172752852662,-0.888330217165731],[114.172707944116,-0.888376797551132],[114.172662390757,-0.888422827551381],[114.172616419212,-0.888467871894704],[114.172569911672,-0.888512313692274],[114.172523063289,-0.888556357090181],[114.172476059323,-0.88860019724126],[114.172429094927,-0.88864403469438],[114.172372252378,-0.88869145234861],[114.172312160578,-0.88873494805938],[114.172251996832,-0.888778531004334],[114.172194942043,-0.888826213958566],[114.172144169918,-0.888882008797623],[114.172103491783,-0.888946229384942],[114.172072741264,-0.889014630021109],[114.172048181678,-0.889085633295281],[114.17202607994,-0.889157668991174],[114.172002700264,-0.88922916059721],[114.17198162825,-0.889295243680522],[114.171963285677,-0.889362225186517],[114.171944952997,-0.889429177014847],[114.171923904365,-0.889495166568622],[114.17189742023,-0.889559263948797],[114.171860200888,-0.88962182978355],[114.171814824694,-0.889678784748071],[114.171765344895,-0.889733038149132],[114.171715806639,-0.889787500192938],[114.171670268568,-0.889845082884221],[114.171625798892,-0.88990635279589],[114.171581291444,-0.889967393380459],[114.171539540417,-0.89003005903993],[114.171503341806,-0.890096209572391],[114.171475495198,-0.890167706574346],[114.17145723986,-0.890245077947952],[114.171447615315,-0.890322675950699],[114.171443875934,-0.890400442126634],[114.17144327159,-0.890478316221277],[114.171443062048,-0.890556237979979],[114.171444051302,-0.890621784167934],[114.171447273573,-0.890687375322045],[114.171450758446,-0.89075295658364],[114.17145253011,-0.890818481187921],[114.171450621749,-0.890883896974231],[114.171442724802,-0.890948120259509],[114.171429701719,-0.891011739200337],[114.171414481593,-0.891075065861571],[114.171399989918,-0.891138415005798],[114.171389156684,-0.891202104093793],[114.171383031402,-0.891273167622558],[114.1713807786,-0.891344760852007],[114.171379953922,-0.891416622079419],[114.171378113909,-0.891488488702748],[114.171372815103,-0.891560106213888],[114.171362916266,-0.891627636306339],[114.171348036083,-0.891693696007223],[114.171327846303,-0.891758738574879],[114.171302018673,-0.891823219066282],[114.171270229438,-0.891887588041698],[114.171228964046,-0.891954156758857],[114.171180983416,-0.892013637919035],[114.171126639183,-0.89206522303158],[114.17106628658,-0.892108107203342],[114.171000281738,-0.892141475648543],[114.170936776111,-0.892159474679943],[114.170869535601,-0.892164207811902],[114.170801590021,-0.892156827975157],[114.170735970089,-0.892138483604072],[114.17067570472,-0.89211032223352],[114.170475813308,-0.891990583798361],[114.17021585258,-0.891815286146482],[114.170183885278,-0.891792134899049],[114.170053616681,-0.891701290781896],[114.169963571162,-0.891646345802144],[114.169904761795,-0.891618108888565],[114.169812877163,-0.891586924896615],[114.169681682264,-0.891565846586502],[114.169609029633,-0.891561074783738],[114.169608963083,-0.891561071186459],[114.169499876218,-0.891557529656211],[114.169427159736,-0.891557787761656],[114.169315250798,-0.89156152174678],[114.169276029565,-0.891563145023099],[114.169236809231,-0.891564768299361],[114.169197587998,-0.89156639157568],[114.169158366765,-0.891568014851941],[114.169119146432,-0.89156963812826],[114.169040704865,-0.891572883781521],[114.168962263298,-0.891576132132741],[114.168890036946,-0.891660920215259],[114.168813930019,-0.891740835770918],[114.168688476392,-0.891849160010679],[114.16868839995,-0.891849221164591],[114.168611661699,-0.891911203339305],[114.168521355376,-0.892006465825716],[114.16848745723,-0.892069634206223],[114.168454977315,-0.892133372756916],[114.168417716604,-0.892187663929519],[114.168371905139,-0.89222148923028],[114.168737161191,-0.892399844577142],[114.168927392985,-0.892528310033413],[114.16907274681,-0.892644782130958],[114.169149890655,-0.892714807842083],[114.169217671658,-0.892792371670566],[114.169235442262,-0.892821912601164],[114.169269379079,-0.892886114302712],[114.169300239315,-0.892955801868709],[114.169328674978,-0.893026100973714],[114.169355730183,-0.893096772398053],[114.169382448142,-0.893167575123471],[114.169395854335,-0.89320297963377],[114.169417046859,-0.893275264441854],[114.169440564131,-0.893387105930174],[114.169449026751,-0.893424129220136],[114.16949818909,-0.893525376694754],[114.169570824634,-0.893601527688304],[114.169623540194,-0.89363858695117],[114.169704686922,-0.893687457909834],[114.16975846638,-0.893721006219437],[114.169816351244,-0.893760886655571],[114.169910003044,-0.893828126266953],[114.169972428585,-0.893872999739074],[114.170003650348,-0.893895427931625],[114.170034871212,-0.893917857023439],[114.170154665406,-0.89400401297479],[114.170360905132,-0.894142280142091],[114.170423008715,-0.894172754568899],[114.170486198679,-0.894189722077954],[114.170731145226,-0.894417730793577],[114.17089558986,-0.894843990557661],[114.170895359633,-0.895143857802736],[114.170887150622,-0.895617332873542],[114.170824119837,-0.895956609310019],[114.170823938174,-0.89619334684545],[114.170823641398,-0.89658002115101],[114.166741303868,-0.899903547610563],[114.1652357902,-0.900488219355793],[114.165200867726,-0.900492004602256],[114.165165945252,-0.900495790748096],[114.165131021879,-0.900499576893935],[114.165096100305,-0.900503362140398],[114.165061176932,-0.900507148286238],[114.164999493332,-0.900517353792793],[114.164939147024,-0.900533161176384],[114.164879723421,-0.900552680062106],[114.164820814229,-0.900574018276302],[114.164762003064,-0.900595288141972],[114.164697956945,-0.900623193205774],[114.164636407344,-0.900657287403817],[114.164575269633,-0.90069238524535],[114.164512461881,-0.900723302138658],[114.164445903955,-0.900744858888061],[114.164381705851,-0.900754639015304],[114.164316361111,-0.900758449442833],[114.164250529838,-0.900759665326234],[114.16418486494,-0.900761663619846],[114.164120030115,-0.900767826673814],[114.164051704123,-0.900779597900055],[114.163983686598,-0.90079347623788],[114.163915625006,-0.900807341085851],[114.163847170411,-0.900819075439927],[114.163777969378,-0.900826564993906],[114.163708277315,-0.900830909618719],[114.163638550179,-0.900834700261157],[114.163568794265,-0.900838043940553],[114.16349901227,-0.900841047676181],[114.163429207792,-0.900843821185333],[114.163366157222,-0.900846026322995],[114.163303098559,-0.900847931087128],[114.163240036299,-0.900849764804775],[114.163176980333,-0.900851758601732],[114.163113936059,-0.900854146301754],[114.163037072803,-0.900857709415732],[114.162960203251,-0.900862428158462],[114.162883510865,-0.90086907864503],[114.162807182705,-0.900878430694945],[114.162731406729,-0.900891255926695],[114.162661396306,-0.900905008359416],[114.162591384984,-0.900918759892818],[114.162521372763,-0.900932513224859],[114.162451362341,-0.900946264758261],[114.162404057102,-0.900965727885989],[114.162342434656,-0.900950300016291],[114.16228081221,-0.900934872146593],[114.162219189764,-0.900919444276894],[114.162157567318,-0.900904016407196],[114.162101258067,-0.900866725119215],[114.162076906224,-0.900930587776372],[114.162038865801,-0.900979446144504],[114.16203419742,-0.900985441924547],[114.161982001668,-0.901035934360834],[114.161929183585,-0.901086712781535],[114.161884614983,-0.901142427580908],[114.161844700373,-0.901203187576982],[114.161804238974,-0.901264102256448],[114.161767087081,-0.901326457649873],[114.161737094691,-0.90139154068703],[114.161718118097,-0.901460639197069],[114.16170987581,-0.901529557842764],[114.161707518687,-0.901598734593904],[114.161709480108,-0.901668009371065],[114.161714195254,-0.901737213101853],[114.161720094807,-0.901806183008887],[114.16172531717,-0.901869317215187],[114.161730422621,-0.901932481998415],[114.161735998418,-0.901995618902617],[114.161742631817,-0.902058667673316],[114.161750910077,-0.902121568055861],[114.161760518433,-0.902184901012333],[114.161770527888,-0.902248105365743],[114.161780861997,-0.902311221585535],[114.161791440722,-0.902374283846086],[114.161802192118,-0.902437329918769],[114.161815635184,-0.902511998829652],[114.161829946995,-0.902586474386226],[114.161844581662,-0.902660912171314],[114.161858995097,-0.902735471364849],[114.161872638711,-0.902810306650281],[114.161883632923,-0.902885256149602],[114.161890974989,-0.90296064182013],[114.161895243171,-0.903036256817757],[114.161897009439,-0.903111882607277],[114.161896852958,-0.903187312344528],[114.161894644223,-0.903257144701399],[114.161889280666,-0.903326920401014],[114.161880086897,-0.903396465874152],[114.161866380329,-0.903465609350349],[114.161847481077,-0.903534170965145],[114.161825409915,-0.903601365610484],[114.161802404358,-0.903667332681209],[114.161778376271,-0.903732412121087],[114.161753249213,-0.903796946571788],[114.161726937748,-0.903861274178439],[114.161699938302,-0.903925688119955],[114.161672876802,-0.903990049900813],[114.161645732565,-0.904054365816307],[114.161618492999,-0.904118633168366],[114.16159113922,-0.904182852856309],[114.161565472569,-0.904242138863594],[114.161539397625,-0.904301218026717],[114.161513143717,-0.904360236036041],[114.16148694017,-0.904419342178869],[114.161461015414,-0.904478683944035],[114.161435865873,-0.904538149815721],[114.161412481701,-0.90459856357279],[114.161392479879,-0.904659960288882],[114.161377487281,-0.904722374138203],[114.161369123586,-0.904785839295016],[114.161366178307,-0.904854381124721],[114.16136635997,-0.904923024577897],[114.161368725187,-0.904991706701878],[114.161372326971,-0.905060367242129],[114.161376218338,-0.905128945944057],[114.161379978403,-0.905194585661548],[114.16138413507,-0.905260200198029],[114.161388691035,-0.905325799446018],[114.161393656192,-0.905391387002851],[114.161399033239,-0.905456974559684],[114.161406928387,-0.905522780651779],[114.161418728392,-0.905588032761443],[114.161433486266,-0.905652783948767],[114.161445345626,-0.905698260866018],[114.161450253227,-0.905717081877754],[114.161468081387,-0.905780975111838],[114.16149750001,-0.90583826732211],[114.161542854619,-0.905888298406182],[114.16159285063,-0.905935675590911],[114.161636195254,-0.905985013297652],[114.161661596605,-0.90604091605536],[114.161668832551,-0.906105482881685],[114.161666249698,-0.906173041752425],[114.161656442591,-0.906241484656732],[114.161642002177,-0.90630870718104],[114.1616255221,-0.906372604012404],[114.161603706346,-0.906431041059648],[114.161573997242,-0.906489205612274],[114.161542452622,-0.906547238863936],[114.161515133017,-0.906605280209476],[114.161498093562,-0.906663466345833],[114.1614934,-0.906732279770836],[114.161501494798,-0.906807817426795],[114.161523981447,-0.906880693089477],[114.161562447249,-0.906941518736062],[114.161474167099,-0.906956632742379],[114.16137801968,-0.906963660044823],[114.161281874059,-0.906970686447949],[114.16118572664,-0.906977711951811],[114.16108958012,-0.906984739254256],[114.160981317934,-0.90699512012867],[114.160869157186,-0.907014802690924],[114.160763788118,-0.907049130712778],[114.160675895576,-0.907103438972456],[114.1606161707,-0.907183067644382],[114.160597429728,-0.907224962561941],[114.160578689655,-0.907266858378762],[114.160559949582,-0.907308752396943],[114.16054120861,-0.907350647314502],[114.160522469437,-0.907392542232003],[114.160478615796,-0.908717113204148],[114.160477650823,-0.908757321892836],[114.16047668585,-0.908797532380163],[114.160475720878,-0.908837741068851],[114.160474755905,-0.908877950656859],[114.160473790933,-0.908918161144186],[114.160471846599,-0.908993440694701],[114.160471086671,-0.909069172604177],[114.160473718987,-0.909144965667565],[114.160481954978,-0.9092204259818],[114.160498001582,-0.909295165939113],[114.16051967884,-0.909360087997641],[114.160546410289,-0.909422323781143],[114.160576418867,-0.909482860745356],[114.160607922118,-0.909542681849246],[114.16063914568,-0.909602778145654],[114.160672742553,-0.909665877278371],[114.160707892555,-0.909727431375813],[114.160743411279,-0.909789061016284],[114.160778108923,-0.909852378684263],[114.160810803776,-0.909918996864178],[114.160834124096,-0.909975292625631],[114.160852589875,-0.910032331227058],[114.160865154303,-0.910089887838012],[114.160870766972,-0.910147742124536],[114.160868390064,-0.910205669256186],[114.16089671691,-0.910255641884305],[114.160925044655,-0.91030561721044],[114.1609533724,-0.910355590737879],[114.160981700145,-0.910405565164638],[114.161010026991,-0.910455537792814],[114.161009619598,-0.910524373700866],[114.16093553165,-0.910571419035705],[114.160819314959,-0.910605979981938],[114.160692516846,-0.91063736272406],[114.160586690923,-0.910674870748664],[114.160494942987,-0.910711484847127],[114.160396104796,-0.910741077938326],[114.160300782056,-0.910774053379839],[114.160219575073,-0.910820812730265],[114.160163085958,-0.910891762944459],[114.16012075307,-0.910981982032808],[114.160078420183,-0.911072201121158],[114.160036086396,-0.91116242020945],[114.15999375261,-0.9112526392978],[114.15988731245,-0.911442741589212],[114.159807648704,-0.911524098758093],[114.159718515997,-0.911585364173163],[114.15962853343,-0.911623572769599],[114.159537370054,-0.911645151102789],[114.159444694017,-0.911656507741611],[114.159350172572,-0.911664065644061],[114.159255391223,-0.911671208959092],[114.159160564908,-0.911676966418838],[114.159065749385,-0.911681028656517],[114.158970997713,-0.911683092600583],[114.158876364752,-0.911682846186352],[114.158783498959,-0.911677647205579],[114.158690699716,-0.911667357162742],[114.158597945439,-0.911655510393416],[114.158505210947,-0.911645639434653],[114.158412479153,-0.91164127322611],[114.158318526079,-0.911646361590272],[114.158225760111,-0.911661747191829],[114.15813385929,-0.911686268106735],[114.158042495365,-0.911718774102098],[114.157951340982,-0.911758104153137],[114.157858575013,-0.911804237575438],[114.157771392936,-0.911856018740252],[114.157691890169,-0.911915770596295],[114.157622156737,-0.911985810696535],[114.157564288961,-0.912068456593943],[114.157514684155,-0.912164083305754],[114.157472606675,-0.912260964571828],[114.157435572594,-0.91235882430027],[114.157401095284,-0.912457374708026],[114.157366687223,-0.912556338803938],[114.157343642095,-0.912651818926236],[114.157331119935,-0.912751863107928],[114.1573167083,-0.912850809217446],[114.157287993846,-0.912942997821062],[114.15723256593,-0.913022764988568],[114.157160614771,-0.913083964753127],[114.157084070773,-0.913134620866003],[114.157004711898,-0.913178973630693],[114.156924318802,-0.91322125795466],[114.156844670345,-0.913265707846108],[114.156761873362,-0.913311924905372],[114.156677715704,-0.91335540622697],[114.156593824246,-0.913399414551293],[114.156511826759,-0.91344720632344],[114.15643334922,-0.913502035290662],[114.156369495556,-0.913567885449481],[114.156320861119,-0.913646123769524],[114.15628005618,-0.913730835409694],[114.15623968921,-0.913816100132863],[114.15619237228,-0.913895996802751],[114.156133997286,-0.913977067087956],[114.156074279604,-0.914057409821567],[114.156013474642,-0.914136921581644],[114.155951839606,-0.914215508838595],[114.155889632601,-0.914293071767815],[114.155819853304,-0.914354337182886],[114.155735781081,-0.914401560583485],[114.155649584661,-0.914446770402094],[114.155573428271,-0.914501983379807],[114.155519476143,-0.914579219855057],[114.155489653725,-0.914676143389272],[114.15547766756,-0.914774120029563],[114.15547838432,-0.91487257420988],[114.15548666168,-0.914970925867465],[114.15549736721,-0.915068594939669],[114.155506735447,-0.915159001986297],[114.155516532662,-0.915249464790918],[114.155527766993,-0.915339867340947],[114.155541451976,-0.915430082832017],[114.155558591256,-0.915519997050183],[114.155580793719,-0.915608950792375],[114.155607300337,-0.9156964269485],[114.155635712618,-0.915783180049687],[114.155663636568,-0.91586996462712],[114.15568867819,-0.915957537010684],[114.155709611709,-0.916048218350568],[114.15572582109,-0.916140743300616],[114.155736687598,-0.916233897776124],[114.155741596997,-0.916326468591592],[114.155739932352,-0.916417242561636],[114.155713448217,-0.916504337405172],[114.15565767766,-0.916584602797116],[114.155592198921,-0.916662999397829],[114.155536589342,-0.916744474377936],[114.155510426265,-0.916833983901199],[114.1555058703,-0.916929183435002],[114.155501951954,-0.917024409049191],[114.155498558811,-0.917119651750454],[114.155495581156,-0.917214908840947],[114.155492903874,-0.917310170427982],[114.155490966735,-0.91741933643317],[114.155490262566,-0.917528531216703],[114.155489629443,-0.917637727798876],[114.155487910838,-0.917746903696582],[114.155483944828,-0.917856032829604],[114.155462219006,-0.917943124075862],[114.155415247416,-0.918022150202034],[114.155356378694,-0.918097992728121],[114.155298957881,-0.918175542167489],[114.155256333613,-0.918259672845579],[114.155226698254,-0.918350520560011],[114.155200752813,-0.918441913263621],[114.155179011702,-0.91853386714422],[114.155161997428,-0.918626398389506],[114.155150224403,-0.918719523187406],[114.155149674918,-0.918812249585585],[114.15516100008,-0.918905313229573],[114.155176989127,-0.918998543248108],[114.155190428595,-0.919091770568684],[114.155194111319,-0.919184827018114],[114.155188597576,-0.919278038150878],[114.155176406366,-0.919370435397241],[114.155153201159,-0.919461068173689],[114.155114646324,-0.919548993990816],[114.155056411624,-0.919633266761821],[114.154982305689,-0.919695816408762],[114.154898702913,-0.919732520439425],[114.154810772599,-0.919756659142479],[114.154723685849,-0.919781507410619],[114.154642614665,-0.919820341035859],[114.154555461365,-0.919879297891214],[114.154470640907,-0.919941218912072],[114.15438928104,-0.920007367645837],[114.154312506817,-0.920079015733961],[114.154241445986,-0.92015742672379],[114.154205702431,-0.920242341610731],[114.154205632284,-0.9203416699321],[114.15421752402,-0.92044584829722],[114.154217670609,-0.920545314214849],[114.154182363226,-0.920630507891588],[114.154112669364,-0.920710061020429],[114.1540379384,-0.920783729885159],[114.153958209004,-0.920851572042352],[114.153873511753,-0.92091365404184],[114.153783885318,-0.920970031641616],[114.153695434297,-0.921012038075048],[114.153602855387,-0.921044741021944],[114.153510596637,-0.921076314420304],[114.153423113286,-0.92111492501374],[114.153344854282,-0.921168744941554],[114.153269252774,-0.921235946781451],[114.153193651266,-0.921303152218627],[114.153118048859,-0.921370354058524],[114.15304244825,-0.921437558596381],[114.152970231791,-0.92153603076315],[114.152976628669,-0.921639930338472],[114.152975182559,-0.921744972952069],[114.152966177647,-0.921850236798946],[114.152949900817,-0.921954798275294],[114.152926639853,-0.922057735576004],[114.152894332607,-0.922142958930351],[114.152849094011,-0.922223117302963],[114.152798792231,-0.922300944632866],[114.152751292738,-0.922379184751549],[114.152714468198,-0.922460573396677],[114.152684936261,-0.922560044710224],[114.152664134043,-0.922665715050641],[114.15265576765,-0.922773190330417],[114.152663543188,-0.922878071965386],[114.152347108632,-0.92281519406589],[114.15224384218,-0.922814170637423],[114.152140573928,-0.922813149007595],[114.152042976802,-0.922819984754426],[114.151946180972,-0.922838186133333],[114.151849843795,-0.922861390440744],[114.151753628028,-0.922883229577337],[114.15165720002,-0.922897337242262],[114.151560371814,-0.922903000273209],[114.151463572386,-0.922900871577895],[114.151366988796,-0.922886667685532],[114.151270809001,-0.922856097031229],[114.151175222758,-0.92280486984879],[114.15107914009,-0.922731661436956],[114.150999890932,-0.922653452794577],[114.150931560443,-0.922571129753806],[114.150868233782,-0.922485577247528],[114.150803999705,-0.922397678410107],[114.150745508698,-0.922317001128647],[114.150689144588,-0.922235360673312],[114.150633422594,-0.922153429736966],[114.150576857936,-0.922071875616496],[114.150517965832,-0.921991367407657],[114.150454644566,-0.921908895978731],[114.150389730602,-0.921829737652217],[114.150319801118,-0.921754714408507],[114.150241433296,-0.921684638335364],[114.150151203415,-0.921620324218566],[114.150052813986,-0.921569685192765],[114.149952413673,-0.921537027211969],[114.149850571747,-0.921517975973757],[114.14974785388,-0.921508150880413],[114.149644830245,-0.921503170434903],[114.149544208698,-0.921500365449447],[114.149443041263,-0.921501185631143],[114.149341829762,-0.921507768668562],[114.149241077814,-0.92152225135078],[114.149141291737,-0.921546769567726],[114.149051500726,-0.921577101901676],[114.148964914,-0.921611901168262],[114.148880579175,-0.921650828323038],[114.148797537576,-0.921693545220876],[114.148714834122,-0.921739705622883],[114.148621639177,-0.921793003943947],[114.148530045925,-0.921847192593816],[114.148441940243,-0.921905220449503],[114.148359199917,-0.921970037287338],[114.148283709925,-0.922044594682234],[114.148218054919,-0.922121850942631],[114.148155927954,-0.922200818612851],[114.148096639249,-0.922281373586486],[114.148039502621,-0.922363386361155],[114.147983837284,-0.922446725635837],[114.147926113399,-0.922534715304835],[114.147868506426,-0.92262275893313],[114.147810999278,-0.922710852923501],[114.147753580264,-0.922798996376514],[114.147696231396,-0.922887181198405],[114.147650079088,-0.922967951110024],[114.147608103231,-0.923052437919637],[114.147564566152,-0.923135444445165],[114.147513734671,-0.923211780699091],[114.147449870215,-0.92327625399588],[114.147394754364,-0.923319564446274],[114.147339639413,-0.923362873997405],[114.147284522663,-0.923406184447799],[114.147229406812,-0.923449493998874],[114.14717429186,-0.923492805348644],[114.146098360051,-0.924148310396163],[114.146093479431,-0.924236352225819],[114.146088597011,-0.924324394954795],[114.146083714592,-0.924412437683827],[114.146078833072,-0.924500481312123],[114.146073950652,-0.924588524041098],[114.146060146958,-0.924680157763021],[114.146030864133,-0.924768970311675],[114.145988890075,-0.924853723320609],[114.145937010884,-0.924933179322693],[114.145878015358,-0.925006099052155],[114.145811602224,-0.925080422623353],[114.14574509466,-0.925154417941997],[114.145678550225,-0.925228255879233],[114.145612024675,-0.925302101910404],[114.145545581863,-0.925376125108016],[114.145482433268,-0.925446663432751],[114.145419302659,-0.92551722334116],[114.145356227808,-0.925587873181769],[114.145293247386,-0.925658682202368],[114.145230395566,-0.925729718751484],[114.145181512917,-0.925806352680979],[114.145149717386,-0.925893648073327],[114.145124357403,-0.925985088441053],[114.145094783198,-0.92607416179311],[114.145050343199,-0.926154355239248],[114.144994214711,-0.926228873963339],[114.144938087123,-0.926303393586693],[114.144881958636,-0.926377912310784],[114.144825831047,-0.926452432833457],[114.144737769433,-0.926520657202502],[114.144735262123,-0.926520575364236],[114.144645597017,-0.926517630983824],[114.144553385031,-0.92652841565382],[114.14446178998,-0.926541972933649],[114.144372197719,-0.926552820556196],[114.144282508331,-0.92656462865466],[114.144192882795,-0.926579507038582],[114.144103493781,-0.926599564618186],[114.144014504066,-0.92662690940432],[114.143922649111,-0.926660550344081],[114.143833130595,-0.926695199423875],[114.1437453082,-0.926731363861279],[114.143658534414,-0.926769547276763],[114.143572166222,-0.926810252391192],[114.143489247831,-0.926850901747684],[114.143406735033,-0.926891966590915],[114.143324670997,-0.92693373740201],[114.143243088997,-0.926976499266004],[114.143162032202,-0.927020547160453],[114.143069411924,-0.92707272762425],[114.142977610029,-0.927126075408012],[114.142886518598,-0.927180574323984],[114.142796039606,-0.92723621088237],[114.142706067831,-0.927292971593317],[114.142629849388,-0.927342149220749],[114.142554424147,-0.927392412329937],[114.142480237273,-0.927444360768561],[114.142407734829,-0.927498594384588],[114.142337363778,-0.927555710327738],[114.142260674091,-0.927622286239455],[114.142185113053,-0.927690016880717],[114.142110105997,-0.927758316792847],[114.142035074659,-0.927826590624591],[114.141959444373,-0.927894251118744],[114.141882776269,-0.927961595051499],[114.141805854557,-0.928028412880906],[114.141728415734,-0.928094690217733],[114.141650198098,-0.928160409974907],[114.141570937249,-0.928225555065239],[114.141492597306,-0.928282685397562],[114.141409254434,-0.928331786582646],[114.14132176119,-0.928373475555418],[114.141230969234,-0.928408372848082],[114.14113773292,-0.928437093596926],[114.141026386059,-0.928464476154602],[114.140914673174,-0.928486577893182],[114.140802623043,-0.928504828734788],[114.14069025635,-0.928520656802846],[114.140577600076,-0.928535491119987],[114.140472000782,-0.928548084326565],[114.140365960821,-0.928557843769454],[114.140259717612,-0.928564248741054],[114.140153514873,-0.928566768641417],[114.140047593622,-0.928564879165776],[114.139939754116,-0.928554349003946],[114.139829996357,-0.928529747150037],[114.139726382766,-0.928488927821718],[114.139636980262,-0.928429749733141],[114.139569850368,-0.92835006620254],[114.13951853775,-0.928262810380375],[114.139467226032,-0.928175552759512],[114.139415913414,-0.92808829603797],[114.139364600796,-0.928001039316484],[114.139106962117,-0.927677488425331],[114.139006270423,-0.927667592285502],[114.13890557783,-0.927657697045049],[114.138804886137,-0.92764780180454],[114.138695765997,-0.927630399023656],[114.138588415723,-0.927603056935482],[114.138481951281,-0.92757056622861],[114.138375476047,-0.92753771579288],[114.13826810419,-0.927509296316941],[114.138171433365,-0.927487374442705],[114.138074717574,-0.927465947195685],[114.137977774255,-0.927445493015057],[114.137880416348,-0.927426491239544],[114.137782458594,-0.927409414013198],[114.137690391398,-0.927396449386606],[114.137598128151,-0.927386759191563],[114.137505722811,-0.927379402737188],[114.13741323923,-0.927373440232031],[114.137320734065,-0.927367924689918],[114.137226896104,-0.927363473045773],[114.137132928642,-0.927361302082375],[114.137038894629,-0.927361153694221],[114.136944864214,-0.927362778769179],[114.13685089945,-0.927365915604469],[114.136744075279,-0.927371477911322],[114.136636740293,-0.927381943321961],[114.136531048369,-0.927400863259209],[114.136429155181,-0.927431784649116],[114.136333217304,-0.927478260713087],[114.136244819343,-0.927532647213866],[114.13615797541,-0.927587997787839],[114.136071966048,-0.927643806116691],[114.135986078994,-0.927699564982902],[114.135899602884,-0.927754768967361],[114.135817099979,-0.927806623876563],[114.135734598873,-0.927858277337577],[114.135651938586,-0.927909718558624],[114.135502509933,-0.92836468018578],[114.135470670335,-0.928587564564396],[114.135470387948,-0.928937853199329],[114.135501893897,-0.929128944744946],[114.135596702226,-0.929351933444934],[114.135596572724,-0.929511153916565],[114.135596355088,-0.929781821973449],[114.135596265156,-0.929893285746516],[114.13556442286,-0.930116171923771],[114.135469154978,-0.930466382317661],[114.135278799077,-0.930943891747177],[114.135120412277,-0.93103929542707],[114.134993687009,-0.931134724288029],[114.134898625072,-0.931230180128637],[114.134529696189,-0.931393587843729],[114.134467614189,-0.93147974379508],[114.134404903564,-0.931565522031178],[114.134276253746,-0.931728522353353],[114.134207128256,-0.93180257612795],[114.134058711341,-0.931940701202336],[114.133907716968,-0.932065811288112],[114.133760327078,-0.932185043404957],[114.133613267239,-0.932304647841192],[114.133536121595,-0.932368014971871],[114.133382014668,-0.932494978560385],[114.133305115439,-0.932558646064592],[114.133025553087,-0.932812611013162],[114.132807514255,-0.932997635732249],[114.132727881087,-0.93305979957006],[114.132568546401,-0.933184027420907],[114.132407318643,-0.933309999057144],[114.13216271114,-0.933501684155374],[114.132080835962,-0.933565434397224],[114.131716783203,-0.933675456557012],[114.131437198368,-0.933675227229912],[114.131253852683,-0.933703598142472],[114.130966045347,-0.933736338860911],[114.130582561836,-0.933832692224939],[114.130412105235,-0.933922837568844],[114.130185270134,-0.934116657657569],[114.129945589118,-0.934428952633994],[114.129824716637,-0.93467327505158],[114.129733234002,-0.934833223974067],[114.129341618821,-0.935122953161738],[114.129068208731,-0.935174724433921],[114.128703010236,-0.935317939671108],[114.128301535787,-0.93565129856853],[114.12816718157,-0.935805444165851],[114.127869402551,-0.936058995426265],[114.127699963982,-0.936137953203911],[114.12737011334,-0.936267129124644],[114.12727181744,-0.936336497431341],[114.127173520642,-0.936405864838719],[114.127075223843,-0.936475233145472],[114.126976927943,-0.936544602351489],[114.126921836374,-0.936617058930096],[114.126903102596,-0.936716997891097],[114.126957625794,-0.936927345720392],[114.127022335612,-0.937001761921749],[114.127105931194,-0.937037770776442],[114.127297744895,-0.937041570412077],[114.127393862637,-0.937044659583307],[114.12757368208,-0.93711757481617],[114.127671693794,-0.937165261367682],[114.127760475765,-0.937220010295164],[114.127824413066,-0.937286701320147],[114.127841852719,-0.937464064714788],[114.127829677697,-0.937558044767911],[114.127814283103,-0.937652146229539],[114.127785558757,-0.937840740357842],[114.127775147305,-0.937931835385825],[114.127764882443,-0.938023039231837],[114.127746352812,-0.938205335407872],[114.127738867755,-0.938296198410796],[114.127753298276,-0.938389190108978],[114.127860510954,-0.938560993894725],[114.12795879876,-0.93873073373635],[114.127985774824,-0.938836644195703],[114.128013578264,-0.939081497213294],[114.127988170618,-0.939177596069158],[114.127912816423,-0.939204004661065],[114.127827630841,-0.939233861253626],[114.127735035743,-0.939220193357187],[114.127641966703,-0.939194283889037],[114.12754910181,-0.939163841837797],[114.127457125446,-0.939136570796052],[114.127358223403,-0.939111531871674],[114.126889539021,-0.939000205694867],[114.126742738187,-0.938983027744484],[114.126669224006,-0.938975834966755],[114.126490948698,-0.93895782964006],[114.126385576034,-0.938949945283696],[114.126369760556,-0.938953144172217],[114.126072498647,-0.939013260253716],[114.125987136797,-0.939066502816786],[114.125840996065,-0.939182953330601],[114.125698479601,-0.939300198845046],[114.12562022959,-0.939358227600053],[114.125383567598,-0.939527623900688],[114.125304090911,-0.939579080410169],[114.125124927074,-0.939588415373009],[114.125029374106,-0.939543196561203],[114.124864290954,-0.939405950124467],[114.124796268033,-0.939327138036958],[114.124732737226,-0.939247863697915],[114.124613129193,-0.939087332014708],[114.124502631291,-0.938931528067542],[114.124453274699,-0.938855940049564],[114.124352494872,-0.938706282069234],[114.124230028793,-0.938571433225036],[114.124071590731,-0.938472554564669],[114.123991295662,-0.938424112582709],[114.123975283233,-0.938534321801455],[114.12394830537,-0.93863747134219],[114.123921326608,-0.938740619084228],[114.123894348745,-0.938843768624963],[114.123867370883,-0.938946916367058],[114.123848002184,-0.939039994400162],[114.123837724731,-0.939134977197398],[114.12383626783,-0.939230833236309],[114.123843358085,-0.93932652739727],[114.123858723901,-0.939421020064003],[114.123887316946,-0.939521721650067],[114.123929433996,-0.939617211664938],[114.123983831289,-0.939707180741777],[114.124049272256,-0.939791321312384],[114.124124512237,-0.939869325808672],[114.124206211148,-0.939935241618059],[114.124292713338,-0.93999027922797],[114.124380873878,-0.940040732094076],[114.124467547839,-0.940092890074766],[114.124549589392,-0.940153043028488],[114.124624947184,-0.940216951551008],[114.124697869611,-0.940281942857325],[114.124767546385,-0.940350674444005],[114.124833161821,-0.940425799311129],[114.124893907428,-0.940509973156679],[114.12494731097,-0.940605961395931],[114.124986998052,-0.940704483924719],[114.125015975107,-0.94080507039763],[114.125037244973,-0.940907236080022],[114.125053818579,-0.941010509727221],[114.125057857434,-0.941103924106756],[114.125048782375,-0.941198515698886],[114.125035546154,-0.94129327816222],[114.125027107815,-0.94138719886007],[114.125032430003,-0.941479270551838],[114.125065588007,-0.941574934135872],[114.125120502409,-0.941665414926888],[114.125180272252,-0.941754606989491],[114.125227993877,-0.941846405287322],[114.125246768124,-0.941944703884928],[114.125245502778,-0.942042108556393],[114.125244238331,-0.942139514127234],[114.125242972985,-0.942236919698018],[114.125241707639,-0.94233432526886],[114.125240443192,-0.942431729940324],[114.124532490582,-0.944580855122297],[114.123197271637,-0.945069844397779],[114.123191787571,-0.945145542132991],[114.123186304404,-0.945221238968941],[114.123180820339,-0.94529693670421],[114.123175336273,-0.945372634439479],[114.123169851308,-0.945448332174749],[114.123138650229,-0.945542633285868],[114.123071264927,-0.94562076008998],[114.122984208754,-0.945690523199062],[114.122893986968,-0.945759737721687],[114.12281711202,-0.945836216068471],[114.122761718279,-0.945907875847752],[114.122707543119,-0.945980505096202],[114.122655288911,-0.946054467139902],[114.122605659823,-0.946130120808391],[114.122559358228,-0.946207824031831],[114.122530292139,-0.946303521790071],[114.122531400104,-0.946407821563639],[114.122543534656,-0.946515769886844],[114.122547545633,-0.946622397105898],[114.122524282869,-0.946722746157775],[114.12247931227,-0.946810987636923],[114.122426722615,-0.946893820593289],[114.122366462642,-0.946971153296033],[114.122298478392,-0.947042894913636],[114.122222711409,-0.947108954614521],[114.122137543813,-0.947162293405086],[114.122046032399,-0.947201182788319],[114.12195292109,-0.947235270691124],[114.121862955611,-0.947274201443179],[114.12178088438,-0.947327613078812],[114.121704633562,-0.947394115246198],[114.121632063669,-0.947464077105451],[114.121563896856,-0.947538059833562],[114.121500861576,-0.947616624607519],[114.121443686277,-0.94770032990624],[114.121399417149,-0.947781289574834],[114.1213620746,-0.947865190026448],[114.121327155724,-0.947950009585213],[114.121290156715,-0.94803374096432],[114.121246577368,-0.948114365185745],[114.12119681698,-0.948196490375665],[114.121145784051,-0.948278490559858],[114.121090775219,-0.948357054434439],[114.121029089821,-0.948428849112076],[114.12095802899,-0.948490555194894],[114.120879653074,-0.948547360871942],[114.120801276258,-0.948604167448309],[114.120722900342,-0.948660972226037],[114.120644524425,-0.948717777003765],[114.120509235813,-0.948766079590825],[114.120418668687,-0.9487640129488],[114.120330687112,-0.948780439965276],[114.120224407031,-0.948814984723697],[114.120118251057,-0.948850799324873],[114.120012149941,-0.948887175102982],[114.119906037134,-0.94892341508347],[114.119799846086,-0.948958813298532],[114.119710934612,-0.948987129352474],[114.119621733556,-0.94901460274167],[114.11953242728,-0.949042051849176],[114.119443194748,-0.949070286964115],[114.119354223019,-0.949100120174364],[114.119270583371,-0.949141656262384],[114.119197240061,-0.949201060980158],[114.119133088721,-0.949273635369934],[114.119077015992,-0.949354682272713],[114.119027913907,-0.949439501831478],[114.118990057845,-0.949524260236387],[114.118961909964,-0.949611823626697],[114.118937557223,-0.949700294433001],[114.11891108298,-0.949787775085724],[114.118876569698,-0.949872368914669],[114.118852123427,-0.949920580670209],[114.118832548783,-0.949959182270391],[114.118786080813,-0.950043657388846],[114.118735771838,-0.950126258320097],[114.118680229709,-0.950207453611029],[114.118618059576,-0.950287708211135],[114.118548816275,-0.950368424163401],[114.118474813762,-0.950443850303429],[114.118395202177,-0.950508081682585],[114.118309132561,-0.950555205258468],[114.118215761348,-0.950579316082496],[114.118112017356,-0.950583979067346],[114.118007239143,-0.950577459881799],[114.117902199227,-0.950562743375883],[114.11779767822,-0.950542825191178],[114.117694450439,-0.950520686580376],[114.117591586882,-0.95049616566547],[114.117489187376,-0.950469155427129],[114.117386698837,-0.950442105618606],[114.117283585269,-0.950417480382384],[114.117179298986,-0.950397728572284],[114.117074295043,-0.950382563304629],[114.116969130121,-0.950370061828835],[114.116863806919,-0.950360300587363],[114.116758328134,-0.950353357821143],[114.116652686572,-0.950349306375358],[114.116560470989,-0.950349231731593],[114.116468211339,-0.950351959375382],[114.116375958884,-0.950355164559141],[114.116283753193,-0.950356523434778],[114.116191649125,-0.950353706758108],[114.116095963958,-0.950347807205503],[114.11600027879,-0.950341907652842],[114.115904593622,-0.950336008999557],[114.115808909354,-0.950330107648313],[114.115677209935,-0.950346497792566],[114.115582342251,-0.950383886207362],[114.115487409816,-0.950420837551576],[114.115392446804,-0.950457553273395],[114.115297484691,-0.95049422672713],[114.115202557652,-0.950531060260175],[114.115109178346,-0.950567423447808],[114.115015795443,-0.950603768648932],[114.114922419734,-0.950640148024377],[114.114829059314,-0.950676605640808],[114.114735717779,-0.950713190061606],[114.11465015628,-0.950759979089696],[114.114575283223,-0.950825551358037],[114.114511265882,-0.950904775335061],[114.114458275129,-0.950992520388468],[114.114416474641,-0.951083656785272],[114.114377291179,-0.951182439218144],[114.114338106818,-0.951281220751696],[114.114298923357,-0.951380003184568],[114.114259738996,-0.95147878471812],[114.114220556434,-0.951577567150935],[114.114192958938,-0.951645942606092],[114.114165362342,-0.951714320759265],[114.114137764846,-0.951782698912382],[114.11411016825,-0.951851076166179],[114.114082571653,-0.951919454319295],[114.114035191771,-0.95200149407367],[114.113970279605,-0.952071877714957],[114.113895286938,-0.952135552413779],[114.113817661056,-0.95219745275017],[114.113744859138,-0.952262526794129],[114.113679211327,-0.952325939790228],[114.113612174962,-0.952388064057857],[114.113545749237,-0.952450741408541],[114.113481921653,-0.952515807358566],[114.113422693203,-0.952585101920874],[114.113360102187,-0.952668595878947],[114.113300178561,-0.952753967621447],[114.113241823351,-0.952840441932779],[114.113183928596,-0.952927245395983],[114.113125392623,-0.953013597399547],[114.113069437704,-0.953094602034184],[114.113013436021,-0.953175568897336],[114.1129574856,-0.953256574431293],[114.112901694358,-0.953337683387304],[114.112846154926,-0.95341897490573],[114.112793362923,-0.953498536128507],[114.112741979259,-0.953579038042108],[114.112691372609,-0.953660057065917],[114.112640918843,-0.953741164223288],[114.112589989337,-0.953821933235588],[114.112537384393,-0.953902600624474],[114.112483898114,-0.95398236689266],[114.11243007279,-0.954062084597467],[114.11237645431,-0.954142611692134],[114.112323588563,-0.954224791740671],[114.11227852983,-0.954307901688253],[114.112243693692,-0.954395654835537],[114.112218287844,-0.954486614965276],[114.112201521783,-0.954579344960734],[114.112192606803,-0.954672401410164],[114.112194053813,-0.954763160991035],[114.112205046226,-0.954853949350252],[114.112220132353,-0.954944758393822],[114.112233862303,-0.955035577329966],[114.11224079068,-0.955126397165429],[114.112242010161,-0.955225264134583],[114.112240449837,-0.955324248015586],[114.112233856907,-0.955423258876237],[114.112219981267,-0.95552219869046],[114.112196572814,-0.955620975727413],[114.112155361381,-0.955711153446941],[114.112096102353,-0.955790525812063],[114.112029535435,-0.955865085904918],[114.111966394933,-0.955940825908328],[114.111917425948,-0.95602373260914],[114.111884458601,-0.956115537202209],[114.111858800943,-0.956211157618782],[114.111834723394,-0.956307942657361],[114.111806492775,-0.956403231224101],[114.111768381306,-0.956494367620905],[114.111721326978,-0.956583644219734],[114.111671416403,-0.956671151852106],[114.111617859077,-0.956756369810591],[114.111559869892,-0.956838766595752],[114.111496667337,-0.956917822399532],[114.111427463607,-0.956996776579899],[114.111357035899,-0.95707366771552],[114.111285370723,-0.957148992232135],[114.11121245639,-0.957223246555543],[114.11113827671,-0.957296927111429],[114.111068366112,-0.957365837663247],[114.110998154242,-0.957433822812618],[114.110926317296,-0.957499842044001],[114.110851533272,-0.957562853043214],[114.110772481965,-0.957621812596528],[114.110695132175,-0.957670520777867],[114.110615017869,-0.957713012845204],[114.110532990705,-0.957751240327411],[114.110449895147,-0.957787149357387],[114.110366575657,-0.957822695061282],[114.110277552667,-0.957857936794312],[114.110186977447,-0.95788933572419],[114.110095996633,-0.957919567334102],[114.110005764954,-0.957951301711148],[114.109917432643,-0.957987214338402],[114.109826059725,-0.958040649356462],[114.109743474082,-0.958108041852597],[114.109663595399,-0.958181161231551],[114.109580343358,-0.958251783193191],[114.109487635846,-0.958311681638747],[114.109377299823,-0.958365373862875],[114.109265506898,-0.958411109784834],[114.10915217883,-0.958447142921273],[114.109037242775,-0.958471740278526],[114.108920626786,-0.958483149977326],[114.10888024093,-0.958481640914954],[114.108826542411,-0.958479632728825],[114.108732432856,-0.958466234628986],[114.108638290924,-0.958448872317547],[114.108544102229,-0.958433459736341],[114.108449857775,-0.958425915323687],[114.108359853624,-0.958425182376232],[114.10826965612,-0.958426912671825],[114.108179378576,-0.958432314899369],[114.108089133407,-0.958442595949009],[114.10799903213,-0.958458963610212],[114.10790124075,-0.958486380342151],[114.107808306608,-0.958523337981603],[114.107714742941,-0.95857058386531],[114.107630256132,-0.958620332562248],[114.107541766439,-0.95867759959151],[114.107452603155,-0.958741360625254],[114.107370781936,-0.95880962636312],[114.107296416996,-0.958883648661413],[114.107229632442,-0.958964682973715],[114.107170541587,-0.959053982055593],[114.107143487282,-0.959152274357905],[114.10715522973,-0.95925864886749],[114.107181695879,-0.959368206977103],[114.10719880638,-0.959476040187042],[114.10718248998,-0.959577248091477],[114.107139999711,-0.959669677713407],[114.107091496575,-0.959758110748169],[114.107034769139,-0.959842147896779],[114.10696760687,-0.959921391658838],[114.10689318887,-0.95999101627234],[114.106920198209,-0.960088100785185],[114.106925391793,-0.960106768912226],[114.106947208447,-0.96018518619735],[114.106974216887,-0.960282269810875],[114.107001226226,-0.96037935522304],[114.107028234665,-0.960476438836508],[114.107065289432,-0.960569844222903],[114.107118413284,-0.960655858081338],[114.107182184211,-0.960736601912629],[114.107251181997,-0.960814206210614],[114.107319981032,-0.96089079337537],[114.107386398663,-0.960964382200416],[114.107454367625,-0.961035994315637],[114.107522939132,-0.961106865389468],[114.107591162602,-0.961178232889097],[114.107658091048,-0.961251335180918],[114.107729207637,-0.961330790283682],[114.107798789083,-0.961410446834634],[114.107864794825,-0.961493114315715],[114.107925186998,-0.961581603108471],[114.107977922343,-0.961678725392801],[114.108015528394,-0.961777696683328],[114.108038649064,-0.961878188727383],[114.108051343894,-0.961979774347071],[114.108057673323,-0.962082027263705],[114.108061695991,-0.96218452389661],[114.108063032383,-0.962281490598286],[114.108060889299,-0.962378588600927],[114.108058010569,-0.962475666818534],[114.108057139126,-0.962572559775765],[114.108061017902,-0.962669108292687],[114.108071514789,-0.96276329069326],[114.108086922873,-0.962857162827731],[114.10810419795,-0.962950899164639],[114.108120294016,-0.963044675071671],[114.108132165067,-0.963138663218672],[114.108134675975,-0.963247005444885],[114.108127340205,-0.963356082417249],[114.108117876639,-0.963465361737008],[114.108114005957,-0.963574318200187],[114.108123447039,-0.963682423904686],[114.108144017233,-0.96378749169935],[114.108168843018,-0.963891403865148],[114.10819763931,-0.963994172093294],[114.108230122822,-0.964095806276418],[114.108266009369,-0.964196316306925],[114.108289654344,-0.964259350688451],[114.10831329842,-0.964322385969297],[114.108384233346,-0.964511491811834],[114.109023690891,-0.965616863827165],[114.109003571258,-0.965801661917112],[114.109001226725,-0.965899202386254],[114.108997448673,-0.965996536011289],[114.108985147746,-0.966092660947481],[114.108957222898,-0.966186569054855],[114.108913880971,-0.966275618125223],[114.108862637601,-0.966358414209424],[114.108806676387,-0.96643748440232],[114.108749178232,-0.966515361194922],[114.108693326736,-0.966594575279373],[114.108640070683,-0.96667415628724],[114.10858677506,-0.966753673443236],[114.108533468645,-0.966833169914821],[114.108480176619,-0.966912693366055],[114.108426926861,-0.966992278870521],[114.108370756106,-0.967074935559765],[114.108314429767,-0.967157263097192],[114.108259279742,-0.967240616760989],[114.108206631631,-0.967326351829627],[114.108157811934,-0.967415821782708],[114.108125546057,-0.96750314955068],[114.108109502152,-0.967594448724753],[114.108102118718,-0.967687908070445],[114.108095836953,-0.967781710957127],[114.108083098057,-0.967874047948897],[114.108066797844,-0.967965446947744],[114.108051942843,-0.968057154414112],[114.108034185729,-0.968148192784838],[114.10800917918,-0.968237596188089],[114.107972574075,-0.968324382564163],[114.107922813687,-0.968407458337481],[114.107865537664,-0.968483377305972],[114.107803453866,-0.968554934562519],[114.107739263856,-0.968624918904823],[114.107675674593,-0.968696127224462],[114.107614410077,-0.968768986699331],[114.107553812858,-0.968841605155887],[114.107491858563,-0.968912886320595],[114.107426532708,-0.968981740215099],[114.10735581362,-0.969047068767168],[114.107242880355,-0.969130166124216],[114.107122206625,-0.969197911154652],[114.106996091097,-0.969255135915716],[114.106866827042,-0.969306677860857],[114.10673671133,-0.969357363651341],[114.106639426269,-0.969394885165798],[114.106541759894,-0.969430029772013],[114.106443721201,-0.96946309604499],[114.106345311987,-0.969494384358313],[114.106246542144,-0.969524193286816],[114.106150154606,-0.969542682448775],[114.106051341596,-0.96954840123766],[114.105951514151,-0.969550482268914],[114.1058520932,-0.969558052761897],[114.105754493375,-0.969580241734718],[114.105661886587,-0.969619238137284],[114.105576325987,-0.969670948255612],[114.105498962707,-0.969734607665941],[114.105430952377,-0.969809452843947],[114.10537344343,-0.969894716667795],[114.105320440986,-0.969995650278975],[114.105276016275,-0.970097312341068],[114.105238289715,-0.970200172300054],[114.10520538622,-0.970304706796753],[114.105175430702,-0.970411387075785],[114.105152539358,-0.97049967172245],[114.105131529397,-0.970588031912087],[114.105112453877,-0.97067652610076],[114.10509537665,-0.970765209147032],[114.105080351677,-0.970854143104191],[114.105069171305,-0.970950827418676],[114.105065234973,-0.971048706932208],[114.105067844805,-0.971146956067116],[114.105076300231,-0.971244751044367],[114.105089900678,-0.971341263588386],[114.105125095647,-0.971446451892177],[114.105184246756,-0.971544138950776],[114.105252876719,-0.971638395995114],[114.105316507351,-0.971733280766273],[114.105360662265,-0.971832858199775],[114.105387990863,-0.971940015119571],[114.105407407226,-0.97205522277028],[114.105411764441,-0.972171739833868],[114.105393919194,-0.97228283218692],[114.105346729968,-0.972381763907208],[114.105289063639,-0.972460100253386],[114.105229327971,-0.972535912202545],[114.105167709122,-0.972609722260813],[114.105104401347,-0.972682045739759],[114.1050395962,-0.97275340694415],[114.10496585539,-0.972832582357739],[114.104891680207,-0.972911172312706],[114.104817492433,-0.972989621973454],[114.10474371565,-0.973068369309772],[114.104670775236,-0.973147855888783],[114.104606218302,-0.973223702911525],[114.104544735251,-0.973302202934292],[114.104484034611,-0.973381483568573],[114.104421825807,-0.973459686815033],[114.104355818266,-0.973534942983179],[114.104290145274,-0.973599913605085],[114.104220833625,-0.973660384918787],[114.104148833002,-0.973717769759219],[114.104075088595,-0.973773480061993],[114.104000547387,-0.973828925964142],[114.103913507402,-0.973892970284282],[114.10382592063,-0.973954313940396],[114.10373634006,-0.974012457808612],[114.103643307892,-0.974066897369369],[114.103545372621,-0.974117130800892],[114.103448527328,-0.974157477085839],[114.103350119912,-0.974188211416788],[114.103250385997,-0.974210808681846],[114.103149563002,-0.974226749165098],[114.103047882954,-0.974237507754708],[114.102955179038,-0.974239896354106],[114.102862135179,-0.9742351317459],[114.102769094918,-0.974228865269879],[114.102676408989,-0.974226736574565],[114.102584429928,-0.974234396100428],[114.102481123006,-0.974251014672518],[114.102377902418,-0.974268370688719],[114.102274801441,-0.974286608040472],[114.102171856946,-0.97430586792143],[114.102069102207,-0.974326293323713],[114.101973593307,-0.974345954302294],[114.101878156352,-0.974365752877134],[114.10178278235,-0.974385719625218],[114.101687462307,-0.974405880626819],[114.10159218633,-0.974426265559657],[114.101487997173,-0.974449969890145],[114.101384392576,-0.974475353254888],[114.101280826649,-0.974501417406429],[114.101176752605,-0.97452716319799],[114.101071622757,-0.974551590583417],[114.100976131843,-0.974569765881938],[114.100880261415,-0.974582745797022],[114.10078421472,-0.974591476415469],[114.1006882004,-0.974596900226743],[114.100592418106,-0.974599967814243],[114.100488538315,-0.97459510787786],[114.100384671116,-0.974579902140704],[114.100280811111,-0.974560582005211],[114.100205397561,-0.974547496869434],[114.100073095597,-0.974534551128556],[114.099964387347,-0.974541182729354],[114.099758858085,-0.974592709386002],[114.099701761028,-0.974636405645583],[114.099647292688,-0.974781266642083],[114.09965233159,-0.975198841653196],[114.099684246731,-0.975408784787533],[114.099716175361,-0.975602579695249],[114.099764039079,-0.97592556761083],[114.099801238636,-0.976210869436045],[114.099822468932,-0.976404655350507],[114.099811654584,-0.976539208317774],[114.099756200588,-0.976660088891947],[114.099682356356,-0.976730603834255],[114.099598895673,-0.976772916936511],[114.09950929262,-0.976793542887663],[114.099417025775,-0.976798997275864],[114.099325572817,-0.976795791192785],[114.099233201651,-0.976789688393353],[114.099140754043,-0.976782429065793],[114.099048330716,-0.976774060874163],[114.098956028798,-0.976764630583205],[114.098863949911,-0.976754186756239],[114.098755401741,-0.976738525962162],[114.09864699926,-0.976719442348326],[114.098538712791,-0.976700026884657],[114.098430516255,-0.976683374138361],[114.098322380873,-0.976672575978569],[114.098229212908,-0.976676578860975],[114.098137207766,-0.976697052826694],[114.098046157704,-0.976728884330498],[114.09795585318,-0.976766963424552],[114.097866082854,-0.976806176563741],[114.097761110387,-0.976859660145124],[114.097662310867,-0.976922884283624],[114.097566271366,-0.976989284827596],[114.097469571763,-0.977052300323351],[114.09736880003,-0.977105364820659],[114.097273256955,-0.977124675063635],[114.097168288985,-0.97711859564663],[114.097062268809,-0.977107764211894],[114.096963558322,-0.977112809408595],[114.096880530212,-0.977154365281706],[114.096813890449,-0.977215749407264],[114.096747249786,-0.977277132633503],[114.096680610022,-0.977338517658438],[114.096613970259,-0.977399901783997],[114.096543418444,-0.977464886795019],[114.0965243753,-0.977536801981785],[114.096508022927,-0.977563129634689],[114.096476249879,-0.977614284871322],[114.09642371868,-0.97769109416862],[114.096368958061,-0.977767731695394],[114.096314150678,-0.97784469567614],[114.096261482781,-0.977922485234444],[114.096203933365,-0.97801016463734],[114.096145965764,-0.97809830539245],[114.09608930128,-0.978186864332258],[114.096035664814,-0.978275803685335],[114.095986782164,-0.978365080284163],[114.095967883811,-0.978448914186004],[114.09598526231,-0.97853907391908],[114.096028389299,-0.978630356006079],[114.096086738212,-0.978717564164185],[114.096149783386,-0.978795496714781],[114.096217632738,-0.978871082934063],[114.096286393103,-0.978943594371344],[114.096355343225,-0.979014636316379],[114.096423762747,-0.979085821253591],[114.096490934009,-0.979158755372225],[114.096560453402,-0.979235463046109],[114.096630380188,-0.979311839769537],[114.096699451718,-0.97938901599025],[114.096766410741,-0.979468123055369],[114.096829996407,-0.979550292312069],[114.096884096024,-0.979633049725408],[114.09693144533,-0.979719876570982],[114.096977967259,-0.980052664398897],[114.09701675412,-0.980253574742619],[114.097128521864,-0.980537839649514],[114.097220880439,-0.980738797657352],[114.097332774088,-0.980876080066992],[114.097503099389,-0.981023211851721],[114.097568171634,-0.981023977174743],[114.09763324298,-0.981024741598503],[114.097687596206,-0.981032125032471],[114.097741950331,-0.981039509365814],[114.097782377555,-0.981052214987699],[114.097822804779,-0.981064922408223],[114.097858694024,-0.981092983953999],[114.097894583268,-0.981121047298473],[114.097934068003,-0.981142145393619],[114.097973551838,-0.981163242589503],[114.098019794978,-0.981175387933774],[114.098112545658,-0.981197933937437],[114.098159054996,-0.981208337294902],[114.098252572798,-0.981225276924931],[114.098346557348,-0.981237977150897],[114.098531597355,-0.981250699859856],[114.098758802976,-0.981250482223913],[114.098894113173,-0.981238861184465],[114.099024039128,-0.981202471017184],[114.099147630259,-0.981150428149704],[114.099191989319,-0.981131749230769],[114.099192195264,-0.981131661996528],[114.099319369294,-0.98108770583292],[114.099417181358,-0.981065914360386],[114.099518986412,-0.981047947704553],[114.099621301382,-0.981040352030561],[114.099720643193,-0.98104966900695],[114.099767087781,-0.98106605915126],[114.099855597258,-0.981106891969432],[114.100096697405,-0.981268751951291],[114.100217149902,-0.981349258361547],[114.10033933809,-0.981437067266768],[114.100379661892,-0.981468126252992],[114.100543667656,-0.981575721142576],[114.100592746358,-0.981630602270457],[114.10064182506,-0.9816854842976],[114.100662675842,-0.981780557926356],[114.100673100783,-0.981828093391755],[114.100683526623,-0.981875630655793],[114.100704378304,-0.981970704284549],[114.100725229086,-0.982065776114609],[114.100763088746,-0.982150395124563],[114.100905072811,-0.982283967830824],[114.100984452371,-0.982346918575388],[114.101109600228,-0.982490566386502],[114.101177445982,-0.982581316974176],[114.101249404337,-0.982677567815472],[114.101334917273,-0.982788797764783],[114.101644666268,-0.983134772351832],[114.101892999662,-0.98328552031046],[114.102045795377,-0.983378272789025],[114.102095312049,-0.983416717907176],[114.102118421928,-0.983524979194385],[114.102107627365,-0.983567330967503],[114.102049443027,-0.983659839729796],[114.101898913604,-0.983824323933334],[114.101772664077,-0.98391727696071],[114.101639234363,-0.983995791372649],[114.101552587382,-0.984052179764262],[114.101451633986,-0.984149809266228],[114.10142200762,-0.984178458968643],[114.101277146623,-0.984352942734063],[114.10119494589,-0.984475890849637],[114.101161474922,-0.984540097047784],[114.101103960579,-0.98467143044212],[114.10107225588,-0.984785199177566],[114.101074479903,-0.984977944576428],[114.101148352015,-0.985216963691869],[114.101214676116,-0.985350804396035],[114.101449856026,-0.985662724355223],[114.101609593608,-0.985777577673048],[114.101762454074,-0.985887488316905],[114.101892547303,-0.986020412611879],[114.102036187021,-0.986201348113696],[114.102255598217,-0.98653639593789],[114.102285876592,-0.986624882931949],[114.102248132945,-0.986916697647416],[114.102132543082,-0.987311157383942],[114.10199613931,-0.987775908131596],[114.10188715227,-0.988202767743473],[114.101725895734,-0.988466045171776],[114.101549827363,-0.988760887904618],[114.101407217369,-0.989065714910794],[114.101252315442,-0.989548470085765],[114.101454492031,-0.989889043344647],[114.101698754194,-0.990139220348681],[114.101880404657,-0.990387754291362],[114.101855686791,-0.99052631913429],[114.101681174247,-0.99082487067119],[114.101440303427,-0.991013182412416],[114.101387503331,-0.991095670928416],[114.101356938972,-0.991190881254113],[114.101332109589,-0.991390865296125],[114.101334664563,-0.991440598704628],[114.10140260025,-0.991717411829029],[114.101443306264,-0.991804346593256],[114.101619345856,-0.991983939407248],[114.101851304394,-0.992120960114164],[114.102139266414,-0.992258031183155],[114.102400807252,-0.992396793876878],[114.102435622706,-0.992422540567759],[114.102726399604,-0.992559155680453],[114.103066057353,-0.992807346082088],[114.103066077138,-0.992807364967859],[114.103235926697,-0.992967500949362],[114.103459161811,-0.993193713718881],[114.103629182241,-0.993351337893898],[114.103780151433,-0.993522808930436],[114.103861898008,-0.993695602869707],[114.103881499632,-0.993740166975101],[114.103920703777,-0.993829291588497],[114.1039403063,-0.993873854794515],[114.103959907024,-0.993918418000533],[114.103970172785,-0.993988557925547],[114.103980437647,-0.994058697850562],[114.103933636928,-0.994207789258041],[114.103833676383,-0.994564101551987],[114.103726773072,-0.994908367427172],[114.10365422836,-0.995092795895744],[114.103565760252,-0.995277509449465],[114.10347975089,-0.995417217330669],[114.103339891923,-0.995585014636674],[114.103556963983,-0.995754812934194],[114.103619903036,-0.995821425718191],[114.10368284209,-0.995888037602811],[114.103811252687,-0.995941448339124],[114.104070979592,-0.995946739950057],[114.104329987039,-0.996063710271983],[114.104527935916,-0.99619026197098],[114.104779759578,-0.996383868920361],[114.105193772375,-0.996720231553411],[114.105481293727,-0.996981856927107],[114.105817200404,-0.997429593400966],[114.10599580756,-0.997829331258572],[114.106030071731,-0.998100788020906],[114.106349642222,-0.998075802156507],[114.106704467038,-0.9980692353069],[114.106832909112,-0.99806041385699],[114.107420590888,-0.998020055880829],[114.107611033123,-0.998022421097801],[114.108070048894,-0.998146882772346],[114.108329568955,-0.998242041836704],[114.108416074742,-0.998273760925258],[114.109034742659,-0.998605269917221],[114.109179927412,-0.998946872899808],[114.109446060188,-0.999573051954712],[114.109627518195,-1.00000000329749],[114.109628521839,-1.00000236401786],[114.10962846788,-1.00000272824326],[114.109323112072,-1.00206360475153],[114.109773344165,-1.00323544655856],[114.110010274155,-1.00389310098575],[114.10992055419,-1.00449696156545],[114.109747459877,-1.00566198291415],[114.109841356294,-1.0058957122173],[114.110257295438,-1.00693108640047],[114.11063616093,-1.00787417215525],[114.110551503249,-1.00960735279705],[114.110410932019,-1.01008051310515],[114.110182268597,-1.0108501861871],[114.10900449756,-1.01166740282832],[114.108530581821,-1.01199623813585],[114.108415706919,-1.01207782193387],[114.107935359229,-1.01241896626226],[114.107841379176,-1.01248571124654],[114.107532716562,-1.01237785195627],[114.10730678528,-1.0121768273986],[114.106927552864,-1.01183940266623],[114.106682334722,-1.01187209032469],[114.106571251362,-1.0118868967628],[114.105997295939,-1.0124822011926],[114.105926423066,-1.01255570997796],[114.105632467065,-1.01260325983253],[114.10521985811,-1.01253714527297],[114.104876535624,-1.01290823882414],[114.104649252661,-1.01320303479218],[114.104485738826,-1.01345988656448],[114.104060001568,-1.01407274576059],[114.104044633053,-1.01409486998222],[114.103627028365,-1.01427194559375],[114.103332771091,-1.01465717918541],[114.103311447266,-1.01526678283574],[114.103287206939,-1.01581661934148],[114.103531552739,-1.01628247715456],[114.103893301435,-1.01697216633238],[114.103744486119,-1.01739040144582],[114.103369843843,-1.01802957030839],[114.103078091181,-1.01935605323922],[114.102958473255,-1.01989990655539],[114.102956652128,-1.02003825196368],[114.102951103311,-1.02045993237994],[114.102939360863,-1.0213522298215],[114.101627983844,-1.02120918005954],[114.10039235942,-1.02114795781193],[114.099960953735,-1.02092082323736],[114.099827446679,-1.02082056411768],[114.098983295343,-1.02018663830268],[114.098192580823,-1.02008810857927],[114.097813283656,-1.02004084560849],[114.097527360399,-1.01989182614682],[114.096682037246,-1.0194512518737],[114.096279051037,-1.01961973626175],[114.095934931752,-1.02007150529568],[114.095498436803,-1.0201724182225],[114.094961657555,-1.01980045862422],[114.094021819252,-1.01943293088499],[114.093403620781,-1.01919118142786],[114.092556063711,-1.01940102024082],[114.09183268593,-1.01958011483038],[114.089891269067,-1.0186762071412],[114.089135188338,-1.01836571530549],[114.088419554619,-1.01807183394794],[114.087939293264,-1.01799300657194],[114.087525499902,-1.01792508977104],[114.087221866296,-1.01750059357749],[114.08708006929,-1.01730235511957],[114.086748237441,-1.01761639837804],[114.086049270857,-1.01780873278676],[114.085720321336,-1.01789925134932],[114.085525055137,-1.01795298314363],[114.08516845596,-1.01786823283265],[114.084709976185,-1.01775927097356],[114.084004175652,-1.01809315057841],[114.083075748847,-1.01853234529148],[114.082418993742,-1.01834024920311],[114.082231947347,-1.01828553894643],[114.081654167106,-1.01865267008463],[114.081059170245,-1.01903074057617],[114.08071567329,-1.01924900423813],[114.079909281788,-1.020063564282],[114.079391468342,-1.01994248405833],[114.078902840594,-1.01936313000442],[114.078666149823,-1.01962874926733],[114.078412485248,-1.01991341617116],[114.078322401957,-1.02104290710446],[114.078178400713,-1.02131559503863],[114.07775142329,-1.02212414311464],[114.076908219839,-1.02220704172157],[114.076492783415,-1.02199748169835],[114.076033280212,-1.02200711523614],[114.075400260913,-1.02202038563223],[114.074171739334,-1.02142160442344],[114.074019219711,-1.02144065206437],[114.073079117008,-1.02155806215478],[114.069254982032,-1.02199382595427],[114.064734112589,-1.02272830316861],[114.061269025645,-1.02388608407546],[114.060429265698,-1.02416667075522],[114.059260398848,-1.02419024918061],[114.058948925852,-1.02514339565113],[114.058592671115,-1.02615939933673],[114.058580146257,-1.02619511860979],[114.058070216268,-1.02616983417045],[114.05796706223,-1.0260571329303],[114.057490459317,-1.02553641467375],[114.056755244659,-1.0250754572665],[114.055855984666,-1.02523900887309],[114.0555114418,-1.02560447086961],[114.053520260951,-1.02569459732774],[114.05280584941,-1.02637753709359],[114.052682453433,-1.02649549666978],[114.052051248067,-1.02709889499795],[114.050729950627,-1.02821192204254],[114.050384130723,-1.02844177886493],[114.049760354657,-1.02885638701258],[114.049198002286,-1.02923016773798],[114.0478371032,-1.02911062895231],[114.046495806636,-1.02897139681244],[114.045986599702,-1.02903005689154],[114.045265865028,-1.02934914804467],[114.044742584603,-1.02958081969905],[114.044037840774,-1.02932391126944],[114.043615100956,-1.02938464878247],[114.042973932001,-1.02947676903761],[114.041533460901,-1.0308380386445],[114.039917270366,-1.03216831131846],[114.038961033825,-1.03295538088605],[114.037514157752,-1.03379603835646],[114.037089043724,-1.03404303625706],[114.036343226958,-1.03447636739037],[114.035654421814,-1.03486790792755],[114.034668015716,-1.03542861723685],[114.032082810174,-1.03625226313142],[114.029922176367,-1.03694064109766],[114.029447773196,-1.03715872669386],[114.027521312059,-1.03804433407873],[114.027421906396,-1.03809003312847],[114.027340327994,-1.03840630940363],[114.02713355407,-1.03920797406869],[114.026960764628,-1.03964160107898],[114.026079027925,-1.04035410785576],[114.025676584007,-1.04058507983751],[114.025503748699,-1.04106690601287],[114.025869157636,-1.04213879986565],[114.026261476086,-1.04268047862115],[114.026545741893,-1.04307296884241],[114.026573993195,-1.0435839042737],[114.026131970114,-1.04516440791105],[114.025721594176,-1.0461894479846],[114.02462565515,-1.04729829857757],[114.023018339125,-1.04892455432469],[114.022730851947,-1.04911707399373],[114.02255836018,-1.04923258471598],[114.022194257959,-1.04942503064058],[114.021963572861,-1.05031166595057],[114.021982417255,-1.05063943556144],[114.021924426271,-1.05119848382293],[114.021540895096,-1.05168010315418],[114.021099482655,-1.05260509275081],[114.020142931351,-1.05305123472664],[114.017336587913,-1.05436013321355],[114.01650775293,-1.05474670769433],[114.014113647927,-1.05578024905918],[114.012056922689,-1.05666814342004],[114.010693697057,-1.05696428837115],[114.009987087134,-1.05684326570412],[114.009239665978,-1.05646188300943],[114.008732192037,-1.05581085928367],[114.007871706314,-1.05532288174555],[114.007596112671,-1.05532626229711],[114.007370202973,-1.05532903310836],[114.007132269339,-1.05572708743512],[114.006834797888,-1.05628439910566],[114.006418808381,-1.0565694320336],[114.005567609957,-1.05654205397258],[114.004740192306,-1.05651665172206],[114.004574118101,-1.05671370757148],[114.004522189448,-1.05677532462147],[114.003593413705,-1.05637743577],[114.002637565671,-1.05545597331445],[114.000667742822,-1.05405498514938],[114.000000021384,-1.05358008465316],[113.9999999998,-1.05358005857278],[113.999999979116,-1.05358003159313],[113.998868812746,-1.05214691604726],[113.998203770388,-1.0510077016441],[113.996803251669,-1.05027911408979],[113.995388999403,-1.05003152623391],[113.994753866698,-1.05061380937974],[113.993673234133,-1.05457651729239],[113.991385215855,-1.05803508864835],[113.99101311956,-1.05859755073635],[113.990070781142,-1.05980156219232],[113.989346950102,-1.061090820385],[113.988436858674,-1.06271183578252],[113.986815488044,-1.06389345322026],[113.985033263774,-1.06568205008648],[113.982970207309,-1.06704898812023],[113.98039823619,-1.06875312065995],[113.974792392255,-1.0707988022229],[113.974353007785,-1.07037862367451],[113.973691578903,-1.06980908572069],[113.973229664617,-1.06922627287412],[113.972568903033,-1.06872192227883],[113.972097240995,-1.06856426033232],[113.971319777985,-1.06831935425475],[113.970660939151,-1.06769497474323],[113.970074335662,-1.06706815357239],[113.969304571749,-1.06645876036345],[113.968500479813,-1.06593067576006],[113.968196640263,-1.06562032241987],[113.967627753418,-1.06524794643553],[113.967382770898,-1.06494848928133],[113.967167281645,-1.06442958225938],[113.966985794859,-1.06377684892237],[113.966894977721,-1.06370696080756],[113.966836421064,-1.06332745140071],[113.96665511774,-1.06286737892634],[113.966537526885,-1.0622788050228],[113.966291294308,-1.06146149485204],[113.966131199695,-1.06092647827433],[113.965938073883,-1.0596169790403],[113.965905677605,-1.05911395044842],[113.965979367154,-1.05828971459863],[113.966362585365,-1.0574295850073],[113.967021202966,-1.05638001682428],[113.967297183318,-1.05489913288864],[113.967114878149,-1.05366072596166],[113.967023446775,-1.05303963077426],[113.962489417553,-1.04697816780816],[113.961763970431,-1.04600832902111],[113.961176419057,-1.04522284315965],[113.960121918092,-1.04333471112795],[113.960106384102,-1.04305415682381],[113.959907256215,-1.04266959412644],[113.959792378615,-1.04222996144352],[113.959617845387,-1.04204945491836],[113.959745150718,-1.04180073301734],[113.959908773371,-1.04126468671586],[113.960000134599,-1.04096537165452],[113.960014196398,-1.04024661099226],[113.960016264839,-1.04014087410201],[113.959940812618,-1.03958092022322],[113.959762755847,-1.03909901041095],[113.959696436242,-1.03884972193708],[113.959671641933,-1.03822424255469],[113.95986924457,-1.03751756338477],[113.959925559217,-1.03692085781131],[113.959937672186,-1.03662162458824],[113.960028278882,-1.03633894158884],[113.96019331437,-1.03614346315027],[113.960370772193,-1.03598121825854],[113.960758823361,-1.03575643720978],[113.960986537099,-1.03540905968032],[113.960957453923,-1.03522623110564],[113.960870311416,-1.034789950196],[113.960849407574,-1.03451983881945],[113.961096803875,-1.03371105062445],[113.961236910155,-1.03335767281828],[113.961393804081,-1.03276931115477],[113.961364632772,-1.03249089633778],[113.961314775257,-1.03217510030061],[113.961339265595,-1.03187803983963],[113.961198497413,-1.03151661400051],[113.961125167593,-1.03129008736761],[113.961156732897,-1.03101795161712],[113.961459299008,-1.03064173732628],[113.961682149212,-1.0304337367275],[113.962090582614,-1.02991803039276],[113.962243597764,-1.029488077113],[113.962391843809,-1.02900170486475],[113.96248660897,-1.02874811043688],[113.962422444141,-1.02832167530505],[113.962306563797,-1.02807243269655],[113.962079195399,-1.0278606981127],[113.961860137635,-1.02770298130747],[113.961632893343,-1.02762423217251],[113.961385038389,-1.02759121716088],[113.961066955376,-1.02754579869958],[113.960734985931,-1.0274832022879],[113.960561421273,-1.02738777972223],[113.960420844646,-1.02723414493977],[113.960123002675,-1.02674403331042],[113.959952239404,-1.02635161593429],[113.959778586613,-1.02614901396578],[113.959784361159,-1.0259793568618],[113.959785791981,-1.02593731355614],[113.959745034706,-1.02589727483934],[113.959497249898,-1.02565385713973],[113.959175083064,-1.02565831238115],[113.958887793737,-1.02582793081433],[113.958408763554,-1.02571280500189],[113.958359251378,-1.02551881404196],[113.95835168808,-1.02548918138058],[113.958328215775,-1.0252629254436],[113.95829934394,-1.02480136908787],[113.957910031023,-1.02442969277604],[113.957548201388,-1.02450285532245],[113.957038346043,-1.02481898770606],[113.956603718087,-1.02524273116705],[113.956303528885,-1.02553540293644],[113.954553228749,-1.02557403871089],[113.954038130355,-1.02559306836537],[113.953421306049,-1.0256158535887],[113.952153991314,-1.02570250326784],[113.951473046244,-1.02557724029737],[113.95102216574,-1.02534343095454],[113.950709215158,-1.02520840764186],[113.950343889859,-1.02505078886276],[113.950113418799,-1.02499764702372],[113.949573996443,-1.02487326808682],[113.948848412624,-1.02448686177922],[113.948598260801,-1.02472174940914],[113.948232681893,-1.02496138635883],[113.947694469124,-1.02494725441221],[113.947076179822,-1.02489511171996],[113.946494493826,-1.02476386106326],[113.94597929291,-1.02440521233063],[113.945417793097,-1.02432122014812],[113.944747060728,-1.02421640866027],[113.94437365592,-1.02439183761317],[113.943671690096,-1.02450846259541],[113.943375859908,-1.02504764663155],[113.942990252198,-1.02415589597774],[113.942796190192,-1.02392939632455],[113.942330422311,-1.02350031268924],[113.941848116797,-1.02317743898755],[113.941677831966,-1.02319116893727],[113.941516963037,-1.02320413895978],[113.940448982135,-1.02320235560416],[113.939863313042,-1.02304700131799],[113.939744001784,-1.02253463956191],[113.939437638736,-1.02169788694789],[113.939143126954,-1.02085015900758],[113.939493117014,-1.02031480608338],[113.939826615306,-1.01943167633073],[113.940120316799,-1.0189523349822],[113.940397661423,-1.01827113270656],[113.940711569783,-1.01793037059008],[113.941158472585,-1.01765028573203],[113.941849168105,-1.01713370705488],[113.942042135636,-1.01669577858729],[113.941896638819,-1.01617304405067],[113.941654536828,-1.01573551398275],[113.941557413644,-1.01524921368019],[113.941810644745,-1.01462883435318],[113.941762485151,-1.01373555395259],[113.941810100656,-1.01293296658309],[113.941833744732,-1.01234927689757],[113.941893699834,-1.01182635260403],[113.942062410852,-1.01129116965171],[113.942131090278,-1.01048112690245],[113.941979628257,-1.01006099332011],[113.941809321843,-1.0099281913329],[113.9413494733,-1.00956960555283],[113.940987488981,-1.00927697335356],[113.940664263645,-1.00862846503156],[113.940577208372,-1.00845379780446],[113.940294457923,-1.00724504961931],[113.940155356185,-1.00668734584428],[113.939860293118,-1.00609492194303],[113.939340127045,-1.00564215825892],[113.938941330778,-1.00529387511222],[113.938013041569,-1.00465952931376],[113.937266970295,-1.00467211982243],[113.936646855368,-1.00468258523307],[113.936112768689,-1.00426218365283],[113.935705908201,-1.00412256300581],[113.93545865939,-1.00403771556807],[113.934667066232,-1.00350099027844],[113.934116228781,-1.00335554921918],[113.933324553785,-1.00320411417846],[113.932294318328,-1.00314356912037],[113.931798233402,-1.00280942691347],[113.931427168629,-1.00191292873865],[113.93122102603,-1.00126826861566],[113.930894268156,-1.00097047520723],[113.930268379582,-1.00019090238817],[113.930100552598,-1.00010237132733],[113.929911488125,-1.0000026356131],[113.929902817761,-1.00000000689477],[113.929902768298,-0.999999999700151],[113.9293895333,-0.999927965802954],[113.927999921559,-0.999732929830827],[113.927831994751,-0.99968377018979],[113.927659858216,-0.999633376678958],[113.92253439075,-0.998132910005722],[113.917350078843,-0.996615215919405],[113.9135227162,-0.995494765870717],[113.911900243901,-0.995019791630057],[113.91101967272,-0.994762007260761],[113.905504118021,-0.993147342875545],[113.90353045057,-0.992569557239221],[113.898225378598,-0.991016510803263],[113.894096288013,-0.989807730242489],[113.886940170253,-0.987712794609763],[113.886300028324,-0.987525394781073],[113.885692088419,-0.98734742164612],[113.882963914953,-0.986548757119408],[113.882745057738,-0.986484686718882],[113.881442895174,-0.986103482089959],[113.881329841399,-0.986070386139374],[113.878138594421,-0.985136156908084],[113.875246399901,-0.98428947487929],[113.874171828767,-0.983974897423536],[113.871331866872,-0.983143505668181],[113.868338592152,-0.982267232346828],[113.866999656309,-0.981875261933737],[113.866796428412,-0.981794156575006],[113.861325195002,-0.979610679089546],[113.860396758304,-0.979240154809247],[113.856839232745,-0.977820405886973],[113.855941506995,-0.977462137567557],[113.853203837587,-0.976369579992081],[113.851956564244,-0.975871814232789],[113.849940017118,-0.975067044208686],[113.847540563846,-0.974109462281831],[113.840422446938,-0.971268739560628],[113.836621851717,-0.969751986165193],[113.833155495829,-0.968368541075279],[113.830166081,-0.967175445590271],[113.830066812933,-0.967135827756181],[113.826295556295,-0.96563069540025],[113.818047863018,-0.962338986954649],[113.815210751975,-0.961206678445421],[113.812358820104,-0.960068453296458],[113.810915894753,-0.95949257242421],[113.809000018636,-0.95872793374707],[113.806326468192,-0.955719462283298],[113.805239205825,-0.954495995793536],[113.803643668221,-0.952700582066143],[113.803310865104,-0.952326088178381],[113.80280781403,-0.951760018909681],[113.801340567413,-0.950108967954463],[113.799396602771,-0.947921480391983],[113.795903045989,-0.943990278428544],[113.783999858607,-0.930595956638058],[113.783442728599,-0.928674332054754],[113.779235531894,-0.914163062175533],[113.777590956957,-0.908490670208209],[113.776206945294,-0.903717000439144],[113.774618640938,-0.898238696558565],[113.773522068788,-0.894456453802263],[113.773235732743,-0.893468837217029],[113.772450414155,-0.891874635106262],[113.767610476043,-0.882049536356988],[113.762605515932,-0.87188944194412],[113.757432586745,-0.861388372275485],[113.756851868419,-0.860209510360562],[113.754491845023,-0.855418651849277],[113.75408586587,-0.854594513126244],[113.7500000003,-0.846300183706489],[113.749999979615,-0.846300143236988],[113.749230561941,-0.844084570746304],[113.747949102669,-0.842136562752103],[113.745962771864,-0.840226372149289],[113.744957175134,-0.839259321260613],[113.742008586827,-0.836423757950001],[113.73719298257,-0.831792744939207],[113.736193262009,-0.830831345390209],[113.732093277982,-0.826888519689362],[113.729252306149,-0.82592659673503],[113.720819830971,-0.823071450686825],[113.713667119842,-0.820649619584231],[113.712316043151,-0.820192159640385],[113.70392462742,-0.817350917111071],[113.703940623661,-0.816918997014056],[113.703980156959,-0.816777808848769],[113.704052602745,-0.816519071198115],[113.704260563774,-0.816231125366073],[113.704804463855,-0.815991170056407],[113.705588318346,-0.815847195791378],[113.706100223247,-0.815703222425725],[113.706415234176,-0.8153983729365],[113.706596131007,-0.815223311806335],[113.70666011867,-0.814663414584857],[113.706612128147,-0.814135513443148],[113.706548139585,-0.813863563852351],[113.706548138686,-0.813047715079961],[113.706084248589,-0.812723094894864],[113.705812275616,-0.812263859689324],[113.705524329784,-0.811911926194398],[113.704580504787,-0.811304039349864],[113.703901157812,-0.810980042394988],[113.703540697845,-0.810808129791326],[113.702780346236,-0.810365538338885],[113.702468895723,-0.810184245806226],[113.701484576952,-0.809594098988441],[113.701248254903,-0.80938527461069],[113.7008851896,-0.809064454061286],[113.700325294177,-0.808520554879635],[113.699077525308,-0.807496744179332],[113.697285858156,-0.807032829801187],[113.696965917143,-0.8069048535761],[113.696709963794,-0.806360955293826],[113.696709964693,-0.805865046634551],[113.696645976131,-0.805321148352277],[113.696454012243,-0.804713260608423],[113.69629256505,-0.804502137563532],[113.696246051214,-0.804441311017627],[113.695926109303,-0.804249347129598],[113.695302226217,-0.804057382342251],[113.694966288064,-0.80372144508857],[113.694742328995,-0.803321519272629],[113.694582359388,-0.803081563063643],[113.694298084589,-0.802756677578543],[113.693686524913,-0.802057753262659],[113.69311063235,-0.801193913967893],[113.692822684719,-0.800282082352169],[113.692560420827,-0.799932396263046],[113.692150810212,-0.79938624787701],[113.691702892974,-0.798986322960388],[113.69159091389,-0.798714373369592],[113.691494931046,-0.798362438076026],[113.691478933906,-0.797850533175506],[113.691622908171,-0.79746660539945],[113.691718890115,-0.797082674925434],[113.691334961439,-0.796810726233957],[113.69059909837,-0.796762734812319],[113.690359142161,-0.796778731952884],[113.689815242979,-0.79701868726255],[113.689703263895,-0.797146664387014],[113.688908023986,-0.797416237069626],[113.688759438897,-0.79746660539945],[113.687981262725,-0.797589475274037],[113.687847608181,-0.797610577865839],[113.687511670028,-0.797514595921825],[113.687223724196,-0.797306634893232],[113.68682379838,-0.797114670105884],[113.68655184789,-0.797002691021305],[113.685672012354,-0.797050682443],[113.685321062717,-0.797194660305308],[113.68504812657,-0.797306633993912],[113.684616207372,-0.797178657768768],[113.684111863072,-0.796779384860656],[113.683936311811,-0.796640407228949],[113.683464421346,-0.796266827052364],[113.683464421346,-0.795834906955349],[113.683640388993,-0.795386990617089],[113.683972364733,-0.794975802591182],[113.684968141766,-0.7926514975685],[113.685000136048,-0.792363550837138],[113.684888156963,-0.791867643077239],[113.684696192176,-0.791483714401863],[113.68454753604,-0.791218822690439],[113.683802099687,-0.790402393855345],[113.683752367178,-0.790347924616981],[113.68332044798,-0.790123967347142],[113.683032501249,-0.790043980745054],[113.682712560236,-0.789804025435387],[113.682520596348,-0.789452091041142],[113.682408617264,-0.789084158607011],[113.682136666774,-0.788556256565926],[113.681928705745,-0.787836390636869],[113.681992694307,-0.787468459102058],[113.684730724343,-0.780088079201448],[113.685036289693,-0.779264423414361],[113.687012450065,-0.773937668788335],[113.6870754134,-0.772478616794672],[113.687134637354,-0.771106210882863],[113.686952778248,-0.769578594576444],[113.686735725973,-0.767755354925669],[113.686097467224,-0.765601234009694],[113.683544434028,-0.765042756817707],[113.681709441138,-0.763686458663074],[113.681470094669,-0.76089407809917],[113.679635101779,-0.757782568610594],[113.680592488553,-0.754591277565339],[113.682587047255,-0.750362817290124],[113.682718979597,-0.750000000199805],[113.68291813986,-0.749611243064351],[113.684423407115,-0.746000213239199],[113.684024490338,-0.742888704649943],[113.683831499424,-0.739263960163555],[113.684144269243,-0.738842658361932],[113.687774243287,-0.733953082168966],[113.692253966947,-0.729200790184279],[113.694649216788,-0.726659800709172],[113.695824547965,-0.722940682266653],[113.696781465292,-0.721780670141754],[113.698784176349,-0.719352904412972],[113.698941642243,-0.713077220237494],[113.699263088721,-0.70453987961173],[113.698720569099,-0.70084092936537],[113.698541457422,-0.699619724670526],[113.698031725284,-0.696144332394965],[113.694284989561,-0.696318604819737],[113.693693091763,-0.696346135765509],[113.693218274004,-0.696368222215654],[113.686949589252,-0.694353301063927],[113.685863524782,-0.689767736192039],[113.684934640222,-0.685845813433502],[113.680917466668,-0.683876603022782],[113.678004837753,-0.682448839342442],[113.67805367184,-0.681875033206154],[113.678562769956,-0.680340403087087],[113.678554222799,-0.680116985410507],[113.678542013603,-0.679506551685961],[113.678578255382,-0.679211444552493],[113.67862747258,-0.678810658085354],[113.678484630561,-0.678260047263336],[113.678338125604,-0.677947505872623],[113.678230688995,-0.677674031930962],[113.678375290088,-0.677167002255317],[113.678797170153,-0.677000113264569],[113.679187847341,-0.676697336712664],[113.679529688644,-0.676345726973693],[113.680340342933,-0.675740175668523],[113.680682186034,-0.675427634277867],[113.680916591627,-0.675134625262672],[113.681155847265,-0.674624211438186],[113.681209597945,-0.67450954158204],[113.681483071886,-0.674226300103612],[113.681642530678,-0.673899750872749],[113.681697943305,-0.673493779814066],[113.681610039971,-0.673122636800201],[113.681766309767,-0.672683124626474],[113.682098385332,-0.672341282424213],[113.682440226635,-0.672106875032227],[113.683700162433,-0.671774796769398],[113.684579184981,-0.67148178685494],[113.684774522226,-0.670944605609009],[113.684442444863,-0.670046048885979],[113.684325281187,-0.669417073838815],[113.684256870658,-0.669049823090802],[113.684081065789,-0.668454040221718],[113.683993163354,-0.668248935439976],[113.684100665613,-0.667895706921286],[113.684198267236,-0.667575016773583],[113.687040442363,-0.666217409206013],[113.687235779608,-0.666139273408703],[113.687450652825,-0.665943934365032],[113.687812029202,-0.665523954566822],[113.68810503462,-0.664752366828225],[113.688192937055,-0.664058914886937],[113.688232002705,-0.663277561410268],[113.688329670878,-0.662906416597821],[113.688837551312,-0.662271566279685],[113.689071956905,-0.662066459699304],[113.689667737976,-0.66146090929351],[113.690190689249,-0.661166153794909],[113.690204919222,-0.661158132741605],[113.690821633811,-0.660751126563184],[113.691175705894,-0.660517453917294],[113.691474618959,-0.660357243292083],[113.691660189566,-0.659976331842188],[113.69161135458,-0.65969309126308],[113.69152326059,-0.659481011339551],[113.691489001816,-0.659398533615388],[113.691309973776,-0.658816694734639],[113.691132773159,-0.658413624888851],[113.691130887281,-0.658410348658606],[113.690983543256,-0.658154466355484],[113.690956965592,-0.657515068165822],[113.690878829794,-0.657163459326114],[113.690663958375,-0.65689975112258],[113.690468616633,-0.656509074833878],[113.690414831779,-0.656131290326755],[113.690048637735,-0.655639818922452],[113.689922506019,-0.655370425204922],[113.690136538371,-0.654350585011457],[113.690169090231,-0.654296969229677],[113.690302575703,-0.654077110170476],[113.69035140979,-0.653872003590038],[113.690370943065,-0.653471560663945],[113.690263504657,-0.652797642896871],[113.689877744063,-0.652550748418264],[113.689912406632,-0.652403408890166],[113.690199321841,-0.651183826572264],[113.690566469167,-0.649623203348085],[113.69455557488,-0.644517128862333],[113.694653654043,-0.644357296851695],[113.699005494108,-0.64649973377567],[113.701638261197,-0.647795860990129],[113.704523173905,-0.648986988758452],[113.708568731862,-0.650657324775693],[113.708977730038,-0.650826193174225],[113.713446726585,-0.65267105972157],[113.714291128833,-0.653019642342599],[113.717209866842,-0.654224538731455],[113.717651186653,-0.65438451823087],[113.725161842345,-0.657107132987733],[113.736204345254,-0.661110044193151],[113.73625596634,-0.661128757286292],[113.739162666024,-0.66218243716969],[113.739591585983,-0.66254815996956],[113.740130441766,-0.663091065400295],[113.740726005201,-0.66335244076248],[113.74122913092,-0.663712735254478],[113.742117870643,-0.66449441788302],[113.74275922216,-0.665058512240478],[113.743463081056,-0.665464283649726],[113.744547548331,-0.665788607957836],[113.745609015444,-0.666240596426348],[113.746301351326,-0.666669581136205],[113.746832195949,-0.667098656677638],[113.74738617833,-0.667643765447394],[113.748055539232,-0.668246831925728],[113.748551708694,-0.668548273883687],[113.74899023701,-0.668907770677038],[113.749999982313,-0.669901518839993],[113.7500000003,-0.669901536826444],[113.750001253055,-0.669902767998281],[113.750334353847,-0.670260805191958],[113.750705951918,-0.670634228886513],[113.751089907573,-0.670982737763097],[113.751486160558,-0.671181785610884],[113.752266147065,-0.671318343166945],[113.752838463025,-0.671305453184061],[113.753408488411,-0.671292615361835],[113.754819641613,-0.67110499789726],[113.756008027349,-0.671029596938297],[113.756800222153,-0.670867238732058],[113.757901117343,-0.670941021810677],[113.759078082588,-0.671254843835925],[113.759340987697,-0.671324177069096],[113.760804964378,-0.671710256023459],[113.762337642069,-0.672212232408526],[113.763604114139,-0.672583457260714],[113.765968996572,-0.672723854921912],[113.766968953654,-0.672783220069505],[113.769724554645,-0.673400823189411],[113.769973738797,-0.67368668259428],[113.770501256828,-0.674002802387349],[113.771080309609,-0.674181914064036],[113.771410431846,-0.674320587724878],[113.771610622732,-0.6746654012872],[113.771730704708,-0.674872231867937],[113.771897656652,-0.675469145184877],[113.772037518317,-0.675890482959346],[113.77223536557,-0.676263504656959],[113.771752086989,-0.676712773575616],[113.771629520186,-0.676897947582177],[113.77160343625,-0.676937355874202],[113.771417694771,-0.677349039426588],[113.771380862137,-0.677985131708397],[113.77149283043,-0.678658555747688],[113.771629071425,-0.679150841937769],[113.771671284702,-0.679303374151345],[113.771679188844,-0.67933193482088],[113.771716790398,-0.68004281832134],[113.771717152824,-0.680678889019475],[113.771606102739,-0.681614353019938],[113.771308991916,-0.682400259764108],[113.770974604195,-0.683036527413776],[113.770565759802,-0.683560587551028],[113.769784924335,-0.684010035434767],[113.76915280256,-0.684347147203027],[113.768706656987,-0.684684150153373],[113.768578703245,-0.684877464823103],[113.768383806667,-0.685171914552143],[113.768335030138,-0.685245607698562],[113.768186571853,-0.685806935741425],[113.768224045703,-0.686293323278221],[113.768410324077,-0.686817039874427],[113.768708205619,-0.687378107113886],[113.768921584164,-0.687842465757114],[113.768931656571,-0.687864385832711],[113.76908082532,-0.688537787388952],[113.769081344229,-0.689435773042419],[113.768858715258,-0.690371305391409],[113.768598804891,-0.691157195048447],[113.768227267075,-0.691868317768581],[113.767929967394,-0.692317486862464],[113.767521080733,-0.692766719808219],[113.766591704244,-0.693627838653811],[113.765562536282,-0.694713097331544],[113.765197862991,-0.6951137587929],[113.76486645922,-0.695681254386329],[113.764667670377,-0.696115188065448],[113.764468940889,-0.696649234274673],[113.764369733077,-0.697183221128682],[113.764303970152,-0.698184377007351],[113.764271519015,-0.699419105707136],[113.764271876946,-0.70002979573843],[113.76427224297,-0.700653814621774],[113.764272781664,-0.701571207645088],[113.764273203446,-0.702288970959216],[113.764207856907,-0.703990908253786],[113.764208295776,-0.704735081059084],[113.764208447762,-0.704992023662896],[113.764208809289,-0.705602713694248],[113.76420963127,-0.70699425627987],[113.764209992797,-0.707604948109804],[113.764210144782,-0.707861889814296],[113.764243713776,-0.708529281201322],[113.764310418291,-0.709129909617559],[113.764277502205,-0.70956374706924],[113.764211332787,-0.70986412333059],[113.764045744216,-0.710331409267098],[113.763544412645,-0.710763062265471],[113.763307114831,-0.711081736133167],[113.763201690006,-0.711294153302504],[113.763096361408,-0.711665835909571],[113.763096565554,-0.712010912073879],[113.763123082065,-0.712981060227719],[113.763096979242,-0.713458872728722],[113.763044361708,-0.713724347200809],[113.766669401172,-0.714424342609277],[113.769993294555,-0.714650864745579],[113.775605041639,-0.717962799843292],[113.780836918689,-0.720405044657014],[113.781763926364,-0.720837773244568],[113.784106787998,-0.721071558305709],[113.785919346401,-0.721252426358319],[113.790537749118,-0.723299055806706],[113.790854258317,-0.723439315871701],[113.791363060557,-0.723664790297789],[113.800884553579,-0.726429318857924],[113.802246332203,-0.727924317653105],[113.802362699079,-0.728954357057887],[113.802562204682,-0.730720309894366],[113.803200711644,-0.731131525799242],[113.803888922336,-0.730986845566406],[113.805171364567,-0.731021874160092],[113.805919554644,-0.731200573947262],[113.806845947183,-0.731522497964875],[113.808342837252,-0.732704077631013],[113.809198138383,-0.733276882821826],[113.810160195337,-0.733670448632267],[113.812905561143,-0.737538775394114],[113.814545259956,-0.739221923153195],[113.815314238761,-0.741152218100353],[113.815401558435,-0.741371408063969],[113.817142555984,-0.744070065780875],[113.817484119397,-0.744599511058539],[113.817424547405,-0.745690785301463],[113.81690460976,-0.746544762630663],[113.816039856754,-0.747965087119042],[113.816768876882,-0.748588973802043],[113.816853904184,-0.748661738848114],[113.816732550567,-0.74950683807009],[113.816666667133,-0.750000000199805],[113.816789703382,-0.751309351045677],[113.817321274657,-0.75260614016122],[113.817328504307,-0.752623774967219],[113.818831912663,-0.754792277841318],[113.822169926301,-0.759274678783356],[113.824071861128,-0.761170478434792],[113.827013110067,-0.762877733420623],[113.827389690382,-0.763102974922333],[113.829654589788,-0.764457665988459],[113.833867471107,-0.765593671610588],[113.837039243267,-0.76695295011848],[113.840100755845,-0.767983617250081],[113.84239385889,-0.768645206211261],[113.843044243197,-0.768710696641278],[113.843268577283,-0.768762127070488],[113.843566660273,-0.768890881209131],[113.843855160088,-0.769064773220634],[113.844057164007,-0.769267739414602],[113.844236761318,-0.769506181165298],[113.844416401796,-0.769809099810061],[113.844716319403,-0.770404210885602],[113.84473088842,-0.77084060780777],[113.844774660222,-0.771058546814459],[113.844855133358,-0.771350616038035],[113.844930531619,-0.771498800029576],[113.845081340731,-0.771546980308869],[113.845276069135,-0.771615094960623],[113.845392444106,-0.771704361666934],[113.845485127337,-0.771903589379122],[113.845523298162,-0.7721247101872],[113.845500943714,-0.772341793039288],[113.845453634877,-0.772550343123783],[113.845345279161,-0.772952947120757],[113.845297323713,-0.773156593202145],[113.845297466705,-0.773371218207103],[113.845363514714,-0.773562299860203],[113.845423646084,-0.773736455373069],[113.845499454436,-0.773913366408692],[113.84563791226,-0.774070166804734],[113.845990137135,-0.774209201993017],[113.846134680671,-0.774370727427083],[113.846327408983,-0.774745583741662],[113.846440752339,-0.77492595896581],[113.846552613612,-0.775119043409063],[113.846647069407,-0.775296518319635],[113.846731302608,-0.775481124853968],[113.846955121382,-0.775475596721378],[113.847165133764,-0.775473728829468],[113.847373594816,-0.775462759798472],[113.847577907295,-0.775401723710559],[113.847766311666,-0.775306944160093],[113.847957760242,-0.77519565035891],[113.848034935564,-0.775189456728015],[113.84814501618,-0.775235004691638],[113.848336314569,-0.775333880654046],[113.848541520974,-0.77541805180158],[113.848742052704,-0.775475683955619],[113.848955142566,-0.775521347931829],[113.849164477758,-0.7755469417379],[113.849373482001,-0.775562751819507],[113.84958357712,-0.775548381552539],[113.849789555144,-0.77552693991629],[113.850003950822,-0.775534534690962],[113.850203885401,-0.775589822312384],[113.850378564319,-0.775699723963044],[113.85048924838,-0.7758430570114],[113.850504199609,-0.775972909222332],[113.850429918306,-0.776101384571177],[113.850296497585,-0.776257782970276],[113.850158698965,-0.776404072989521],[113.850031059985,-0.776573005239925],[113.850000714162,-0.776702588553576],[113.850057140325,-0.7769190032094],[113.850159016426,-0.77711164338757],[113.850291524334,-0.77728583397402],[113.850721379588,-0.777782675230242],[113.850996831139,-0.778107390743457],[113.851103502425,-0.778290882118483],[113.851170470441,-0.778492237626608],[113.851196809785,-0.778694204673741],[113.85114778774,-0.778893831684911],[113.851035565839,-0.779073777033148],[113.850796202283,-0.77941088340549],[113.85058107096,-0.77977536334231],[113.850490436385,-0.779966276822165],[113.850429134097,-0.780166920966565],[113.85037715778,-0.780594661914051],[113.850343373848,-0.780806361424368],[113.85027931244,-0.781007224104087],[113.850170210287,-0.781183967865786],[113.849851159603,-0.781454420085367],[113.849701927902,-0.781605576336233],[113.849553207015,-0.781757524889827],[113.849369804673,-0.781870281887961],[113.849167748593,-0.781963484027528],[113.848992103803,-0.78208939630855],[113.848875777395,-0.782258501228796],[113.848829672751,-0.782462688702083],[113.848834368112,-0.782663772614967],[113.848867661913,-0.782875260784635],[113.848930933716,-0.78329281960788],[113.848959781269,-0.783495479133023],[113.849031132581,-0.783705101209421],[113.849121246448,-0.783791903773306],[113.849316279723,-0.783881131808755],[113.849519093931,-0.783930333717876],[113.849727734847,-0.783918263916689],[113.849913451145,-0.78382461481408],[113.850093431567,-0.783717725892302],[113.850288728342,-0.783663969816303],[113.850508279833,-0.783688197552237],[113.850694630153,-0.783798449039125],[113.850881091089,-0.783875109948326],[113.851086001618,-0.783901396232409],[113.851299491678,-0.783932912074192],[113.851502466865,-0.783987524304735],[113.851705766708,-0.784019782087228],[113.851910919154,-0.784025444218855],[113.852117571669,-0.784033861873183],[113.85254297258,-0.784084135774208],[113.852969773736,-0.784114671354928],[113.853389842567,-0.784116568025127],[113.853605759898,-0.784090799750572],[113.854028974558,-0.784008632292512],[113.854238783693,-0.783955799820262],[113.854651463694,-0.783806185906712],[113.854853787772,-0.783752341697152],[113.855056903254,-0.783754836416506],[113.85526595426,-0.783785960153864],[113.855468057105,-0.783841749597002],[113.855661015643,-0.783930552253139],[113.855820317054,-0.784051958930718],[113.855828969431,-0.784156649909391],[113.855742769413,-0.784357616910427],[113.855619811405,-0.784519767373297],[113.855464093793,-0.784681309894495],[113.855341311153,-0.784857924153812],[113.855251997682,-0.785056069981579],[113.855197967312,-0.785268434090938],[113.855178744304,-0.785483352274866],[113.855192421193,-0.785695823403501],[113.855222252605,-0.785910960122692],[113.855323454214,-0.786111185183017],[113.855487739668,-0.78621844462549],[113.855678826716,-0.786295703583789],[113.855886257145,-0.786367906553608],[113.856091730649,-0.786442536793572],[113.856281049631,-0.78653485939617],[113.856457395892,-0.78666153969823],[113.856610485685,-0.786812800270468],[113.856733868174,-0.786978233258822],[113.856819231822,-0.787166441577995],[113.856863696103,-0.787375040225868],[113.856884912009,-0.78758420184937],[113.856896738993,-0.787795664838029],[113.856902787833,-0.78801757165354],[113.856879725619,-0.788235625773439],[113.856788959743,-0.788431052051351],[113.856647836329,-0.788587229217228],[113.856345725275,-0.788877630198442],[113.856201971344,-0.789027816080818],[113.856050615444,-0.789161467927329],[113.855845691426,-0.789306328024566],[113.855665958317,-0.789411582878188],[113.855588904404,-0.789829399806933],[113.855537804027,-0.790041618226041],[113.855502983176,-0.790249813977709],[113.855496069188,-0.790456201192683],[113.855531501578,-0.790676700569236],[113.855604010317,-0.790882370125246],[113.85568814819,-0.791078396250953],[113.855752933551,-0.791280991024848],[113.85577520706,-0.791489986273803],[113.855758867278,-0.791711350798153],[113.855730500862,-0.791932706329305],[113.855695238445,-0.792153653568221],[113.855653999133,-0.792354768058033],[113.855581300637,-0.792553706188528],[113.855469830568,-0.792731175703125],[113.855318963899,-0.792893087845698],[113.855159027567,-0.793025597553253],[113.855003932286,-0.793161447342868],[113.854867351347,-0.793331134124514],[113.854798308595,-0.793543339953146],[113.854772680615,-0.793747022007437],[113.854769228117,-0.793957880651647],[113.854774445085,-0.794183590700129],[113.854775806658,-0.794406141430215],[113.854761699893,-0.794627210077635],[113.854725082197,-0.794845156278882],[113.854678319249,-0.795054111957654],[113.854595230885,-0.79547014912805],[113.85456539138,-0.79569045425103],[113.854550590338,-0.795905758244089],[113.854546645911,-0.796118946132424],[113.854561153774,-0.79634011730252],[113.85459988128,-0.796555564287814],[113.854679926338,-0.796760821054988],[113.854801036239,-0.796941526330329],[113.854950654649,-0.797087908080471],[113.85512950912,-0.797219031033421],[113.85530212859,-0.797333138813258],[113.855471580649,-0.797462572839436],[113.855823786639,-0.797731884718644],[113.855962959423,-0.797889567349614],[113.856057706598,-0.798088598110269],[113.856093398891,-0.798311486086163],[113.856119341634,-0.798527996070106],[113.856152577879,-0.798741434869271],[113.856212634605,-0.798947801399891],[113.856302701708,-0.799140615147223],[113.856437242984,-0.799320099143188],[113.856588332685,-0.799473117890045],[113.856745317442,-0.799613411229871],[113.856895911617,-0.799771082169684],[113.856996144656,-0.799960420936657],[113.857043238555,-0.800173734730038],[113.857094927089,-0.80037752830026],[113.857176250084,-0.800584541443413],[113.857276868932,-0.800771113895735],[113.857517672303,-0.801107906404695],[113.857811958355,-0.801414209198356],[113.858120810727,-0.801709339714193],[113.858304061983,-0.801813022552892],[113.858516006109,-0.801885624821693],[113.858731443202,-0.801946954987955],[113.858938016576,-0.802012366277609],[113.859135760407,-0.802106995641282],[113.859315346027,-0.802236407184409],[113.859500029903,-0.802415597102083],[113.859605620203,-0.802552488306617],[113.859725399108,-0.802734749409126],[113.859830172824,-0.802927082019153],[113.859920710273,-0.803127777424947],[113.85992993282,-0.80315280016157],[113.85999533062,-0.803330225609386],[113.860055910752,-0.803538335925396],[113.860101750995,-0.803745825709257],[113.860133721894,-0.803955304793419],[113.860149568848,-0.804165219149525],[113.86015523008,-0.804374026440144],[113.860165825892,-0.804584341893815],[113.860206377223,-0.804793510711875],[113.860280271817,-0.804994377888193],[113.860366398091,-0.805181541195111],[113.860457061444,-0.805385762842661],[113.860536292616,-0.805592666268467],[113.860605865968,-0.805800274762817],[113.860679649946,-0.806007275315437],[113.860767091928,-0.806204946301193],[113.860876866774,-0.806397899443482],[113.861013328103,-0.806562192990782],[113.861188235449,-0.806698015800748],[113.86135342562,-0.806823293160392],[113.86139537,-0.806859105063609],[113.861508725947,-0.806955890102188],[113.861652015828,-0.807076867803175],[113.861818183562,-0.807204862914034],[113.861987494427,-0.807321165039696],[113.862136042644,-0.807412070310761],[113.862304242847,-0.807503366786875],[113.86249385141,-0.807592904189107],[113.862778592958,-0.807704681825555],[113.863234572617,-0.807833284878143],[113.86353672504,-0.807884239565965],[113.863908771872,-0.807916196974872],[113.864080779804,-0.80792254169188],[113.864328695913,-0.807931687797122],[113.865098023655,-0.807983275607626],[113.865477459317,-0.808027933242499],[113.865815091793,-0.808075501083465],[113.865864136321,-0.808284922611051],[113.865906410752,-0.808487987730416],[113.865935164776,-0.808921807195588],[113.865935227729,-0.809139870308741],[113.865932283348,-0.809353027620091],[113.865913028863,-0.809562744125287],[113.86588714008,-0.809768270689119],[113.865900820566,-0.809991000384287],[113.865963183154,-0.810197752724036],[113.86605706698,-0.810393747373496],[113.866185227566,-0.810550244697993],[113.866391574312,-0.810621971926423],[113.866603638947,-0.810637163274407],[113.866823729132,-0.810606329118741],[113.867030489566,-0.810467514264303],[113.867157349732,-0.810331952257741],[113.867315330039,-0.810177344408885],[113.867461509441,-0.810016447600901],[113.867583408947,-0.809908616189659],[113.867790267407,-0.809861047449317],[113.868006271073,-0.809884775162175],[113.868198269135,-0.809969003866399],[113.868332815807,-0.810061421797116],[113.868372457923,-0.810088650570719],[113.868517526663,-0.810251460236657],[113.868602598931,-0.810440413194442],[113.868681856183,-0.810640074379876],[113.868785682913,-0.81083865278157],[113.868877515385,-0.810927605624443],[113.868946693035,-0.810943738562628],[113.869073911132,-0.810894317218924],[113.869206516168,-0.810718120244985],[113.869307950701,-0.810539049937177],[113.869432962761,-0.810352944232932],[113.869565503046,-0.810193674298603],[113.869729287577,-0.810042916447401],[113.869846816378,-0.809965708750383],[113.870052433773,-0.809973811642067],[113.870226966102,-0.810094395439933],[113.870329520291,-0.810183908560475],[113.870547381956,-0.810199682669179],[113.87072345932,-0.810211079777446],[113.870808401187,-0.810278061283441],[113.870854822392,-0.810379970659085],[113.870846098968,-0.810592878858245],[113.870848494762,-0.810815551896155],[113.870891683804,-0.811028237063454],[113.870998239077,-0.811215344612435],[113.871095936029,-0.811290798631376],[113.871262340285,-0.811312875189003],[113.871464491693,-0.811229319177698],[113.871666414673,-0.811139205310042],[113.871774513183,-0.811126700236969],[113.871833259597,-0.81115050709019],[113.871859607935,-0.811161183841534],[113.872005384441,-0.811323218291818],[113.872121719842,-0.811509509256382],[113.872197429268,-0.811720369699231],[113.872213539723,-0.811939265584613],[113.872244219195,-0.812155092083799],[113.872320604013,-0.812318306444638],[113.872486614366,-0.812435968345198],[113.87269521841,-0.812455576263801],[113.872842296235,-0.8124577921933],[113.873105283182,-0.812461754606261],[113.873330256686,-0.812422899397234],[113.873693866079,-0.812204446877672],[113.87386273088,-0.812066804739175],[113.87404270141,-0.811959517417733],[113.874249153376,-0.811915850835817],[113.874466202054,-0.811941066926636],[113.874580992419,-0.811933472151964],[113.874753033626,-0.811816305777825],[113.874903412862,-0.811674872097626],[113.875054853299,-0.811516889992447],[113.875170077137,-0.811332916580795],[113.875350238323,-0.811215231297865],[113.875558084238,-0.811172687969133],[113.875772801873,-0.811159426566235],[113.875865732418,-0.811130819131961],[113.875888684915,-0.811081974253682],[113.875893481899,-0.810901134080041],[113.875887477125,-0.810689135994778],[113.87588943405,-0.810682064625553],[113.875933985565,-0.810521093173861],[113.876104800996,-0.810390865046315],[113.876222342387,-0.810315408329359],[113.876284329958,-0.810275614228146],[113.876444197042,-0.810181912065559],[113.876744494163,-0.810104698972623],[113.876853007261,-0.810088664060572],[113.877008792322,-0.810088553443961],[113.877158661643,-0.810128165882077],[113.877724816347,-0.810384698395069],[113.878140838229,-0.810573332992874],[113.87833887344,-0.810670043387745],[113.878745510897,-0.810843567576512],[113.878944910379,-0.810933737202163],[113.87915018963,-0.810976153726472],[113.879372352752,-0.810955498997032],[113.879587193594,-0.810895610443993],[113.879970017003,-0.810701652759008],[113.880133327591,-0.810567514379215],[113.880267026202,-0.810388512419877],[113.880382331879,-0.810200483065785],[113.880487726128,-0.810008211609613],[113.880587799088,-0.809867897585377],[113.880643242292,-0.809843220188441],[113.880759458982,-0.809858904364887],[113.880867177978,-0.809967993927728],[113.88094770867,-0.810172803731859],[113.881037791061,-0.810377529899029],[113.881179563786,-0.810494610837566],[113.881399796064,-0.810519072397199],[113.881566451231,-0.810469058400258],[113.881727044967,-0.810318194429101],[113.881920317369,-0.810223244007432],[113.882131566319,-0.810181489384206],[113.882328353271,-0.810204247627894],[113.882464006109,-0.810264137080196],[113.882595478898,-0.810446244398634],[113.882689565071,-0.810649421033929],[113.882763466861,-0.810843331954175],[113.88284677376,-0.811050459311218],[113.882967542818,-0.811239780991059],[113.883115279846,-0.811324462054245],[113.88332194765,-0.811409920131666],[113.883476640934,-0.811481311912985],[113.883596444121,-0.811612400691672],[113.883634915319,-0.811820647704678],[113.883675921707,-0.812023056318935],[113.883737045029,-0.812237290118787],[113.883813860621,-0.812431183951958],[113.88387762885,-0.812561886921515],[113.883912282426,-0.812632915376696],[113.884011932705,-0.812815296089013],[113.884236195744,-0.81319036734152],[113.884488616556,-0.813548821820632],[113.88462463362,-0.813708941614323],[113.884778395207,-0.813859378407528],[113.88512514501,-0.814110210118031],[113.885511768054,-0.814320143359907],[113.886298355585,-0.81468052328745],[113.886812778587,-0.814892372984559],[113.886884224328,-0.814921795204611],[113.887281826295,-0.815076346396211],[113.891729178859,-0.816616599076724],[113.891724818046,-0.816831522656571],[113.891778411345,-0.81704296496082],[113.891882596904,-0.81722689700365],[113.89200579683,-0.817317050441488],[113.892272497078,-0.817251742573831],[113.892458617172,-0.817164746655692],[113.892656521082,-0.817082161912197],[113.892864955154,-0.817053917804003],[113.893039455107,-0.817131752328464],[113.893200377096,-0.817252438649064],[113.893359661419,-0.81738361106477],[113.89355196705,-0.817434995628503],[113.893769102062,-0.817437487649897],[113.8939869997,-0.817408533976618],[113.893999271849,-0.817405068888775],[113.894184662592,-0.817352731043627],[113.894372432042,-0.81723014625419],[113.894551963702,-0.817125800615145],[113.894642375245,-0.817023804904636],[113.89473997507,-0.816957416051878],[113.894926042103,-0.816864429749558],[113.895087650275,-0.816730431664041],[113.895255970087,-0.816612708609568],[113.895451458418,-0.816532111367792],[113.895659718921,-0.816464691891952],[113.89586491993,-0.816394730032698],[113.896088494089,-0.816395650938489],[113.896283658664,-0.816472537577511],[113.896469626772,-0.816581583972891],[113.896642336175,-0.816721559852056],[113.896658495193,-0.816813200768536],[113.896604756205,-0.816976987098201],[113.896502772185,-0.81717676699418],[113.896420686566,-0.817366600388254],[113.896365454702,-0.817574681026656],[113.89633429769,-0.817796254193752],[113.896360417599,-0.81800750314369],[113.896436675612,-0.818213597179692],[113.896536688318,-0.818399653421238],[113.896658191223,-0.818573456399861],[113.89678711893,-0.81873743428514],[113.896911443908,-0.81890218288936],[113.897029209231,-0.819117423030605],[113.89712220003,-0.819321185124522],[113.897226274073,-0.81944739508117],[113.897401780368,-0.819443583754321],[113.897504208652,-0.819344074669289],[113.897617567297,-0.819166559289215],[113.897727886233,-0.818988593348877],[113.897858242064,-0.81882391219375],[113.898014343687,-0.818672960988295],[113.89818837959,-0.81855920933998],[113.898373289196,-0.818551929328009],[113.898580556847,-0.818598918904911],[113.898786923378,-0.81868162955351],[113.898958880948,-0.818806408688772],[113.899133737932,-0.818853803859895],[113.899357679913,-0.818854091642947],[113.899566703041,-0.818786542664782],[113.899585126552,-0.818751770377844],[113.899591949709,-0.818563652890248],[113.899580965389,-0.818351627825336],[113.899561204586,-0.818130410789763],[113.899524164209,-0.817909762125794],[113.89946339522,-0.81771091122954],[113.899315892914,-0.817364512162442],[113.899301135039,-0.817139353398375],[113.899393983745,-0.816890983132339],[113.899534107113,-0.81673331938714],[113.899662768622,-0.816551594280611],[113.899771707099,-0.816360139408857],[113.899898519601,-0.81618592094344],[113.900028947378,-0.816130038870142],[113.90025191989,-0.816146331887637],[113.900466484641,-0.816203196020638],[113.900665608931,-0.816293020306603],[113.900841125118,-0.816414394608557],[113.901015077384,-0.81654920388263],[113.901206638376,-0.816646517722575],[113.901408353613,-0.816704308157227],[113.901619946104,-0.816752689884709],[113.90183236687,-0.816768908258439],[113.902043662585,-0.816756421171874],[113.902214979837,-0.816774957098517],[113.902331925878,-0.81683231226134],[113.902457490121,-0.817001945083632],[113.9025681508,-0.817188838594006],[113.902772928228,-0.817563949416694],[113.902921408996,-0.817955986379616],[113.902959599606,-0.818158192646422],[113.90297987662,-0.818334675604774],[113.902980055585,-0.818583311170812],[113.902972334006,-0.81901208633866],[113.902967796926,-0.8194340698264],[113.903007321231,-0.819645262119082],[113.903102223989,-0.819754855302278],[113.903230845927,-0.819803228036506],[113.903412421746,-0.819770061039435],[113.903603593331,-0.819670417955365],[113.903761136567,-0.819523822166616],[113.903857069948,-0.819333985175206],[113.903930923174,-0.819122479019143],[113.904014401843,-0.818927461033468],[113.904134260788,-0.818758921786753],[113.904287582606,-0.818717643804177],[113.904500560053,-0.81871718964652],[113.904714316313,-0.818772709293057],[113.904911491772,-0.818873263390344],[113.905260105869,-0.819138432992247],[113.90542141007,-0.819271079396742],[113.905604662225,-0.819396792927591],[113.905800525574,-0.819474120234418],[113.905893303233,-0.8194545878589],[113.906102233731,-0.819394548219805],[113.906309555342,-0.819376459256148],[113.906493887583,-0.819375814442253],[113.906736026447,-0.819382922683701],[113.906949097423,-0.819380382098927],[113.907149476267,-0.819340608682126],[113.907340528243,-0.819262314604089],[113.907536527389,-0.819159755018632],[113.907726580218,-0.819063591411577],[113.907933146398,-0.818982373637596],[113.908142242371,-0.818939696309883],[113.908350015441,-0.818919456167919],[113.908517472803,-0.818899110805262],[113.908563896706,-0.818893471156741],[113.908724237733,-0.818922840316759],[113.908766470796,-0.81897361693882],[113.908842069606,-0.819176870016463],[113.908890459427,-0.819384424551515],[113.908954197079,-0.819593430592306],[113.909052667447,-0.819774270765947],[113.909227028005,-0.819908082691825],[113.909356773197,-0.819915441844103],[113.90952936209,-0.819840671309862],[113.909687473698,-0.819697042384576],[113.909825285808,-0.819531582416573],[113.909980371197,-0.819390378962794],[113.910198528739,-0.819376765924972],[113.910403000398,-0.819445825764205],[113.910464764038,-0.819513853181718],[113.910545319911,-0.819602577596811],[113.910635626233,-0.819798202624895],[113.910700210147,-0.820013066849526],[113.910725023341,-0.820227530875798],[113.910709858973,-0.820440432779719],[113.910664939635,-0.820659931210798],[113.910609253614,-0.820877264973774],[113.910539271071,-0.821086517428796],[113.910359174636,-0.821469385803482],[113.910189371842,-0.82186661994848],[113.910152969084,-0.822088683246079],[113.910160479323,-0.822310458760626],[113.910230372834,-0.822514953802056],[113.910322664859,-0.822574151675724],[113.910415807644,-0.82257907816188],[113.910629641245,-0.822513254982709],[113.91082408906,-0.822452093888955],[113.911025901424,-0.82242103130551],[113.911238321292,-0.822408359857889],[113.911448041394,-0.822384044887713],[113.911650641564,-0.822343251639722],[113.911854775078,-0.822294378882418],[113.912072752755,-0.822242379182399],[113.912280906239,-0.822167996255985],[113.912458129339,-0.822053922650355],[113.912620779825,-0.821906590316814],[113.912790171629,-0.821774407962494],[113.912977128092,-0.821739406348456],[113.913191121773,-0.821774158850303],[113.913238666232,-0.821825563199127],[113.913292576991,-0.822037749242668],[113.91330324295,-0.822257423041606],[113.913297907273,-0.822473536424525],[113.913281363344,-0.822686031834849],[113.913233326057,-0.823101330661814],[113.913220605147,-0.82332649122452],[113.913204546852,-0.823758894257537],[113.913214320684,-0.823972432881419],[113.913281221251,-0.824102555788272],[113.913366260245,-0.824138518777545],[113.913582407802,-0.824151243285201],[113.913861756115,-0.824119365915976],[113.91403243305,-0.824085725875477],[113.914225385293,-0.824050976970966],[113.914434706097,-0.824012182915851],[113.914647486592,-0.823949060400764],[113.914855133757,-0.823876009370281],[113.915054279631,-0.82380500070019],[113.915264237155,-0.823727398200845],[113.915477764987,-0.823659566835488],[113.915681902997,-0.823584089434121],[113.915871514259,-0.823476324572653],[113.916049069209,-0.823355612171724],[113.916217879152,-0.823226790583874],[113.916393150723,-0.82317879376626],[113.916587910604,-0.823194093032896],[113.91678121718,-0.823250573155406],[113.916982822699,-0.823321882199082],[113.917672655768,-0.823524073177396],[113.918006122585,-0.823635824733458],[113.918352854401,-0.823780522053426],[113.918669287158,-0.823929228551037],[113.91875605285,-0.824046821203808],[113.918791767626,-0.824207609193763],[113.91878310086,-0.824367798235244],[113.91878328612,-0.82462179915666],[113.918777662659,-0.824841356043692],[113.918765028084,-0.825054620374374],[113.918741825575,-0.825278439148576],[113.918717542081,-0.825492112670815],[113.918709926622,-0.825709672163612],[113.918748193674,-0.825920448070178],[113.918840807657,-0.826033805815428],[113.918995909234,-0.826098512935971],[113.919075840977,-0.826087311879917],[113.919260475391,-0.825974503620387],[113.919404784203,-0.825816050270475],[113.919509825019,-0.825641544921325],[113.919595098735,-0.825446651042057],[113.919664916703,-0.825247557328851],[113.91972414965,-0.825039159229789],[113.919773195077,-0.824826138615379],[113.919815655668,-0.824613182752159],[113.91986332783,-0.824398877905821],[113.919926001584,-0.824195057355951],[113.920007251733,-0.824001606888601],[113.920118029324,-0.823808564713431],[113.92024800744,-0.823630444089702],[113.920387797159,-0.823478489240813],[113.920565674067,-0.823342420915935],[113.920774012811,-0.823262874981651],[113.920992497706,-0.823273583209243],[113.921191729914,-0.823368453591229],[113.92135163477,-0.82351019843685],[113.921490181627,-0.823662286385343],[113.921627464936,-0.823831708766306],[113.921759644592,-0.824005150217488],[113.921881983867,-0.824206366330714],[113.921953922436,-0.824370108593598],[113.921845250158,-0.824543828834578],[113.921865741211,-0.824713526408061],[113.921945027241,-0.824916414360985],[113.922033308291,-0.825113984622647],[113.922117422781,-0.825305256032721],[113.92220977596,-0.825503191419102],[113.922315525441,-0.825691443805056],[113.922436093051,-0.82585845780153],[113.922583017093,-0.826005513143855],[113.922774453978,-0.826122879167485],[113.922980493155,-0.826195118110149],[113.923190478558,-0.826232687288666],[113.923397405366,-0.826252916638737],[113.923861984343,-0.826264158164292],[113.924025483789,-0.826256386223179],[113.924237776852,-0.826243447676916],[113.924451210255,-0.826224097863758],[113.924673323016,-0.826194717911847],[113.924880448574,-0.826154178272645],[113.925081450648,-0.82610455817877],[113.925294732066,-0.826076549692971],[113.925513914835,-0.826104758727581],[113.925700513368,-0.826205615896413],[113.925828809752,-0.826371011113224],[113.925911184953,-0.826576689662431],[113.925958193416,-0.82677891031841],[113.92602155605,-0.826992418365364],[113.926137105443,-0.827203117829583],[113.926260692077,-0.827357623155763],[113.926407252793,-0.827518842820268],[113.926567095595,-0.827667884765049],[113.926752036677,-0.827793638765343],[113.926836338227,-0.827793576712168],[113.926943772137,-0.827747104245418],[113.927132393245,-0.827625731742103],[113.927307491248,-0.827510748921895],[113.927470663341,-0.827429194801425],[113.927541440885,-0.827426664109225],[113.927581279053,-0.827471655392515],[113.927613510755,-0.827599788999009],[113.927642244094,-0.827805375817377],[113.927656149412,-0.828017857737905],[113.927667158013,-0.828233962127626],[113.927678793442,-0.828455716957706],[113.927697458871,-0.828665161867661],[113.927736004713,-0.828872907958271],[113.927808723894,-0.82906899433857],[113.927925492767,-0.829253662026815],[113.928091640717,-0.82940249442953],[113.92827599724,-0.829516761389357],[113.928458161215,-0.829620667259917],[113.928612266343,-0.829761841036088],[113.928666124942,-0.829970724769112],[113.928716224374,-0.830123794777251],[113.9288128934,-0.830328000236989],[113.928958188769,-0.830539820256433],[113.929114117722,-0.830679859088207],[113.929282749599,-0.830809480173343],[113.929456220728,-0.830941042894779],[113.929597897225,-0.831112716278767],[113.929597622033,-0.831167824935108],[113.929549691765,-0.831245308723965],[113.929406993638,-0.831408847740079],[113.92927888791,-0.831589311097787],[113.929213158261,-0.831789080201816],[113.929245583317,-0.831899344279293],[113.929304942169,-0.831947636074517],[113.929501056429,-0.831999455910136],[113.929713729005,-0.832008224300068],[113.930143199349,-0.832011769427595],[113.930352237766,-0.832009163192254],[113.930573696719,-0.831999321011835],[113.930788787573,-0.832001676336233],[113.931001452055,-0.831983998362773],[113.931025537698,-0.831964920144912],[113.93109678289,-0.831798335125029],[113.931152316926,-0.831589503552721],[113.931165320223,-0.831380180051212],[113.931176038344,-0.830951169261027],[113.931189670267,-0.830731047599727],[113.931213781091,-0.830510262238761],[113.931254755103,-0.830301626718665],[113.931326229622,-0.83010828506923],[113.931355755264,-0.830085001621455],[113.931574990194,-0.830044367553455],[113.931786309291,-0.830044661631803],[113.93200241458,-0.830053587403086],[113.932218581023,-0.830083032106188],[113.932610643167,-0.830244574627386],[113.932992774097,-0.830430924947166],[113.933205525814,-0.8304788732014],[113.933414046221,-0.830509043657401],[113.93362000356,-0.830577521635291],[113.933817498279,-0.830646290094137],[113.934022486149,-0.830679405829869],[113.934238220917,-0.830700094733515],[113.934451441181,-0.830698759240306],[113.93465807481,-0.830654340825106],[113.934861217271,-0.830621062312105],[113.934921249716,-0.830799075916559],[113.935023312876,-0.830988646708647],[113.935153841377,-0.831151307986431],[113.935306611911,-0.831291792881871],[113.935495349031,-0.831397608013162],[113.935701232626,-0.831439450770006],[113.935913761311,-0.831447825256873],[113.936131651754,-0.83142979295053],[113.936326746182,-0.831340582002213],[113.936511501105,-0.831236535837434],[113.936583815591,-0.83123302488417],[113.936564928928,-0.831005130382437],[113.936686090091,-0.830911242959473],[113.936756718348,-0.830856513817025],[113.936873069037,-0.830738869902859],[113.936891150806,-0.830706213720759],[113.936890915184,-0.830664408735402],[113.936769584948,-0.830439831832734],[113.936733319787,-0.830184486424855],[113.936779082689,-0.829930441436659],[113.936791092235,-0.829669810713142],[113.936722081859,-0.829418296417202],[113.93674436616,-0.82920061101936],[113.936880326566,-0.828989276633763],[113.937040209838,-0.828776237133582],[113.937146199438,-0.828598936691549],[113.937578944213,-0.828314225720874],[113.937772727429,-0.828151873809873],[113.937967247191,-0.82796580587717],[113.938336732754,-0.82759013297823],[113.938469166019,-0.827435455881528],[113.938511983641,-0.827385444582546],[113.938623870096,-0.827315169759231],[113.939670646783,-0.826501967691627],[113.941124855927,-0.826066331595882],[113.941218925013,-0.82603815223888],[113.941873439008,-0.825830050916068],[113.942082547572,-0.825820784301698],[113.942284945394,-0.82577518237872],[113.942573370565,-0.825712177674802],[113.942914351216,-0.825711923166693],[113.94312761195,-0.825682420906958],[113.943330359608,-0.825606073861195],[113.943520865695,-0.825517761335561],[113.943696515882,-0.82541081665579],[113.944032597027,-0.825171468388533],[113.944395239649,-0.824954801922502],[113.944600738334,-0.824873166863085],[113.944804077746,-0.824808761914767],[113.945206197008,-0.824688984808745],[113.945419498211,-0.824648106125153],[113.9456361341,-0.824641332431497],[113.946066835616,-0.824688824729435],[113.946276020622,-0.824712381571089],[113.946711221446,-0.824674305174995],[113.946909304321,-0.82461476376028],[113.947092030373,-0.824513240193824],[113.947370018012,-0.824374417245508],[113.947472875273,-0.824323050668227],[113.94768253692,-0.824281907583895],[113.94790105509,-0.824253315438114],[113.948121719042,-0.824265807920654],[113.9487628844,-0.824227596626258],[113.949723836086,-0.824057794731402],[113.950739361332,-0.823878349406243],[113.952038391559,-0.823390498672552],[113.953088696286,-0.82302802961982],[113.953876374695,-0.82269358344206],[113.954608955239,-0.822623480389268],[113.955600252749,-0.822692367558659],[113.955727135399,-0.822799924676758],[113.955811371298,-0.823005024961901],[113.955848215623,-0.823211732335551],[113.955891639388,-0.823432327040223],[113.955959774724,-0.823638593746068],[113.956069718643,-0.823832793348686],[113.956095604728,-0.823857995050389],[113.956219116719,-0.823978241602504],[113.956408391634,-0.824065692577619],[113.956614289618,-0.824099718427192],[113.956818772968,-0.824111519331097],[113.95702745885,-0.824129514765275],[113.957246880839,-0.824142890382063],[113.957449870415,-0.824203798766234],[113.957625489125,-0.824320125173585],[113.957782141133,-0.824452277850298],[113.957949863795,-0.824573701615009],[113.958154541399,-0.824659919619535],[113.95836982111,-0.824674701776019],[113.958589251193,-0.824629038699129],[113.958787823299,-0.824532646664238],[113.958972840824,-0.824406060791034],[113.959128134856,-0.824257268857821],[113.959221125654,-0.824066172815549],[113.959289282574,-0.823863401774531],[113.959363490133,-0.823658423797156],[113.959454674194,-0.823474268722464],[113.959554856871,-0.823287942684374],[113.959644003968,-0.823100536560446],[113.959758993083,-0.822914494708129],[113.959919894388,-0.822771131982108],[113.960095932182,-0.822639785097977],[113.960309135358,-0.822580018852761],[113.960517947146,-0.822498226411994],[113.960702900818,-0.822340758719008],[113.960915237948,-0.822383352409759],[113.961121263636,-0.822403686980522],[113.96133927189,-0.822401363132371],[113.961548449701,-0.822368170954292],[113.961759883012,-0.822309214998199],[113.961965623615,-0.822235093774509],[113.962162395278,-0.822141585865438],[113.962340675982,-0.822024201855356],[113.962502708633,-0.821887907800658],[113.962648054364,-0.821727530800842],[113.962815976676,-0.821549946173036],[113.962990047653,-0.821400701880862],[113.963238988089,-0.821440952837634],[113.963452175078,-0.821500173194408],[113.963653422667,-0.821572365372333],[113.963794571262,-0.821707430053834],[113.963898359322,-0.821891339613558],[113.963966667328,-0.822099156750653],[113.964013343941,-0.822312106318577],[113.964062431636,-0.822518784913939],[113.964130979761,-0.822714732798659],[113.964243357245,-0.822896669245836],[113.964397474964,-0.823054567714109],[113.964586447706,-0.823170759223103],[113.964787831993,-0.823260357779247],[113.965007065124,-0.823294016705461],[113.965088269408,-0.823346145907863],[113.965154893883,-0.823388914966415],[113.965365392799,-0.823436469317585],[113.965580311882,-0.823446233257016],[113.965788218052,-0.823447854734638],[113.966007817207,-0.823448974390601],[113.966215068671,-0.82345001580552],[113.966428211593,-0.823450874658079],[113.966638905661,-0.823442906664752],[113.966855927359,-0.823386689144343],[113.967018765803,-0.823345250183081],[113.967093028221,-0.823342208675967],[113.967149223258,-0.823367037159016],[113.967284144048,-0.823449798169577],[113.967351085085,-0.823468032823428],[113.967480096429,-0.823503175631004],[113.967556752842,-0.823553877609299],[113.96760425863,-0.823694731226794],[113.96767978999,-0.823906677151399],[113.967722851329,-0.824008296945294],[113.967764686891,-0.824107028116828],[113.967849513644,-0.82429783637599],[113.967956116582,-0.824477759241176],[113.968110965449,-0.824627383047243],[113.968288646304,-0.824737769432488],[113.968485739026,-0.824839132020259],[113.96867657966,-0.824924764566163],[113.968849752214,-0.82504475121425],[113.969027421378,-0.825160672027323],[113.969193849916,-0.825295139558989],[113.969326615931,-0.825472121641042],[113.969439098636,-0.82565890003815],[113.969604593677,-0.825801660218417],[113.969766668597,-0.825928711940435],[113.969946570778,-0.826040674837202],[113.970144316407,-0.826138619101926],[113.97033287816,-0.826223605035295],[113.970537822862,-0.82630443520145],[113.970747366698,-0.826351282685494],[113.97094325163,-0.826382571898137],[113.971109654987,-0.826418088823687],[113.971240548613,-0.826440774222306],[113.973332145062,-0.826439990912775],[113.975700128358,-0.826481080037752],[113.977727526704,-0.826608442925249],[113.979413046875,-0.826864690353148],[113.980994333822,-0.827051183665162],[113.980994517283,-0.827051206148212],[113.981153753043,-0.827195610289152],[113.981154603802,-0.82719638190747],[113.981338212089,-0.827306833943169],[113.981535329992,-0.827389040072092],[113.981747235447,-0.827440268153794],[113.981963861443,-0.827446762158274],[113.982176514235,-0.827418329192483],[113.98237901458,-0.827386245878472],[113.982581928613,-0.827356159958754],[113.98279668402,-0.827309326863883],[113.983013029428,-0.827266199875169],[113.983235167369,-0.827249715302059],[113.983445212127,-0.827264450693804],[113.983643411914,-0.827312665147304],[113.983851606766,-0.827376062854967],[113.984070886662,-0.827412058219863],[113.984277585043,-0.827436589027286],[113.984491504979,-0.827478589165537],[113.984705675826,-0.827516777976882],[113.984914959758,-0.827529047427561],[113.985122024162,-0.827528784825518],[113.98532903101,-0.827526353958035],[113.985544203702,-0.827528515028916],[113.985758737875,-0.827539656729755],[113.985971199112,-0.827561039010675],[113.986183879782,-0.827597152186797],[113.986390229226,-0.827640041754478],[113.986604222007,-0.827671958693884],[113.986813646233,-0.827691749174846],[113.987034571888,-0.827707784986217],[113.987254879709,-0.827696842934927],[113.987451908579,-0.827639524644326],[113.987638358723,-0.82752095622709],[113.987807025674,-0.827390666046369],[113.987991774301,-0.827289925789387],[113.988185824616,-0.827196663395227],[113.988388826783,-0.827107554969643],[113.988608460112,-0.827062474653417],[113.988830300378,-0.82705637814928],[113.98904313843,-0.827034287202537],[113.989226577645,-0.826931173634705],[113.98942033568,-0.826830623134697],[113.98955526996,-0.826810329932755],[113.98977190495,-0.826854590966548],[113.989930942859,-0.826855091888945],[113.990138662869,-0.826777660260746],[113.990349051168,-0.826780325851303],[113.990550395884,-0.82684978319088],[113.990759499951,-0.826910871439509],[113.990964400587,-0.826914712443966],[113.991166382922,-0.826864180437553],[113.991370321283,-0.82677194596846],[113.991582387717,-0.826784281069649],[113.991784584091,-0.826842923162303],[113.991985140102,-0.826938900609719],[113.992171863641,-0.827039489780589],[113.992377477439,-0.827121602379975],[113.992551998076,-0.827245529857294],[113.992553061075,-0.827246285287799],[113.992634538753,-0.827340593593476],[113.992663725351,-0.827549689566467],[113.992650508914,-0.827718881720955],[113.99265036862,-0.827720678566436],[113.99260969678,-0.827982608810316],[113.992588640953,-0.828200614366835],[113.992578263676,-0.82841042709947],[113.992549231762,-0.828630157555665],[113.992489106687,-0.828834458343522],[113.992403161177,-0.829023989565428],[113.992307013758,-0.829224061741002],[113.992211147826,-0.829409448886906],[113.99209883959,-0.829597456657268],[113.992098347661,-0.829598281335564],[113.991985388315,-0.829770336032141],[113.991852059325,-0.82994874264034],[113.99171098987,-0.830113403111],[113.991573979056,-0.830280007016654],[113.991445305856,-0.830449870065422],[113.99132018318,-0.830626363815611],[113.991207979265,-0.830810034155718],[113.99111568634,-0.831003758916268],[113.991045909741,-0.831197233665364],[113.990987137247,-0.831405843105131],[113.990934099729,-0.831612427271637],[113.990884866344,-0.831823850690114],[113.990852075263,-0.832031917838663],[113.990836448643,-0.832243637134127],[113.990840081904,-0.832459552666194],[113.990869105725,-0.832674305374837],[113.990924091174,-0.832878993770521],[113.991015080082,-0.833078234972504],[113.991111133972,-0.833266987381535],[113.991210712305,-0.833455189405413],[113.991311142295,-0.833639163716384],[113.991412667661,-0.833837232202484],[113.991509869085,-0.834039358429607],[113.991607664962,-0.834227073020941],[113.991723733264,-0.834416676188596],[113.991866827093,-0.834579341963035],[113.99202505831,-0.8347372269414],[113.99216963602,-0.834904463969792],[113.99225696109,-0.835096458434748],[113.992279321833,-0.835306059826735],[113.992288654998,-0.83553090472742],[113.992323465955,-0.835748049632741],[113.992421070276,-0.835943995718765],[113.992573417229,-0.836106781103013],[113.992573568316,-0.836106942980962],[113.992736109084,-0.836230689694503],[113.992900902655,-0.83635556595658],[113.993067852799,-0.836480031228405],[113.993231423292,-0.836607338357908],[113.993418575807,-0.836730579652453],[113.993621677798,-0.836836336327792],[113.993622024937,-0.836836516192193],[113.993829229635,-0.837021977082543],[113.993830476995,-0.83702309314117],[113.993898622224,-0.837147636654038],[113.993977321896,-0.837374049972368],[113.994013206644,-0.837578446088344],[113.994034055627,-0.837800102892402],[113.994036833633,-0.838012442720014],[113.994028346731,-0.838234414286717],[113.994008799067,-0.838440672898685],[113.993979068379,-0.838648516116052],[113.993946850167,-0.838870316811608],[113.993924952575,-0.839090307171887],[113.993915203924,-0.839295794165537],[113.993916010615,-0.839514189128465],[113.993930113784,-0.839720323633969],[113.993953284816,-0.839941698050893],[113.993975242663,-0.840158780902982],[113.993976936986,-0.840373476954369],[113.993954558256,-0.840584662052436],[113.993932541054,-0.840808899011449],[113.993939758113,-0.841030877772766],[113.993966792633,-0.841236641757575],[113.994007682109,-0.841444368063094],[113.994051876593,-0.84166201928673],[113.994067672285,-0.841735358999586],[113.994094776053,-0.841861204730776],[113.994141741348,-0.842081254446271],[113.994147409775,-0.842299240217699],[113.994100356346,-0.84251504873049],[113.99403207532,-0.842716878181363],[113.993991087818,-0.842932868357138],[113.994005575897,-0.843145077783049],[113.994053832618,-0.843359808908019],[113.994094416324,-0.843579138266591],[113.994092897369,-0.843798876816663],[113.994088276653,-0.844014690725373],[113.994125963642,-0.844233062305932],[113.994200005726,-0.844427068554296],[113.994293332871,-0.844616519736576],[113.994403435071,-0.844798142320371],[113.994474290856,-0.844894614394889],[113.994536096764,-0.84497876305943],[113.994677345183,-0.845127774427226],[113.994829818042,-0.845264097260213],[113.994999255711,-0.845404655000777],[113.99500041134,-0.845405612778734],[113.995188484761,-0.845514480209033],[113.995382355212,-0.845593125921994],[113.995589633655,-0.845647540301684],[113.995811326432,-0.845675539794286],[113.996028236614,-0.84568888213613],[113.996249005787,-0.845720172248093],[113.996447591383,-0.845786489155103],[113.996620260317,-0.845897246060986],[113.99662093301,-0.845897677735593],[113.996773836643,-0.846044108049114],[113.996883198701,-0.846194638371799],[113.996884038668,-0.846195794000664],[113.996834152374,-0.846284593958785],[113.996569600607,-0.846755498767209],[113.996502530068,-0.846930551803496],[113.996489096894,-0.846965612772749],[113.99645404312,-0.847182572417751],[113.996547559123,-0.847385114131669],[113.996652499213,-0.847563700604269],[113.996812476015,-0.84771567973479],[113.997004582895,-0.847758153815676],[113.997220276295,-0.847792722855843],[113.997417931992,-0.847860159418758],[113.997607131364,-0.847938552422193],[113.997778607797,-0.847943373687713],[113.997783572054,-0.847943513981932],[113.997943485004,-0.847842449069731],[113.998119378007,-0.847704209781398],[113.998269816599,-0.847542225693132],[113.998373197265,-0.84736145656592],[113.998456886376,-0.847161976144264],[113.998549244952,-0.846966006675814],[113.998680471327,-0.846786821254739],[113.99884012707,-0.846651617178338],[113.999029112404,-0.84656723109282],[113.999031480319,-0.846566174389409],[113.999249642357,-0.84655417923193],[113.999463954398,-0.846618094049745],[113.999999941344,-0.846770911348415],[113.999999980015,-0.846770922140308],[113.9999999998,-0.846770928435546],[114.000000019585,-0.846770933831465],[114.000006042345,-0.846776461064792],[114.0020825104,-0.848682605617682],[114.002582115273,-0.849141231082911],[114.003089046922,-0.849767030623923],[114.003266298801,-0.850135453188557],[114.003316740875,-0.850488516232019],[114.004201144967,-0.850972848817889],[114.005346045783,-0.851390938241138],[114.005959995857,-0.851591672317795],[114.006723227095,-0.851926024066699],[114.007685767884,-0.85207696717822],[114.007893213601,-0.852070713292733],[114.00876463508,-0.852044436001847],[114.009876948063,-0.851678173608775],[114.010408365554,-0.851294769238166],[114.011911982552,-0.850890511387945],[114.012908972771,-0.85050743437057],[114.013075993962,-0.850153960336968],[114.013035838333,-0.849609880391597],[114.012942870017,-0.8493782456095],[114.012954840893,-0.849252755110513],[114.013041249554,-0.849118480033781],[114.013311324058,-0.84890043490708],[114.013840083153,-0.848410795421842],[114.014268506686,-0.847784028210299],[114.014629766151,-0.847459335180133],[114.014684946753,-0.8475372983076],[114.014705160815,-0.847561285924542],[114.014729056701,-0.847587268237817],[114.014755781854,-0.847614619319188],[114.014784507999,-0.847642683562924],[114.014814363692,-0.847670809859949],[114.014844518859,-0.847698347101016],[114.014874122743,-0.847724667559305],[114.014904427198,-0.847750978125077],[114.014936840563,-0.847778713216996],[114.014970746803,-0.847807531991975],[114.015005496606,-0.847837090908968],[114.015040471241,-0.847867035635147],[114.015075033986,-0.847897029824026],[114.015108545423,-0.847926731733253],[114.015134898257,-0.847950624022019],[114.015162733174,-0.847976130593906],[114.015191729115,-0.848002707359001],[114.015221547936,-0.848029820120075],[114.01525185329,-0.848056915793961],[114.015282327717,-0.848083452089611],[114.015312624078,-0.848108893910251],[114.015342413222,-0.84813268277702],[114.015371376788,-0.848154296183793],[114.015404515006,-0.848176862871867],[114.015439545399,-0.84819877035693],[114.015475831245,-0.848219933203325],[114.01551275471,-0.848240292955097],[114.015549687168,-0.848259775867916],[114.015585980209,-0.848278301002722],[114.01562102499,-0.848295809004355],[114.015654191987,-0.848312221631659],[114.015691653247,-0.848330836698722],[114.015730558818,-0.84835034479255],[114.015770370906,-0.84837057684058],[114.015810605675,-0.848391376360894],[114.015850734324,-0.848412553596404],[114.015890252333,-0.84843396015907],[114.015928647089,-0.848455410788517],[114.015958980323,-0.848472911595536],[114.015990976402,-0.848491928659541],[114.016024038179,-0.848512173298104],[114.016057570301,-0.848533396399091],[114.016090957632,-0.848555302984778],[114.01612361921,-0.848577626855956],[114.016154935402,-0.848600105410469],[114.016184319851,-0.848622458059936],[114.016211176305,-0.848644415007698],[114.016243527617,-0.848673651068111],[114.016275245806,-0.848705291016302],[114.016306222055,-0.848738890587299],[114.01633635384,-0.848773983032856],[114.016365535941,-0.848810095309602],[114.01639365864,-0.848846778655854],[114.016420615819,-0.848883553732946],[114.016441794853,-0.848913467882198],[114.016464152898,-0.848945820093491],[114.016487355407,-0.848980122034959],[114.016511072328,-0.849015852099853],[114.016534985301,-0.849052521956253],[114.016558756182,-0.849089613594742],[114.016582060314,-0.849126637784082],[114.016604555056,-0.849163081011341],[114.016625938237,-0.849198451347377],[114.016647032734,-0.849234130150933],[114.01666876665,-0.849271478096171],[114.016690941234,-0.849309873751622],[114.016713349641,-0.849348712772837],[114.016735793122,-0.849387398009981],[114.016758072927,-0.849425315226085],[114.016779985808,-0.849461851083504],[114.016801323123,-0.849496415627016],[114.016821885222,-0.849528390123055],[114.016845248709,-0.849562782896044],[114.016869871248,-0.84959726470197],[114.016895396705,-0.849631683555288],[114.016921518413,-0.849665874880202],[114.016947870348,-0.849699687590487],[114.016974124257,-0.849732966103431],[114.016999956383,-0.849765559333036],[114.0170250052,-0.849797294609402],[114.0170475557,-0.84982614126335],[114.017071375144,-0.849856729904104],[114.017096192835,-0.849888484066241],[114.017121727286,-0.849920868653101],[114.017147693411,-0.849953308098634],[114.017173819616,-0.849985258312984],[114.01719982801,-0.850016152723242],[114.017225450594,-0.85004543015242],[114.017250388794,-0.850072540215535],[114.017278963853,-0.850101653068805],[114.017309037182,-0.850130637319012],[114.017339864143,-0.850159195290587],[114.017370700098,-0.850187014019411],[114.017400805803,-0.850213803024531],[114.017429433022,-0.850239246643866],[114.017455838017,-0.850263048101169],[114.017479282443,-0.850284901626878],[114.017513221058,-0.850319022804626],[114.017547428571,-0.850356749364437],[114.017584713564,-0.850400816144713],[114.017627893612,-0.850453939097974],[114.017679788092,-0.850518852163248],[114.017696519079,-0.850539853131693],[114.017714829276,-0.85056283980316],[114.017734497449,-0.850587593642501],[114.017755341036,-0.850613877228625],[114.017777137005,-0.850641451341858],[114.017799700096,-0.850670089353116],[114.017822827062,-0.850699549344654],[114.017846304763,-0.850729613680699],[114.017869933551,-0.85076003055093],[114.017893519171,-0.850790584118101],[114.01791685388,-0.850821037860555],[114.017939730834,-0.850851148961283],[114.017961960276,-0.85088069258984],[114.017983328168,-0.850909431325135],[114.018003643853,-0.850937131343471],[114.018022693293,-0.850963558821149],[114.018040280435,-0.85098849702149],[114.018056202032,-0.851011684241769],[114.01809684959,-0.851075171881632],[114.018129532752,-0.85113227163697],[114.018155567226,-0.851183194848488],[114.018176303793,-0.851228151058251],[114.018193065358,-0.851267356103563],[114.018207167627,-0.851301006935898],[114.018228012113,-0.851347372383259],[114.018250864786,-0.851394234256475],[114.018275777805,-0.85144247568968],[114.018284755737,-0.851459291213246],[114.018302761963,-0.851493012192691],[114.018317802225,-0.851520960423954],[114.0183344163,-0.851552593177587],[114.018351891027,-0.851587571409254],[114.018369515041,-0.851625537188738],[114.018386585972,-0.851666132585876],[114.018402390658,-0.851709015858376],[114.018416215036,-0.851753823679985],[114.018427354939,-0.851800208013117],[114.018433253592,-0.851833053952248],[114.018438248426,-0.851868364933068],[114.018442424878,-0.851905468262714],[114.018445848597,-0.851943690349003],[114.018448611314,-0.851982338713924],[114.018450778681,-0.852020722678162],[114.018452427138,-0.852058179441372],[114.018453650216,-0.852094020122877],[114.018454503673,-0.852127554942683],[114.018455078339,-0.852158101315297],[114.018455441665,-0.852184987447174],[114.018455685382,-0.852207519061722],[114.018456499268,-0.852288036263815],[114.0185031507,-0.852307610907474],[114.018526490805,-0.852323833777859],[114.018555633336,-0.852346080307314],[114.018590337274,-0.852373316275475],[114.018630320233,-0.852404505663344],[114.018675342093,-0.852438645726863],[114.018700747941,-0.852457307558666],[114.018729081982,-0.852477646626028],[114.018759723682,-0.852499105349409],[114.018792035424,-0.85252111355851],[114.018825386782,-0.852543110975716],[114.018859143735,-0.852564540021433],[114.018892682152,-0.85258483861935],[114.018925358119,-0.852603431203363],[114.018956552003,-0.85261976469036],[114.018985626186,-0.852633275205449],[114.019031888211,-0.852650356928393],[114.019077511718,-0.852663047261785],[114.019121786241,-0.852673046823611],[114.019163994123,-0.852682055332536],[114.019203421301,-0.852691777903203],[114.019239341123,-0.85270391605286],[114.019274081034,-0.852720727079827],[114.019310797655,-0.852741989750996],[114.019350021586,-0.852765709369919],[114.019392288823,-0.852789902931647],[114.019438133563,-0.852812579337012],[114.019488098997,-0.852831742091155],[114.019518433129,-0.852840470910962],[114.019552041693,-0.852848420917837],[114.019588217822,-0.852855589413878],[114.019626260943,-0.852861998882076],[114.019665467787,-0.852867664610983],[114.019705135084,-0.852872600090393],[114.019744565859,-0.852876823306701],[114.019783054145,-0.852880347749817],[114.019819900268,-0.852883198600694],[114.019854392866,-0.852885383053945],[114.019885843957,-0.852886919095965],[114.019938590993,-0.852888411071262],[114.019988199396,-0.852889053187198],[114.020035067564,-0.852889763651604],[114.020079584905,-0.852891442685859],[114.020122149817,-0.852895011195756],[114.020163154406,-0.852901363107378],[114.020194833925,-0.852908789708806],[114.020228768043,-0.852918807257083],[114.020264095212,-0.852931172935257],[114.020299936793,-0.852945642127622],[114.020335430336,-0.852961983708553],[114.0203697026,-0.852979932377934],[114.020401894732,-0.852999248916149],[114.020431127195,-0.853019704895416],[114.020462220355,-0.853045724980177],[114.020492526609,-0.853075205656182],[114.020521769864,-0.853107046153184],[114.020549665934,-0.853140125016694],[114.020575954916,-0.853173351369037],[114.020600340034,-0.853205601956915],[114.020622561382,-0.853235785003449],[114.020647460012,-0.853269707431025],[114.020673014248,-0.853303303404687],[114.020699114373,-0.853334974829181],[114.020725659661,-0.853363112817362],[114.020752533203,-0.853386137260372],[114.020779634273,-0.853402448264319],[114.020815283399,-0.853413277900415],[114.020855746596,-0.853417588350965],[114.020899134388,-0.853417850053688],[114.020943560897,-0.853416528050275],[114.020987142043,-0.853416083785191],[114.02102432811,-0.85341800383776],[114.021063902777,-0.853422477964955],[114.021104261652,-0.853429626675904],[114.021143787756,-0.85343955878858],[114.021180866804,-0.853452383120953],[114.021213882715,-0.853468236369963],[114.021243956943,-0.853488367693956],[114.021272942093,-0.853512753710561],[114.021300374113,-0.853539646137733],[114.021325752981,-0.853567259821148],[114.021348617345,-0.853593839284201],[114.021368462684,-0.853617601171322],[114.021404029972,-0.853658560793917],[114.021438279753,-0.853691626167574],[114.021471722842,-0.853712710772925],[114.021509218276,-0.853720801074076],[114.021550987288,-0.853718035658744],[114.021590510694,-0.853705047649783],[114.02161857134,-0.853687557634657],[114.021648132056,-0.853663149135002],[114.021678801635,-0.853633625291536],[114.021710205961,-0.853600837808358],[114.021732938125,-0.853576370852807],[114.021758163209,-0.853549145676482],[114.021784677021,-0.853520835018458],[114.021811319437,-0.853493067550971],[114.021836905149,-0.853467504321827],[114.021860229066,-0.853445792888976],[114.0219042248,-0.853411811106128],[114.021948800597,-0.853386287447165],[114.021993715438,-0.853368485367241],[114.022031188389,-0.85335876729323],[114.022074075258,-0.853352046659552],[114.022119271587,-0.853350019587708],[114.022163684606,-0.853354399286047],[114.022199935379,-0.853363989656373],[114.022238470429,-0.853378946281282],[114.02227717725,-0.853398138713089],[114.022313933441,-0.853420414020832],[114.022346622898,-0.853444642656086],[114.02237630862,-0.853472154716144],[114.02240484141,-0.853504168782308],[114.022431257197,-0.853539416810577],[114.022454597302,-0.853576619065677],[114.02247390035,-0.853614512899412],[114.022487454033,-0.853648163731748],[114.022499718088,-0.853685069210542],[114.022510501858,-0.853723621348024],[114.022519655158,-0.853762227444804],[114.022526981935,-0.853799289405629],[114.022556762085,-0.853779171571489],[114.022656433947,-0.853683678858658],[114.022818150038,-0.853505810045078],[114.022918419949,-0.85337610442366],[114.022969684004,-0.853293722926935],[114.024406177403,-0.852303435355225],[114.025588763411,-0.851098987728051],[114.026348997209,-0.85031469077029],[114.026822051397,-0.849826663769477],[114.028046444188,-0.848471077877889],[114.028707460281,-0.847772927878282],[114.029081616024,-0.847294109035829],[114.029417556875,-0.846892372884668],[114.029552485759,-0.846565505293768],[114.029726971323,-0.846314428967673],[114.030554019353,-0.84508179029234],[114.031013852607,-0.844478816444166],[114.031269070311,-0.844184728242567],[114.031382873221,-0.844053595397042],[114.032054363718,-0.843279833997087],[114.032731810425,-0.842255382979488],[114.032733549714,-0.842252750663874],[114.032893886244,-0.842455738441515],[114.033231205756,-0.842613320348391],[114.033804901275,-0.842724999958762],[114.034589098408,-0.842746845390536],[114.03510766009,-0.842672719670247],[114.035305254634,-0.842581791016812],[114.03544534023,-0.842358331072091],[114.03563484807,-0.842076951190279],[114.03593132577,-0.841828770681161],[114.036268967239,-0.841564063330793],[114.036664201292,-0.841324240221468],[114.036985255665,-0.841225123240804],[114.037363855857,-0.841217131865108],[114.037561357771,-0.841250404982134],[114.037931625744,-0.841374890938425],[114.038283216597,-0.841444904059017],[114.038474068923,-0.841432794687705],[114.038664950028,-0.841383918333122],[114.038900541827,-0.841273799945839],[114.039197114855,-0.841065684233911],[114.039534298569,-0.840849429657396],[114.039725174277,-0.840808723643647],[114.039891654077,-0.84080885224671],[114.040041849852,-0.840866157946778],[114.040334074658,-0.841037957235869],[114.040869840371,-0.841332495997847],[114.042631739064,-0.842430128447631],[114.042864497998,-0.842235299319555],[114.043073878157,-0.841996723569878],[114.043192907027,-0.841614324641341],[114.043228861923,-0.84117210011226],[114.043276511602,-0.840968938765457],[114.04341923491,-0.840658275159228],[114.043847106259,-0.840120726090561],[114.045404160973,-0.838054077733432],[114.045487368947,-0.837934611792832],[114.045511198283,-0.83782705467479],[114.045499403675,-0.837719470577042],[114.045392673033,-0.837540098097008],[114.045321481801,-0.837468326801798],[114.045167180621,-0.837384539664754],[114.045048486299,-0.837324686185298],[114.044870481687,-0.83718111661517],[114.044787479659,-0.837025667900207],[114.044740081789,-0.836894151044191],[114.044740197802,-0.836738765281723],[114.044740203198,-0.836731503256203],[114.044740287734,-0.836619238187268],[114.044775981826,-0.836523642052384],[114.0448591898,-0.836404177910424],[114.044954254435,-0.836308626741697],[114.045524422814,-0.836022191770667],[114.047128753989,-0.834242437038768],[114.047806359876,-0.833191100788611],[114.048055920844,-0.832916374091326],[114.048245996156,-0.83279698819041],[114.048388510821,-0.832761238340424],[114.048471620769,-0.832773253282937],[114.048661597155,-0.83278534916451],[114.048899035262,-0.832845292576167],[114.049195798048,-0.832965045400499],[114.049480678091,-0.833096741221595],[114.049726253264,-0.833198085822971],[114.049741828623,-0.833204514176941],[114.050133576004,-0.833336290037721],[114.050513421757,-0.833503915573203],[114.050762717426,-0.833587773756733],[114.05119007796,-0.833731531285082],[114.051475012862,-0.833791510669641],[114.051759973844,-0.833815632285564],[114.052116198004,-0.833815901182845],[114.052472439252,-0.833792264301508],[114.052816877797,-0.83367299531244],[114.053173199983,-0.833541782427289],[114.053470097667,-0.833482241012575],[114.053600723295,-0.833470387048692],[114.053850053137,-0.833506432775607],[114.054182422781,-0.833650119257527],[114.054467312716,-0.833769863088662],[114.05460977612,-0.833805827876631],[114.054728518107,-0.833805917808832],[114.054966072227,-0.83371047365938],[114.055108650744,-0.833591051785561],[114.055548456996,-0.832969831592379],[114.055726808745,-0.8326472366806],[114.055869441222,-0.832456098370187],[114.055952631209,-0.832360537308887],[114.056142714615,-0.832229197619313],[114.056451585872,-0.832038184314683],[114.056624497623,-0.831912671332645],[114.056665435661,-0.831882955034303],[114.056772472072,-0.831655930176964],[114.056903255981,-0.831428922406815],[114.056950858895,-0.831285522808571],[114.05696285675,-0.831118191351379],[114.056951090021,-0.830974746787092],[114.056903725427,-0.830795416575143],[114.056820738686,-0.83061606208156],[114.056823570651,-0.830600646802338],[114.056839853776,-0.830558124158074],[114.056856887835,-0.830516847974081],[114.056874987591,-0.830476142859652],[114.056894081996,-0.830435935969604],[114.056914099106,-0.830396149063006],[114.056934966076,-0.830356708395357],[114.056955324928,-0.830320007062653],[114.056976276434,-0.830283749095713],[114.056997659614,-0.830247779811145],[114.057019321584,-0.830211941827599],[114.057041104064,-0.830176082260323],[114.057067750976,-0.830132709756697],[114.057095000434,-0.830090060308009],[114.05712341991,-0.830048117726392],[114.057153576876,-0.830006871220064],[114.057186037905,-0.829966301903255],[114.057221007144,-0.829930344309901],[114.057260262551,-0.829899838406789],[114.05730296506,-0.829874605228781],[114.057348277401,-0.829854464911591],[114.05739535691,-0.829839241187983],[114.057444023723,-0.82982673611491],[114.057492738199,-0.829815462213787],[114.057541581279,-0.829805506718685],[114.057590633901,-0.829796958662655],[114.057639983299,-0.829789911575119],[114.057680712695,-0.8297848609825],[114.057721453782,-0.829779956080074],[114.057762196668,-0.829775094345052],[114.057802934158,-0.829770184946028],[114.057843660856,-0.829765127158851],[114.05788192611,-0.829761199819472],[114.057920337054,-0.82975805219229],[114.057958620294,-0.829754133846166],[114.057996498839,-0.829747900645032],[114.058033698397,-0.829737803057128],[114.058080305762,-0.829720405672163],[114.058125853725,-0.829701088234572],[114.058170824324,-0.829680736576677],[114.058215694199,-0.829660238329268],[114.058260947185,-0.829640481123249],[114.05831588497,-0.829617483659888],[114.058370828151,-0.829594495189781],[114.058425775829,-0.829571510316896],[114.058480728903,-0.829548536235905],[114.05853569007,-0.829525575644766],[114.058587731139,-0.829503992814978],[114.05863983516,-0.829482651003502],[114.058692033611,-0.829461506143559],[114.058744368758,-0.829440508772393],[114.058796872977,-0.829419606729402],[114.058840410057,-0.829403945036006],[114.058884841063,-0.8293910181809],[114.058929948358,-0.82938073533262],[114.058975508913,-0.829373004760328],[114.059021305988,-0.829367732934486],[114.059065510365,-0.829365159074769],[114.059109885613,-0.829364918955775],[114.059154292337,-0.82936646578969],[114.059198591142,-0.829369266278547],[114.059242645332,-0.82937277813113],[114.05929996632,-0.829380008680403],[114.059357225256,-0.82939036797103],[114.059414462607,-0.829401327109508],[114.059471716147,-0.829410352705565],[114.05952903084,-0.829414915865641],[114.059584641318,-0.829414703625616],[114.059640426265,-0.829411327570654],[114.059696232795,-0.829404988249564],[114.059751909823,-0.829395887110479],[114.059807301766,-0.829384222004194],[114.0598604499,-0.829371198921649],[114.059913041354,-0.829357440193689],[114.059965360313,-0.829343453037893],[114.060017699058,-0.82932975006787],[114.060070341773,-0.829316835803297],[114.060116367277,-0.829306141964821],[114.060162399075,-0.829295675654862],[114.060208533397,-0.829285603247968],[114.060254870066,-0.829276094715965],[114.06030150531,-0.829267314634819],[114.060354273931,-0.829259143394722],[114.060407186443,-0.829253124232253],[114.060460199679,-0.829248790399333],[114.060513283062,-0.829245669751799],[114.060566397921,-0.829243298239589],[114.060622013795,-0.82924115515516],[114.060677719601,-0.829239703649364],[114.060733423609,-0.829239664978502],[114.060789037684,-0.829241747808339],[114.0608444656,-0.829246668898577],[114.060891080159,-0.829252482116317],[114.060937602089,-0.829258745894379],[114.060984064663,-0.829265344220232],[114.061030491264,-0.829272165577947],[114.061076914268,-0.829279099350913],[114.06112019594,-0.829285871245929],[114.061163384083,-0.829293003769067],[114.06120657942,-0.829300202842035],[114.061249879079,-0.829307165393345],[114.061293384682,-0.829313593747315],[114.061345683856,-0.829319405166359],[114.061398095446,-0.82932271916809],[114.061450564592,-0.829324133801663],[114.061503040933,-0.829324241720315],[114.061555471408,-0.829323639174561],[114.061598020133,-0.82932258337047],[114.061640556267,-0.829320677707074],[114.061683081609,-0.829317969848375],[114.061725600656,-0.829314506559172],[114.061768117005,-0.829310336402841],[114.061815170434,-0.829304667975975],[114.061861943274,-0.829297727008452],[114.061908511968,-0.829289581848684],[114.06195495116,-0.829280297247863],[114.062001338191,-0.829269940655195],[114.062046605566,-0.829258622687234],[114.062091306369,-0.829245799254181],[114.06213538574,-0.829231171781089],[114.062178794216,-0.82921443629715],[114.062221478738,-0.829195294227418],[114.062256760041,-0.829177759246136],[114.062291433403,-0.829159503008611],[114.062325527601,-0.829140438280547],[114.062359071414,-0.829120485921635],[114.062392090023,-0.829099555999676],[114.062425861364,-0.829077308570902],[114.062459523888,-0.829054934337705],[114.062493147741,-0.829032516937048],[114.06252680217,-0.829010148099826],[114.062560559123,-0.828987915060168],[114.062598476339,-0.828962794297468],[114.06263630722,-0.828937517052736],[114.062674316167,-0.828912527591001],[114.062712765782,-0.828888268378819],[114.062751923163,-0.828865177385978],[114.062795587946,-0.82884167989954],[114.062839972187,-0.828819615932503],[114.062884799794,-0.828798427905099],[114.062929799171,-0.828777565432233],[114.062974693328,-0.82875646823635],[114.063020059628,-0.828735078760815],[114.063065587807,-0.828714004047981],[114.063111146562,-0.828692978797903],[114.063156613587,-0.828671741307744],[114.063201859378,-0.828650020881696],[114.063238808924,-0.828630725927212],[114.063274854651,-0.828609747441817],[114.063310189913,-0.828587484724608],[114.06334500177,-0.828564346067651],[114.063379480878,-0.828540736166019],[114.063413334058,-0.828516412202589],[114.063446490263,-0.8284911727294],[114.063479366779,-0.82846556183614],[114.063512391684,-0.828440111022246],[114.063545984959,-0.828415358981601],[114.063586922099,-0.828386440381848],[114.063628282819,-0.828358214260106],[114.063670371091,-0.828331270571653],[114.063713480093,-0.82830620286893],[114.063757911099,-0.828283601107273],[114.063814657421,-0.828260168372026],[114.063872937086,-0.828240663875476],[114.063931911928,-0.82822299669391],[114.063990752771,-0.828205069608202],[114.064048621447,-0.828184790795433],[114.064091093729,-0.828168190209738],[114.064133296215,-0.828151184929197],[114.064175156059,-0.828133404433004],[114.064216598617,-0.828114481797854],[114.064257553743,-0.828094050999596],[114.064294225398,-0.828073354901335],[114.064329586741,-0.828050514819381],[114.064363715113,-0.828025719611219],[114.064396677964,-0.827999160832576],[114.064428543642,-0.827971027340993],[114.064460672822,-0.827941120386356],[114.064492212945,-0.827910868092033],[114.064523032712,-0.827880051922818],[114.064552995424,-0.827848442551556],[114.064581966185,-0.827815824140941],[114.064606877405,-0.827786679811368],[114.06463171668,-0.827757495911669],[114.064656478614,-0.827728258052616],[114.064681162306,-0.827698946449175],[114.064705759663,-0.827669543114894],[114.064737485047,-0.82763205487538],[114.064769470335,-0.827594740205029],[114.064801186726,-0.827557241173679],[114.064832111713,-0.827519206146405],[114.064861719193,-0.827480278991629],[114.064873219723,-0.827464493191769],[114.064884721153,-0.827448708291229],[114.064896220784,-0.827432923390631],[114.064907722214,-0.827417137590771],[114.064919222744,-0.827401351790911],[114.064936931294,-0.827366434713156],[114.064954638945,-0.827331516736081],[114.064972346597,-0.827296599658325],[114.064990055147,-0.827261682580513],[114.065007762798,-0.827226764603438],[114.065025888634,-0.827193608398261],[114.065045543317,-0.827161337125972],[114.065065975914,-0.827129513716045],[114.065086431893,-0.827097702896651],[114.065106165717,-0.827065465798569],[114.065125378833,-0.827032418411306],[114.065144315858,-0.826999240622399],[114.065162983085,-0.826965927035872],[114.065181392208,-0.826932460564535],[114.065199547721,-0.826898834013946],[114.065219798655,-0.82685983941002],[114.065238985691,-0.826820392447132],[114.06525700091,-0.826780403193027],[114.065273738193,-0.826739800601274],[114.065289094116,-0.826698497437633],[114.065305804419,-0.826649085986503],[114.065321413053,-0.826599372363091],[114.065336010848,-0.826549368258668],[114.065349684141,-0.826499088062405],[114.065362520164,-0.826448542566141],[114.06537284618,-0.826406730386225],[114.065383123632,-0.826364918206366],[114.065393127691,-0.826323056563751],[114.065402631726,-0.826281089700501],[114.065411412707,-0.826238959160605],[114.065415862552,-0.826216429344697],[114.065420314196,-0.82619389773015],[114.065424764941,-0.826171366115602],[114.065429214786,-0.826148836299694],[114.065433666431,-0.826126305584467],[114.065785304948,-0.825096214918347],[114.066022675606,-0.824699000558383],[114.066324099578,-0.82419460319835],[114.06692999892,-0.82354108835051],[114.067480723057,-0.823210228669097],[114.067597571071,-0.823044321737996],[114.067627609327,-0.823002802737108],[114.067657341813,-0.822961226179586],[114.067686434881,-0.822919295289182],[114.06771454589,-0.822876714188965],[114.067741337593,-0.822833181605972],[114.067762007611,-0.822795904707164],[114.067781214432,-0.822757843599561],[114.067799763848,-0.82271944524615],[114.067818470646,-0.822681155710711],[114.067838146014,-0.822643420157647],[114.067856403151,-0.822611476238592],[114.067875437302,-0.82257995500089],[114.067894650418,-0.822548514702135],[114.067913455242,-0.822516801908819],[114.067931251926,-0.822484466784658],[114.067951150325,-0.822444937084128],[114.067969850828,-0.822404860595782],[114.067987312964,-0.82236425440675],[114.068003500761,-0.822323132006886],[114.068018376447,-0.822281505986666],[114.068033742263,-0.82223520618976],[114.068048680003,-0.822188776890471],[114.068063472052,-0.822142308021057],[114.068078405294,-0.822095893110941],[114.068093763017,-0.822049623890962],[114.068109505649,-0.822003173907319],[114.068125300442,-0.821956741910071],[114.06814126161,-0.821910377361974],[114.068157513259,-0.821864119833208],[114.068174175898,-0.821818016088514],[114.068189102845,-0.821778518763608],[114.068204640432,-0.821739289436607],[114.068220624982,-0.82170025256454],[114.068236900013,-0.821661332604378],[114.068253306345,-0.8216224594089],[114.068270583221,-0.821582120318567],[114.068288225222,-0.82154195389802],[114.068306183783,-0.821501924174413],[114.068324409444,-0.821461991577621],[114.068342850942,-0.821422120134685],[114.068364310565,-0.821376467849689],[114.068386459068,-0.821331132125977],[114.068409731724,-0.821286377364402],[114.068434568301,-0.821242467066156],[114.068461404071,-0.821199665632037],[114.06848853212,-0.821159651196922],[114.068516278004,-0.821120200636699],[114.068544521213,-0.821081181751083],[114.068573142137,-0.821042456044438],[114.068602019368,-0.821003883222602],[114.068635421088,-0.820959736402642],[114.068668999974,-0.820915732574974],[114.068702595948,-0.8208717512303],[114.068736054326,-0.820827669161531],[114.068769220423,-0.820783363161638],[114.06879547703,-0.820747428950654],[114.068821379303,-0.820711225842331],[114.068847134088,-0.820674913016774],[114.068872952725,-0.820638641560038],[114.06889905195,-0.820602569752737],[114.068922166325,-0.820571559329949],[114.068945694388,-0.820540888850871],[114.068969517429,-0.820510445000991],[114.068993512241,-0.820480112667042],[114.069017554716,-0.820449779433716],[114.069053113011,-0.820405913202308],[114.069089668653,-0.820363095580376],[114.069127424891,-0.820321269910607],[114.069166588567,-0.820280386730417],[114.069207367426,-0.820240387583794],[114.069245615593,-0.820206572175493],[114.069286128252,-0.820175853133094],[114.069328774104,-0.82014866842627],[114.069373417349,-0.820125453326966],[114.069419922192,-0.820106641308428],[114.069454702573,-0.820094558017388],[114.069489483853,-0.820082477424364],[114.069524265133,-0.820070395032644],[114.069559047312,-0.820058314439621],[114.069601780398,-0.820061367637948],[114.069577156061,-0.820014687427829],[114.069555346602,-0.819974508416806],[114.069533171119,-0.819934553336907],[114.069510876026,-0.819894666605535],[114.069488702342,-0.819854690841282],[114.069466899178,-0.819814469562061],[114.069445014176,-0.819772782387929],[114.069423868417,-0.819730791242989],[114.069403709214,-0.819688368423442],[114.069384782082,-0.819645384426906],[114.069367331637,-0.819601705254456],[114.069353030618,-0.819563010124796],[114.069339167569,-0.81952430959916],[114.069325494276,-0.819485606375565],[114.069311764326,-0.819446904051347],[114.069297730406,-0.81940820622367],[114.069282903283,-0.819368421115712],[114.069267870216,-0.819328638705656],[114.069252797579,-0.819288858094296],[114.069237851745,-0.819249074784921],[114.069223196393,-0.819209281583028],[114.069208933146,-0.819168280591612],[114.0691955962,-0.819126766986642],[114.069183004792,-0.81908487566642],[114.069170980856,-0.819042746025843],[114.069159349924,-0.81900051566123],[114.069148084117,-0.818958063164018],[114.069137376789,-0.818915526130581],[114.069127219845,-0.818872882977132],[114.069117604294,-0.818830100428727],[114.06910852294,-0.818787154203733],[114.069100810354,-0.818748358350035],[114.069093569912,-0.818709505838967],[114.069086814205,-0.818670576885552],[114.069080561219,-0.818631555301977],[114.069074825343,-0.818592416806553],[114.069068185648,-0.818544344445911],[114.069061893092,-0.818496244206244],[114.069056243551,-0.818448087309321],[114.069051538298,-0.81839985397005],[114.06904807321,-0.81835151271207],[114.069045609068,-0.818308088047786],[114.069043144925,-0.818264660685486],[114.069040681682,-0.818221236021202],[114.069038218439,-0.818177809558222],[114.069035754297,-0.818134384893881],[114.06903573721,-0.818133769757594],[114.069035717425,-0.818133156420004],[114.069035702136,-0.818132541283717],[114.06903568415,-0.81813192704675],[114.069035667062,-0.818131311910463],[114.069034839686,-0.818088693038703],[114.069034561796,-0.818046065173746],[114.069034524923,-0.818003430114175],[114.069034418803,-0.817960795953923],[114.069033936767,-0.817918166290269],[114.069033210115,-0.817881143000307],[114.06903220827,-0.817844115213688],[114.069030674926,-0.817807110809497],[114.069028359172,-0.817770163062505],[114.0690250047,-0.817733296254573],[114.069020473916,-0.81769156861094],[114.06901587838,-0.817649858054438],[114.069011254966,-0.81760815559187],[114.069006646839,-0.817566453129245],[114.069002089075,-0.817524741673424],[114.06899660411,-0.817474013614799],[114.068991127239,-0.817423281059519],[114.068985651267,-0.817372549403558],[114.06898015461,-0.817321820445613],[114.068974627377,-0.817271098682227],[114.068970554348,-0.8172341356468],[114.068966437251,-0.817197178007291],[114.06896230037,-0.817160221267159],[114.068958156294,-0.817123266325609],[114.068954026607,-0.817086309585477],[114.068949349233,-0.817044129582882],[114.068944714127,-0.817001955875526],[114.068940126686,-0.816959784866128],[114.068935591405,-0.816917603964214],[114.068931111881,-0.816875406874487],[114.068927768202,-0.816838585032599],[114.068925370609,-0.816801675956526],[114.068923755427,-0.8167647084245],[114.068922748186,-0.816727711214867],[114.068922180714,-0.816690717602512],[114.068921888434,-0.816648578069362],[114.068921883039,-0.816606436737629],[114.068922081789,-0.81656429630516],[114.068922409142,-0.816522153174787],[114.068922782361,-0.816480011842998],[114.068922448712,-0.816436832693626],[114.068921543095,-0.816393567209332],[114.068921340747,-0.816350352087056],[114.068923116908,-0.8163073222251],[114.068928144119,-0.81626461342114],[114.068935319809,-0.816221519707312],[114.068942496399,-0.816178425094222],[114.06894967209,-0.816135333179034],[114.06895684778,-0.816092238565886],[114.06896402437,-0.816049145751435],[114.06900481492,-0.816087659218056],[114.069039230176,-0.816116479791674],[114.069075046576,-0.816143728350312],[114.069112154402,-0.816169735844596],[114.069150435844,-0.816194843117444],[114.069184858295,-0.816215220855725],[114.069220127007,-0.816233092183438],[114.069256274358,-0.816248646857503],[114.069293332721,-0.816262080030924],[114.069331331776,-0.816273582359884],[114.069373318424,-0.816284719564123],[114.069415375219,-0.816294560845279],[114.069457592994,-0.816302445201643],[114.06950005988,-0.81630771073219],[114.069542865811,-0.816309699133285],[114.069583329008,-0.816309821441052],[114.069623792204,-0.816309941050918],[114.069664253602,-0.816310060660726],[114.069704716799,-0.816310181169854],[114.069745179996,-0.816310299880399],[114.069794547381,-0.816310443771897],[114.069843913866,-0.816310588562771],[114.06989328125,-0.816310734252909],[114.069942647735,-0.816310878144463],[114.06999201512,-0.816311022935338],[114.070041947278,-0.816311322409547],[114.070091874041,-0.816311961827523],[114.070141795408,-0.816313005041081],[114.070191714076,-0.816314511405551],[114.070241629148,-0.816316536678755],[114.070285138348,-0.816319407314722],[114.070328524342,-0.816323701577517],[114.070371820403,-0.81632899138981],[114.070415063405,-0.816334842379035],[114.070458288419,-0.816340821072004],[114.070502143859,-0.816347527316509],[114.070545814937,-0.816355184144413],[114.07058945364,-0.816363108070959],[114.070633220047,-0.81637061741003],[114.070677272438,-0.816377033173467],[114.070719090913,-0.816381679071185],[114.070760940865,-0.81638507131396],[114.070802809702,-0.816387382571577],[114.070844692029,-0.816388792708551],[114.070886579752,-0.816389474394668],[114.070932712275,-0.81638962817874],[114.070978863684,-0.816389084988259],[114.071025021388,-0.816387587617044],[114.071071159307,-0.816384880657665],[114.07111726485,-0.816380698810178],[114.071161731829,-0.816375525010415],[114.071206021641,-0.816369778342562],[114.071250209829,-0.81636360809398],[114.071294359347,-0.816357163552198],[114.071338541241,-0.816350592205993],[114.071381500956,-0.816343910243233],[114.071424350054,-0.816336742646513],[114.071467129005,-0.816329191938621],[114.071509879178,-0.816321359742915],[114.071552641941,-0.816313343186209],[114.071597857155,-0.816303813969796],[114.071642254886,-0.816291793631308],[114.071685698436,-0.816276311802312],[114.071728059203,-0.816256401711541],[114.07176919869,-0.816231099285744],[114.071799816109,-0.816206199756266],[114.071826019655,-0.816178256021658],[114.071848739228,-0.816147859835837],[114.071868898431,-0.816115611046541],[114.071887428962,-0.816082101407801],[114.0719046231,-0.816047317429707],[114.071920326162,-0.816012001952288],[114.071935476141,-0.815976583052816],[114.071951017326,-0.815941487909299],[114.071967888607,-0.815907144599009],[114.071988769966,-0.81587343710936],[114.07201268204,-0.81584119101808],[114.072036802756,-0.81580899259086],[114.072058309144,-0.815775423596847],[114.072074374633,-0.815739073899067],[114.072086312234,-0.815697911929021],[114.072096062683,-0.815656340767475],[114.072104383211,-0.81561450340655],[114.072112031945,-0.815572532945964],[114.072119764316,-0.815530569679993],[114.072126761941,-0.815489464367261],[114.072132682178,-0.815448196277202],[114.072138456724,-0.815406883221044],[114.072145019077,-0.815365642110635],[114.072153302733,-0.815324587159921],[114.072164304139,-0.815289747423833],[114.072180151992,-0.815256844827502],[114.072199963158,-0.81522575616367],[114.072222850904,-0.815196357325988],[114.072247931197,-0.815168524207991],[114.072285721609,-0.815130290430488],[114.072324199103,-0.815093968611734],[114.072363592106,-0.81505929794821],[114.072404137141,-0.815026006844676],[114.072446065334,-0.814993833598521],[114.072491457715,-0.81496071516483],[114.072537127087,-0.814928516737609],[114.072583213744,-0.814897068344976],[114.072629861579,-0.81486618832389],[114.07267721718,-0.814835703105189],[114.072719339626,-0.814809891663117],[114.072761996269,-0.814785839294984],[114.072805519859,-0.814763624241834],[114.072850240446,-0.814743318449359],[114.072896488083,-0.814724998359964],[114.072934282092,-0.814714024832313],[114.07297305816,-0.814707973294276],[114.073012246118,-0.814706275374249],[114.073051273997,-0.814708361801422],[114.073089566231,-0.814713665103511],[114.07312743938,-0.814720863277159],[114.073165306234,-0.81472938615218],[114.07320279897,-0.814739810194055],[114.073239564155,-0.814752704673538],[114.073275236663,-0.814768646056109],[114.073313299569,-0.814788424845858],[114.073350795003,-0.814808709953979],[114.073388055714,-0.814829102081376],[114.073425417149,-0.814849207324983],[114.07346320936,-0.814868624587291],[114.073510581148,-0.814892194918798],[114.073557969125,-0.814915752659829],[114.07360541286,-0.81493920697875],[114.073652951922,-0.814962467943474],[114.073700625883,-0.814985445621744],[114.073743250151,-0.815005389886778],[114.073786093853,-0.815024846719268],[114.073829025689,-0.815044117392063],[114.073871915257,-0.815063495084189],[114.073914628557,-0.815083275672578],[114.073955186183,-0.815102622787776],[114.073995519877,-0.815122415067378],[114.074035564889,-0.815142787409684],[114.074075259166,-0.815163865719796],[114.074114537056,-0.815185792989894],[114.074151271664,-0.815207260706472],[114.074187657335,-0.815229252727761],[114.074223755222,-0.815251695309428],[114.074259621984,-0.815274504814511],[114.074295319673,-0.815297603901229],[114.074334799911,-0.815323640173801],[114.074374092191,-0.815349955236172],[114.074413344001,-0.815376321559938],[114.074452710025,-0.815402514314542],[114.074492335953,-0.815428309568802],[114.074528771985,-0.815451585821961],[114.074565300648,-0.815474712787704],[114.07460195072,-0.815497642801915],[114.074638745582,-0.815520336294412],[114.074675720308,-0.815542742003913],[114.074712765182,-0.815564878816076],[114.074749882001,-0.815586886125857],[114.074787059076,-0.815608788214945],[114.074824280216,-0.815630613861686],[114.074861531035,-0.815652388247088],[114.074900421317,-0.815674945042645],[114.074939408727,-0.815697330966998],[114.074978447397,-0.815719627858471],[114.075017492363,-0.815741922052041],[114.075056495061,-0.81576429898314],[114.075094367311,-0.815786216360721],[114.075131958973,-0.815808461091535],[114.075169169322,-0.815831411790157],[114.075205895835,-0.815855435380001],[114.075242032394,-0.815880900583068],[114.075274022178,-0.815907890136998],[114.075302546875,-0.815938407731267],[114.075328207231,-0.815971568433099],[114.075351597698,-0.816006486410174],[114.075373321721,-0.81604228032694],[114.075397728422,-0.816084007071197],[114.075422046091,-0.816125771587053],[114.075446333182,-0.816167545096107],[114.075470652649,-0.816209297021373],[114.075495063846,-0.816250996786039],[114.075522134339,-0.816297077148363],[114.075573233818,-0.816288676581109],[114.075618503891,-0.816270315122892],[114.075663773964,-0.816251951866036],[114.075709043138,-0.81623358860918],[114.075754313211,-0.816215226251643],[114.075794509309,-0.816197732639182],[114.075833955373,-0.816178571683679],[114.075872887924,-0.816158259595966],[114.075911538986,-0.816137314385514],[114.075950147781,-0.816116251363837],[114.07598290109,-0.816098435794117],[114.076015473635,-0.816080355823715],[114.076047717928,-0.816061741656029],[114.076079481083,-0.816042329789639],[114.076110614713,-0.816021857622559],[114.07614116918,-0.816000165974856],[114.076171202039,-0.815977783647725],[114.076201046941,-0.815955164798993],[114.076231032136,-0.815932757290852],[114.076261490375,-0.815911012583115],[114.076302467985,-0.815882734300715],[114.076343451889,-0.815854462313553],[114.076384437592,-0.815826194822989],[114.07642542959,-0.815797931829024],[114.076466421588,-0.815769667935797],[114.076496565065,-0.815748875610097],[114.076526704943,-0.815728084183718],[114.07655686101,-0.815707309844413],[114.076587050352,-0.815686566981412],[114.076617291855,-0.815665870883208],[114.076658389073,-0.81564104060152],[114.076701606894,-0.815620018948664],[114.076746191683,-0.815601526189425],[114.076791395207,-0.815584279890572],[114.076836463832,-0.815567002115415],[114.076872140837,-0.815552882759278],[114.076907830432,-0.815538871321792],[114.076943592873,-0.815525100902619],[114.076979490211,-0.815511710896715],[114.077015581804,-0.81549882541043],[114.077055830063,-0.815484938978727],[114.077096161059,-0.815471314249692],[114.077136596377,-0.815458067235966],[114.077177154902,-0.81544532024526],[114.077217857318,-0.815433195585456],[114.077270015299,-0.815418363066954],[114.07732234505,-0.815403823727422],[114.077374753942,-0.815389427380126],[114.077427159236,-0.815375025636854],[114.077479465605,-0.815360471008887],[114.077517973676,-0.815349635077553],[114.07755637023,-0.815338708314698],[114.077594607605,-0.815327568412499],[114.077632640834,-0.81531608856659],[114.077670424051,-0.815304139274588],[114.077721114338,-0.815285032278382],[114.077770414273,-0.815261888225507],[114.077818646713,-0.81523581058417],[114.07785642993,-0.815213609920136],[114.077866142608,-0.815207902822408],[114.077913222118,-0.81517926481115],[114.077952890314,-0.815155046967789],[114.077992395733,-0.815130657353905],[114.078031634952,-0.815105886427489],[114.07807050545,-0.815080523747099],[114.078108896608,-0.815054357972201],[114.078142197604,-0.815031071826468],[114.078175421259,-0.815007721828863],[114.078208508216,-0.814984206355973],[114.078241401819,-0.814960431878376],[114.078274049008,-0.814936294973961],[114.07830613502,-0.81491223720991],[114.078324133152,-0.814898725795501],[114.078338218334,-0.81488815156689],[114.078370287259,-0.814864065024551],[114.0784023346,-0.814839995569287],[114.078434354962,-0.814815968382163],[114.078440012597,-0.814811727179404],[114.078445671131,-0.814807483278685],[114.078451328766,-0.814803242075925],[114.0784569873,-0.814798999074526],[114.078462644935,-0.81479475697239],[114.078487012965,-0.814759916337039],[114.078511380096,-0.814725074802311],[114.078535748126,-0.814690234166903],[114.078560116156,-0.814655392632233],[114.078584484187,-0.814620551996825],[114.078611768718,-0.814586968613639],[114.078642619961,-0.814556460012568],[114.078675287834,-0.814527494648132],[114.078708021358,-0.814498537377574],[114.078739068653,-0.814468054856775],[114.07876891895,-0.81443590679163],[114.078798625356,-0.814403609438955],[114.078828185173,-0.814371169993478],[114.078857592104,-0.814338592052309],[114.078886838956,-0.81430588640751],[114.078918068814,-0.814269361341928],[114.078948268048,-0.814231981920386],[114.078953098307,-0.81422588181897],[114.078978122842,-0.81419427514561],[114.079008325674,-0.814156758127865],[114.079039562726,-0.814119957869707],[114.07906656487,-0.814091494326931],[114.079095247847,-0.814065005695397],[114.079125401216,-0.814040093575386],[114.079156816334,-0.814016355070692],[114.07918928186,-0.813993389982897],[114.079227563302,-0.813968316884257],[114.079266593878,-0.813945528063641],[114.079306627199,-0.813925047802684],[114.079347906081,-0.813906889591237],[114.079390685931,-0.813891074113712],[114.079443487827,-0.813874362911463],[114.079496480378,-0.813859914403452],[114.079549766109,-0.813848160264342],[114.079603461031,-0.813839522276112],[114.079657670365,-0.813834435710589],[114.079702446711,-0.813831942789875],[114.079747223955,-0.813829796108166],[114.079792005697,-0.813828169234569],[114.079836802726,-0.81382724113422],[114.079881624038,-0.813827189872882],[114.079935783909,-0.813827733063363],[114.079989943781,-0.81382827805254],[114.080044103653,-0.813828821243078],[114.080098265323,-0.813829368930158],[114.080152425194,-0.813829918415934],[114.080203299842,-0.813830441821381],[114.08025417539,-0.813830978716624],[114.080305050038,-0.813831512913964],[114.080355924686,-0.813832038117994],[114.080406800234,-0.81383254173835],[114.080461530275,-0.813831810589534],[114.080516213553,-0.813829061362071],[114.080570865353,-0.81382505308369],[114.080625500067,-0.813820543882969],[114.080680127586,-0.813816298183553],[114.080739088938,-0.813811611816391],[114.08079799633,-0.813806230273258],[114.080856883938,-0.813800647281994],[114.080915784136,-0.813795356570381],[114.080974735596,-0.813790851866258],[114.081026050912,-0.81378911257741],[114.081077440871,-0.813789852719481],[114.0811288713,-0.81379172510799],[114.081180308025,-0.813793382558515],[114.081231714172,-0.813793477886634],[114.081285324558,-0.813792404096148],[114.081338957427,-0.813790646820848],[114.081392443706,-0.813786851681812],[114.08144561882,-0.813779666997959],[114.081498318193,-0.813767741088327],[114.081548842105,-0.81375242293592],[114.081598466696,-0.81373573691468],[114.081647628136,-0.813718433958513],[114.081696758099,-0.813701263202688],[114.081746291858,-0.813684974681792],[114.081803185668,-0.813666653693076],[114.081859987748,-0.813647911821647],[114.08191691933,-0.813629604322728],[114.081974200749,-0.813612590948253],[114.082032057733,-0.813597719758889],[114.082068839106,-0.813589329983529],[114.082105660048,-0.813581152448194],[114.082142502574,-0.813573090026011],[114.082179352295,-0.813565047388977],[114.08221618403,-0.813556923812939],[114.082254462773,-0.813548388347385],[114.082292731624,-0.813539812412387],[114.082330992381,-0.813531190611911],[114.082369244145,-0.813522518449417],[114.082407492312,-0.813513782435052],[114.08244287344,-0.813503313427134],[114.082476876806,-0.813488970139815],[114.082509754222,-0.813471500809044],[114.082541761993,-0.813451643778308],[114.082573158225,-0.813430144585482],[114.082607360342,-0.813404805287462],[114.082639817773,-0.813378163771176],[114.08267039832,-0.813349886388096],[114.082698967983,-0.813319626899215],[114.082725401756,-0.813287041763544],[114.082750337258,-0.813252886411533],[114.082774386928,-0.813218391115811],[114.082797685665,-0.813183536091287],[114.082820369265,-0.813148297955536],[114.082842574425,-0.813112652426923],[114.08286295756,-0.813077434975582],[114.082882197655,-0.81304156371715],[114.082901310048,-0.813005625009566],[114.082921313668,-0.812970209707373],[114.082943231045,-0.81293590057129],[114.082969085655,-0.81290008776881],[114.08299623259,-0.812865335266963],[114.08302452706,-0.812831559428901],[114.083053832368,-0.812798672120948],[114.083084004623,-0.812766587907674],[114.083114420594,-0.812735101743499],[114.083144887826,-0.812703673135957],[114.083175371246,-0.812672267011465],[114.083205837579,-0.812640850994455],[114.083236259846,-0.812609390910609],[114.083268657023,-0.812575679823738],[114.083300960671,-0.81254187610665],[114.083333234641,-0.812508034618077],[114.083365541886,-0.812474211115898],[114.083397948057,-0.812440454163607],[114.083427372076,-0.812411910581147],[114.083458494014,-0.812385436338786],[114.083491285095,-0.812360830887599],[114.083525717438,-0.812337891880134],[114.083561757769,-0.812316425962251],[114.083598537343,-0.812297458360945],[114.083636060656,-0.812281519676333],[114.083674336701,-0.812268383279218],[114.083713370875,-0.812257821641083],[114.083753173071,-0.812249611730124],[114.083799242641,-0.812241740863612],[114.083845320305,-0.812234738742177],[114.083891448332,-0.812229072113951],[114.083937676183,-0.81222519783455],[114.083984053322,-0.812223577256248],[114.084036311127,-0.81222321662807],[114.08408857163,-0.812222968415199],[114.084140832134,-0.812222926147058],[114.084193088141,-0.812223189648421],[114.084245342349,-0.812223856945423],[114.084301367414,-0.812224894763062],[114.084357394278,-0.812226018915567],[114.084413421143,-0.81222713767221],[114.084469448007,-0.812228170993251],[114.084525476669,-0.81222902984581],[114.084569761985,-0.812229536164125],[114.084614049099,-0.81222992826855],[114.084658338012,-0.812230291594631],[114.084702626925,-0.812230713376664],[114.08474691224,-0.812231269157678],[114.084793067246,-0.812232128909557],[114.084839218655,-0.812233217988592],[114.084885370963,-0.812234357429588],[114.084931523271,-0.812235361073022],[114.084977680076,-0.812236043658459],[114.085020511188,-0.812236476232329],[114.085063345897,-0.812236906108296],[114.085106178807,-0.812237335084887],[114.085149011718,-0.812237762262896],[114.085191843729,-0.812238189440848],[114.085242774135,-0.812238694859843],[114.085293702742,-0.812239200278839],[114.085344629551,-0.812239706597154],[114.085395559058,-0.812240212915469],[114.085446490363,-0.812240722831064],[114.085525603724,-0.812241525026309],[114.085604715285,-0.812242338912768],[114.085683830445,-0.812243160893104],[114.085762943805,-0.812243984672079],[114.085842057165,-0.812244804853833],[114.085890114237,-0.812245303977534],[114.08593817131,-0.812245804000611],[114.085986228382,-0.812246295929754],[114.086034284555,-0.81224677706706],[114.086082341627,-0.812247239318594],[114.086134156066,-0.812246955132821],[114.086185956117,-0.812245437976514],[114.086237742678,-0.812243141108013],[114.086289525641,-0.812240519584236],[114.086341304108,-0.812238030260858],[114.086391346883,-0.812235754976086],[114.086441380665,-0.812233370873344],[114.086491409051,-0.812230949898378],[114.086541437437,-0.812228564896316],[114.086591473018,-0.812226285114946],[114.086649865999,-0.812224109654892],[114.086708286858,-0.812222490875229],[114.086766719409,-0.812221077140975],[114.086825146563,-0.812219516817208],[114.086883556631,-0.81221746096702],[114.086929387881,-0.812215127226295],[114.086975157977,-0.812211975102514],[114.087020874114,-0.812208082836719],[114.087066548882,-0.812203525971881],[114.087112187677,-0.812198380950463],[114.087157625924,-0.812192752993099],[114.08720298503,-0.812186635804551],[114.0872482596,-0.812180009599729],[114.087293461324,-0.812172844700967],[114.087338584808,-0.812165114128675],[114.087390615085,-0.81215547519497],[114.087442535645,-0.812145339835524],[114.087494423829,-0.812135073175057],[114.087546349784,-0.812125043036247],[114.087598384558,-0.812115607349369],[114.087655438448,-0.812105997193953],[114.087712549894,-0.812096726982304],[114.087769682925,-0.812087568286586],[114.087826797968,-0.8120782872831],[114.087883853657,-0.812068649248715],[114.087939637704,-0.812058911389613],[114.087995387577,-0.812048983773536],[114.088051081692,-0.812038760280529],[114.088106704761,-0.812028131193244],[114.088162236098,-0.812016985895127],[114.08820956472,-0.812007027702123],[114.088256817798,-0.811996740357245],[114.088304016917,-0.811986219188611],[114.088351182761,-0.8119755550278],[114.08839834141,-0.811964843202929],[114.088448421058,-0.811953214069547],[114.088498420666,-0.811941251287692],[114.088548399589,-0.811929193177662],[114.08859842078,-0.811917279858505],[114.088648543595,-0.811905751449217],[114.088699649369,-0.811894691586701],[114.088750908927,-0.811884416832299],[114.088802316874,-0.811874954165773],[114.088853868711,-0.811866335063257],[114.088905559944,-0.811858591001112],[114.088989018828,-0.811847177705033],[114.089072537967,-0.811836260834696],[114.089156077791,-0.811825551707784],[114.089239599628,-0.81181476164187],[114.089323072002,-0.811803595659342],[114.089366455298,-0.811797346270453],[114.089409796325,-0.811790753340574],[114.08945314005,-0.811784182893689],[114.089496540433,-0.811778004551229],[114.089540043338,-0.811772580739955],[114.089582910423,-0.811768069740594],[114.089625824272,-0.811764089341182],[114.089668766001,-0.811760444388938],[114.08971172032,-0.811756946026208],[114.08975467284,-0.811753400898681],[114.089801800912,-0.811749629142014],[114.089848952367,-0.811746109195553],[114.089896100225,-0.81174257485992],[114.0899432247,-0.811738766231031],[114.089990306008,-0.8117344162103],[114.090032369998,-0.811729770312581],[114.090074360244,-0.811724479601025],[114.090116316315,-0.811718881321269],[114.090158274185,-0.811713308222522],[114.090200273424,-0.811708093953314],[114.090242203415,-0.811703244808825],[114.090284144198,-0.811698480200675],[114.090326090377,-0.811693751565315],[114.090368032958,-0.811689013037494],[114.090409969245,-0.811684211557065],[114.090446736228,-0.81167955396819],[114.090483425869,-0.811674381967123],[114.09052011731,-0.811669120933118],[114.090556886091,-0.811664198044241],[114.090593814053,-0.811660038679804],[114.090644228249,-0.811656071770244],[114.090694665826,-0.811653795586153],[114.090745119592,-0.811652807231212],[114.09079558235,-0.811652703809159],[114.09084604421,-0.811653084222428],[114.090885591897,-0.811653469132239],[114.090925139584,-0.811653854941426],[114.09096468817,-0.811654243448515],[114.091004235857,-0.81165463735158],[114.091043784443,-0.811655033952604],[114.091096543171,-0.811655569948527],[114.091149302798,-0.811656114038385],[114.091202064224,-0.811656658128243],[114.091254823851,-0.811657205815322],[114.091307586176,-0.811657755301098],[114.091356162157,-0.811658454973667],[114.091404721051,-0.811659631286886],[114.091453261959,-0.811661413743195],[114.091501784879,-0.811663935442198],[114.091550289814,-0.811667327684972],[114.091593413205,-0.811671686698958],[114.091636327055,-0.811677583553603],[114.091679094315,-0.81168460456081],[114.09172177524,-0.811692337831062],[114.091764433682,-0.811700373273538],[114.091802673755,-0.811707781888572],[114.091840803211,-0.811715525051397],[114.091878856224,-0.811723554198636],[114.09191686697,-0.811731817169573],[114.091954875917,-0.811740267199525],[114.091991898307,-0.811748998717292],[114.092028665291,-0.81175852163841],[114.092065229926,-0.811768835063617],[114.092101640778,-0.811779929999716],[114.092137949107,-0.811791811842568],[114.092173368007,-0.811804897877664],[114.092207923557,-0.811820022675874],[114.092241416109,-0.811837320236066],[114.092273637918,-0.811856915564135],[114.092304392034,-0.811878945357023],[114.092344366,-0.811910571815417],[114.0923836313,-0.811942689303635],[114.092422302148,-0.811975315808127],[114.092460498154,-0.812008472013304],[114.092498336229,-0.812042176804994],[114.092527929321,-0.81206888487111],[114.09255745856,-0.812095630708768],[114.092586903263,-0.812122461981971],[114.092616238249,-0.812149420059654],[114.09264544733,-0.812176552605763],[114.09267220216,-0.812201723730539],[114.092698718671,-0.812227118786438],[114.092724908728,-0.812252850188827],[114.092744961811,-0.812274683030125],[114.092750683297,-0.812279027654938],[114.092775955146,-0.812305766298039],[114.092802852969,-0.812335824338788],[114.092828897336,-0.812366567662934],[114.092854297788,-0.81239783439247],[114.092879270162,-0.812429456354266],[114.092904021304,-0.812461270770996],[114.092926579898,-0.81249116333646],[114.092948606993,-0.812521446207711],[114.092970499189,-0.812551827105096],[114.092992659384,-0.812582011050949],[114.093015485077,-0.812611703966923],[114.093040913407,-0.812643361002245],[114.093066792299,-0.812674637624355],[114.093093238662,-0.812705410626165],[114.093120373007,-0.812735556800476],[114.093148310446,-0.812764952940199],[114.093174310746,-0.812791416390723],[114.093200383891,-0.812817792607007],[114.093226516391,-0.812844104072099],[114.093252693857,-0.812870368772451],[114.093278907296,-0.812896604694515],[114.09330586987,-0.812923535792493],[114.093332868417,-0.81295042102505],[114.09335991283,-0.812977258593548],[114.093387011202,-0.813004049397307],[114.093414168929,-0.813030791637686],[114.093444521048,-0.813059799270263],[114.093475642987,-0.813087963338774],[114.093482067743,-0.813093484276806],[114.093507484383,-0.8131153189168],[114.093539993976,-0.813141891185296],[114.093573125899,-0.81316770622459],[114.093604335971,-0.813190353851724],[114.093636261904,-0.81321191959438],[114.093668508895,-0.813233008696329],[114.093700677644,-0.813254221005423],[114.09373237335,-0.813276158168094],[114.093765542146,-0.813300003692177],[114.093798502299,-0.813324083039959],[114.093831026281,-0.813348747846362],[114.093862884764,-0.813374347048409],[114.09389385112,-0.813401237676942],[114.093931773732,-0.813437280705898],[114.093968121632,-0.813474709590139],[114.094003214077,-0.813513260828302],[114.09403736763,-0.813552662825089],[114.094070900652,-0.813592650280555],[114.094095717443,-0.813623116613485],[114.094120169111,-0.813653856340352],[114.094144532644,-0.813684647328557],[114.094169090431,-0.813715278237453],[114.094194122161,-0.813745531431096],[114.094227568847,-0.813784696906168],[114.094261348283,-0.813823578195525],[114.094295378629,-0.813862231057044],[114.094329589739,-0.813900721141295],[114.094363898875,-0.813939106004909],[114.094398779081,-0.813975947631832],[114.094434966001,-0.814011487040432],[114.094471437107,-0.814046798920572],[114.094507168071,-0.814082954364778],[114.094541134566,-0.81412103076093],[114.09457029958,-0.814158006386833],[114.094597710916,-0.81419612325243],[114.094623761577,-0.814235089078068],[114.094648858058,-0.814274613382679],[114.094673393362,-0.814314397591318],[114.094694135326,-0.814348548446731],[114.094714629976,-0.814382793730886],[114.094734940265,-0.814417140638454],[114.094755120153,-0.814451590968076],[114.094775237987,-0.81448614831703],[114.094798293007,-0.814526074618584],[114.094820858796,-0.814566105241511],[114.094842768979,-0.814606668263082],[114.094863861678,-0.81464820794838],[114.09488396962,-0.814691154173374],[114.094902117938,-0.814738261561502],[114.094915345167,-0.81478629704992],[114.094924199892,-0.81483500343262],[114.094929237894,-0.814884133395992],[114.094931009559,-0.814933433331248],[114.094931065316,-0.814943708085593],[114.094931252375,-0.814978926436254],[114.094931377381,-0.815024414145341],[114.094931383676,-0.815069916243601],[114.094931266765,-0.815115451616748],[114.094931025746,-0.815161040049929],[114.094930713682,-0.815198980648404],[114.094930321577,-0.815236931139395],[114.094929899795,-0.815274884328403],[114.094929504993,-0.815312835718771],[114.094929184834,-0.815350786209763],[114.094929504093,-0.815400748945365],[114.094931309932,-0.815450655922973],[114.094934823583,-0.815500509840604],[114.094940262683,-0.815550320590773],[114.094947855659,-0.815600090871442],[114.094955884806,-0.815635826332255],[114.094966967152,-0.815670565344249],[114.094980691706,-0.815704343880327],[114.094996650175,-0.815737208705173],[114.095014426175,-0.815769195791688],[114.095041338387,-0.815813735615336],[114.095068863038,-0.81585753709561],[114.095096613418,-0.815901012121969],[114.095124201021,-0.815944587872366],[114.095151242736,-0.815988678934332],[114.095178066814,-0.816033699895286],[114.095185411578,-0.816046229250048],[114.095204476306,-0.816078746936569],[114.095230445129,-0.81612419867281],[114.095255949003,-0.816170432819149],[114.095280960948,-0.816217826191689],[114.095303065384,-0.81626387237975],[114.095321820746,-0.816311188410566],[114.095335883444,-0.816359490098364],[114.095343899102,-0.81640850404915],[114.095344518735,-0.816457947875961],[114.095342324389,-0.816488775736389],[114.095340130043,-0.81651960359676],[114.095337935697,-0.816550432356507],[114.095335741351,-0.816581260216935],[114.095333547006,-0.816612088976683],[114.09536184957,-0.816815638830633],[114.095435930324,-0.816900913446375],[114.095615947618,-0.816957855820363],[114.095954848138,-0.817014914206879],[114.09624642903,-0.817040481033303],[114.09656634576,-0.817114835181428],[114.096725339603,-0.81728101370777],[114.096735052281,-0.817307115630854],[114.09674476316,-0.817333216654561],[114.09675447404,-0.817359318577644],[114.096764184919,-0.817385421400047],[114.096773895799,-0.817411522423754],[114.09679944284,-0.817454840968082],[114.096836901402,-0.817489597966528],[114.096881693935,-0.81751872430965],[114.096929258179,-0.817545140995435],[114.096975023778,-0.817571778914441],[114.097014668592,-0.817597260305263],[114.097054252252,-0.817622694032082],[114.097093965414,-0.817647833680553],[114.097134004131,-0.817672439131741],[114.097174561757,-0.817696254978159],[114.097212557214,-0.817717967310273],[114.097250571557,-0.817739595106161],[114.097288692919,-0.817761007964123],[114.097327002239,-0.817782072784382],[114.097365585853,-0.817802652870114],[114.097404209936,-0.817822716744956],[114.097442845711,-0.817842565681815],[114.097481505767,-0.817862373249852],[114.097520201796,-0.817882307622369],[114.097558948187,-0.817902545965694],[114.097602893559,-0.817925725092095],[114.097646841628,-0.817948906017136],[114.097690789698,-0.817972086942234],[114.097734737768,-0.817995269665914],[114.097778687636,-0.818018454188291],[114.097823437002,-0.818042187297067],[114.097868124315,-0.818066019331297],[114.097912849399,-0.818089808198067],[114.097957715676,-0.818113417200379],[114.098002824771,-0.818136712339367],[114.098058094406,-0.818162335823104],[114.098114711225,-0.81818466688884],[114.098172086173,-0.818205139955182],[114.098229630193,-0.81822518764227],[114.098330992781,-0.818257180124704],[114.098375416592,-0.818268198618398],[114.098419840403,-0.818279218910789],[114.098464264214,-0.818290239203122],[114.098508687126,-0.818301257696817],[114.098545242769,-0.818309403755904],[114.098582037631,-0.818316503903475],[114.098618834292,-0.818323622037497],[114.098655400726,-0.818331814861324],[114.098691500412,-0.818342141776384],[114.098726929205,-0.818356591183715],[114.098760650184,-0.818374765582917],[114.098793462848,-0.818394910396762],[114.098826163996,-0.818415263853296],[114.098859555824,-0.818434066878638],[114.098892561842,-0.818450617102258],[114.098925831362,-0.818466775221452],[114.098959189015,-0.818482802039625],[114.098992456737,-0.81849896015882],[114.099025464554,-0.818515507684481],[114.099055941678,-0.8185354447549],[114.099083835051,-0.818559710262377],[114.09911117624,-0.81858491466204],[114.099139994115,-0.818607670207768],[114.099172324743,-0.818624584656789],[114.099208249061,-0.818636422432917],[114.099244586169,-0.818645882401484],[114.099281252428,-0.818653511350419],[114.099318159705,-0.818659857866123],[114.099355227961,-0.818665468736356],[114.099393945574,-0.818670897044228],[114.099432686569,-0.818675998898186],[114.099471436558,-0.81868097664568],[114.099510184747,-0.818686030835579],[114.099548913152,-0.818691362016693],[114.099584809591,-0.818696379334369],[114.099620583723,-0.818701663750744],[114.099656204071,-0.818707996776595],[114.099691647252,-0.8187161527282],[114.09972688269,-0.818726911317867],[114.099759635099,-0.818743359018754],[114.099787845932,-0.818766503970949],[114.09981274816,-0.818794327196372],[114.099835579249,-0.81882481421377],[114.09985757127,-0.818855945145685],[114.099881841274,-0.81889068235904],[114.099904722725,-0.818925505007996],[114.099926030362,-0.818960916712911],[114.099945578925,-0.818997434583878],[114.099963179557,-0.819035560442728],[114.099977238659,-0.819070407373374],[114.099989831865,-0.819105420678568],[114.100000839567,-0.819140769430931],[114.100010143953,-0.819176621803592],[114.100017627212,-0.819213149567133],[114.100023926963,-0.81924986438969],[114.100033696298,-0.819323340799485],[114.100061119325,-0.819296888140855],[114.100088354394,-0.819268662918432],[114.100115590362,-0.81924043589737],[114.10014282633,-0.819212211574268],[114.100170062299,-0.819183986351845],[114.100188688157,-0.819153281698561],[114.100196685828,-0.819116770122776],[114.100199855039,-0.819077404998211],[114.100203990122,-0.819038146892922],[114.100214894402,-0.819001950979214],[114.100231725214,-0.818967326181109],[114.100249315953,-0.81893300535387],[114.100268323125,-0.81889944984971],[114.100289402334,-0.818867124618066],[114.100313210986,-0.818836490111892],[114.100338835369,-0.81880717940777],[114.100364868044,-0.81877865920768],[114.100391446608,-0.818750903431408],[114.100418706858,-0.818723868911377],[114.100446784591,-0.81869752776862],[114.100480686335,-0.818667727833315],[114.100515221201,-0.818638702214287],[114.100549760563,-0.818609732353195],[114.100583682991,-0.818580105087733],[114.100616359857,-0.818549106356102],[114.100642534625,-0.818522867736135],[114.100668710293,-0.818496629116112],[114.10069488596,-0.818470391395408],[114.100721060728,-0.818444151876065],[114.100747236396,-0.818417913256042],[114.100752498329,-0.818403150884649],[114.100757761162,-0.818388386714616],[114.10076303029,-0.818373627041183],[114.100768303914,-0.818358868267126],[114.10077358923,-0.818344111291651],[114.100787391125,-0.818306608663022],[114.100801702037,-0.81826929758995],[114.100816342101,-0.818232113321301],[114.100831129653,-0.818194985709965],[114.100845890226,-0.818157849105432],[114.100861633757,-0.818118330196739],[114.10087753557,-0.818078872441959],[114.100893494939,-0.818039438968867],[114.100909413838,-0.817999989308021],[114.100925201437,-0.817960477593942],[114.100939776749,-0.817922991153068],[114.100953935676,-0.817885352726819],[114.100967822107,-0.817847604583221],[114.100981579037,-0.817809792587809],[114.100995350355,-0.817771955411388],[114.101013846712,-0.817720848738134],[114.101031630805,-0.81766962425371],[114.101048208008,-0.817617970792696],[114.101063088191,-0.817565585283489],[114.101075783021,-0.817512149366166],[114.101084807718,-0.8174578689854],[114.101129467151,-0.817477454420953],[114.10117648101,-0.817480163178914],[114.101223495768,-0.817482871037612],[114.101270511425,-0.81748557979563],[114.101317526183,-0.817488288553648],[114.101358064923,-0.817491714071309],[114.101398412107,-0.817496979601856],[114.101438619896,-0.817503604008095],[114.10147874315,-0.817511098058674],[114.101518836725,-0.8175189761198],[114.101558720758,-0.817527111387051],[114.10159838176,-0.817535949924093],[114.101637762173,-0.817545793903207],[114.101676808938,-0.817556949993218],[114.101715467195,-0.817569717668277],[114.101757416072,-0.817585043015299],[114.101799021408,-0.81760098529719],[114.101840350652,-0.817617485158792],[114.101881482045,-0.817634479647495],[114.101922485734,-0.817651913005307],[114.101960526157,-0.817668341820479],[114.101998482944,-0.817684897440017],[114.102036342603,-0.81770164371585],[114.102074097042,-0.817718655291685],[114.102111731871,-0.817735990623419],[114.102155316615,-0.817756859391523],[114.102198545227,-0.817778441321934],[114.102241521129,-0.817800502591069],[114.102284360335,-0.817822809375116],[114.102327168964,-0.817845117957802],[114.102361929559,-0.817864733970225],[114.102395387038,-0.817885800589181],[114.10242879865,-0.817907455364718],[114.102463419851,-0.817928831350457],[114.102500513288,-0.817949063398487],[114.102551732377,-0.817972331557826],[114.102603440696,-0.817990669633673],[114.102655393632,-0.818003229565363],[114.102707352862,-0.818009164191551],[114.102759071974,-0.818007621854235],[114.102809159715,-0.818000643115113],[114.102859314906,-0.817990675928911],[114.102909399949,-0.817977983796879],[114.102959281745,-0.817962823925143],[114.103008831692,-0.817945458016425],[114.103049738255,-0.817929697397574],[114.103089918165,-0.817913531184445],[114.103129764427,-0.817897365870692],[114.103169671843,-0.817881598956603],[114.103210043309,-0.817866632439063],[114.103250710652,-0.817852236091767],[114.103291386988,-0.817837852334947],[114.103332060626,-0.817823471276142],[114.103372735164,-0.817809082123404],[114.103413403406,-0.817794675883533],[114.103449164048,-0.81778199004674],[114.103484922891,-0.81776929161947],[114.103520675439,-0.817756579702348],[114.103556421692,-0.817743850698093],[114.103592163448,-0.817731103707445],[114.10363511327,-0.817714810689893],[114.103677576559,-0.817697264916774],[114.103719818615,-0.81767911929586],[114.103762102039,-0.817661018641047],[114.103804690334,-0.817643613162147],[114.103845192202,-0.817627890314839],[114.103885873934,-0.817612745731594],[114.10392685514,-0.817598481584582],[114.103968257229,-0.817585408140019],[114.104010203408,-0.817573825771376],[114.104047776184,-0.817565130226512],[114.104085517133,-0.817557783664711],[114.104123405571,-0.817551360706659],[114.104161419014,-0.817545423382512],[114.104199534081,-0.81753953821908],[114.104243102637,-0.817532840967772],[114.104286682884,-0.817526590679563],[114.104330274822,-0.817520987003888],[114.104373879351,-0.817516222395682],[114.104417492873,-0.817512499202451],[114.104467964625,-0.817510750021029],[114.104518537101,-0.817512507296328],[114.104569130261,-0.817517406802835],[114.104619664966,-0.81752508521447],[114.104670063872,-0.817535181003734],[114.104720928628,-0.81754691176053],[114.104771159362,-0.817559403343751],[114.104820912555,-0.817572769067965],[114.104870353684,-0.817587124046497],[114.104919641928,-0.817602587889098],[114.104956827995,-0.817615055190572],[114.10499381801,-0.817627949670111],[114.105030738778,-0.817641005128223],[114.105067712605,-0.817653949070461],[114.105104862699,-0.81766651439807],[114.105148436651,-0.817681147267081],[114.105192049274,-0.81769564703643],[114.105235940686,-0.81770906402204],[114.105280358202,-0.817720444942552],[114.105325541041,-0.81772884011383],[114.105361394313,-0.817733062430818],[114.105397292551,-0.817735709135604],[114.105433224963,-0.817737262264814],[114.10546917896,-0.817738199358359],[114.105505146445,-0.817738999754965],[114.105542863113,-0.817739906271584],[114.10558057978,-0.817740739043813],[114.105618297347,-0.817741483682482],[114.105656014014,-0.817742129395697],[114.105693730681,-0.817742660895021],[114.105730144231,-0.817742890222178],[114.105766553284,-0.817742676183514],[114.10580295874,-0.817742024175004],[114.105839365095,-0.817740946787239],[114.105875768752,-0.817739450315344],[114.105923165722,-0.817735666867463],[114.105970157097,-0.817729081132143],[114.10601683371,-0.817720147266925],[114.106063292687,-0.817709321228165],[114.106109627557,-0.817697060770683],[114.106150126727,-0.817685426241383],[114.106190171739,-0.817672790766608],[114.106229639386,-0.817658762242047],[114.106268405563,-0.817642935972685],[114.106306346161,-0.817624918055458],[114.106338583259,-0.817608173578321],[114.106370574842,-0.817591179089618],[114.106402370373,-0.817573930092749],[114.106434013919,-0.817556423889812],[114.106465554941,-0.817538653286192],[114.106511854738,-0.81751196500511],[114.106557934201,-0.817484916995284],[114.106603975893,-0.817457809630184],[114.10665016867,-0.817430949578636],[114.106696695996,-0.817404640811503],[114.106728919604,-0.817387295587196],[114.106761495746,-0.817370643740162],[114.106794319203,-0.817354488318927],[114.106827289248,-0.817338637767875],[114.106860299763,-0.817322896934115],[114.106900548921,-0.817304835849427],[114.10694136825,-0.8172881165533],[114.106982421402,-0.817271878394422],[114.107023362139,-0.817255254426414],[114.107063849617,-0.817237385796659],[114.107097030104,-0.817221369770323],[114.107129669199,-0.817204109082297],[114.107161219215,-0.81718511090412],[114.107191127968,-0.817163877011239],[114.107218847772,-0.817139911877405],[114.107252087614,-0.817107618122009],[114.107285116115,-0.817075167884639],[114.107318043893,-0.817042648399479],[114.107350980663,-0.817010147800033],[114.107384035245,-0.81697775242128],[114.107421852636,-0.816940803775026],[114.107459642149,-0.816903847034837],[114.107497510802,-0.816866961341134],[114.107535568312,-0.816830232129462],[114.107573921699,-0.816793742137463],[114.107603140672,-0.816768900164561],[114.107634377724,-0.816746641044574],[114.107666973652,-0.816726168877551],[114.107700265655,-0.81670669225997],[114.107733593631,-0.816687417090577],[114.107774241188,-0.816664594095698],[114.107815418447,-0.816642786435409],[114.107856673047,-0.816621165834079],[114.107897554429,-0.816598902217493],[114.107937612031,-0.816575161014839],[114.107971869007,-0.81655337493828],[114.108005847192,-0.816531167978951],[114.108039560078,-0.816508559922056],[114.108073027448,-0.816485577747187],[114.108106263693,-0.816462245735977],[114.10813656635,-0.816440220439802],[114.108166530861,-0.816417732892035],[114.108196424326,-0.816395159908666],[114.108226510245,-0.816372865715152],[114.108257053021,-0.816351217234853],[114.108290087817,-0.816329170354891],[114.108323532705,-0.816307725121362],[114.108357090008,-0.816286454356316],[114.108390465648,-0.816264929982481],[114.108423369143,-0.816242728419127],[114.108467482688,-0.816211932035003],[114.108511574649,-0.816181048416581],[114.108555656718,-0.816150132422649],[114.108599740586,-0.816119226321177],[114.108643843339,-0.816088376877019],[114.108682048338,-0.816061729065495],[114.108720267726,-0.816035137911229],[114.108758504202,-0.816008612407472],[114.108796761362,-0.815982157950202],[114.108835040105,-0.815955780834543],[114.10887807896,-0.815928180640981],[114.108922444315,-0.815902674968413],[114.108967508444,-0.815878218804698],[114.109012636424,-0.815853765338943],[114.109057201429,-0.81582826686099],[114.109092123003,-0.815808088772258],[114.109127178577,-0.81578786032145],[114.109161189138,-0.815766194754019],[114.109192975675,-0.815741706214737],[114.109221367272,-0.815712999855009],[114.10924413361,-0.815683327623447],[114.109264691213,-0.815652404434843],[114.109284145347,-0.815620879599862],[114.109303598582,-0.815589413220778],[114.109324164279,-0.815558653708877],[114.109353951624,-0.815516588819492],[114.109383682311,-0.815474469970752],[114.109413571279,-0.815432450047467],[114.109443825372,-0.815390681934389],[114.109474664025,-0.815349314918876],[114.109504381222,-0.815310852713651],[114.109534625423,-0.815272850961264],[114.109565239244,-0.815235163072259],[114.109596065306,-0.8151976388599],[114.109626945327,-0.815160127238016],[114.1096582876,-0.815122419563977],[114.109690020178,-0.815085141765849],[114.109722188029,-0.815048262367384],[114.109754838815,-0.81501174269772],[114.109788019302,-0.81497555397857],[114.109818528802,-0.814944741406634],[114.109850736223,-0.814915841692709],[114.109884375364,-0.814888599429253],[114.109919180926,-0.814862754712294],[114.109954893903,-0.814838060228226],[114.109991475626,-0.814816007053025],[114.110029443204,-0.814796368557495],[114.11006774533,-0.814777389265032],[114.110105325301,-0.814757310101754],[114.110141132707,-0.814734374691568],[114.110173268182,-0.81471071532718],[114.110205113176,-0.814686626086882],[114.110236866438,-0.814662394753668],[114.110268729418,-0.814638313607247],[114.110300903564,-0.81461467672591],[114.110330863578,-0.814593087600883],[114.110360846976,-0.814571538045982],[114.110390930197,-0.814550121590798],[114.110421186089,-0.814528935362034],[114.11069783104,-0.814671399665315],[114.111065805742,-0.814868899779867],[114.114497189694,-0.815445147575474],[114.115019516837,-0.815672640979528],[114.115316249945,-0.815864112938414],[114.115541665915,-0.816151161247035],[114.115683974636,-0.816414241723805],[114.115921222986,-0.816761067069535],[114.116289143729,-0.817036264112232],[114.116550286167,-0.817179896634855]]]},"properties":{"Kecamatan":"KAPUAS HULU"}},{"type":"Feature","geometry":{"type":"Polygon","coordinates":[[[114.112000373119,-0.673261136891881],[114.112033685806,-0.676092748581425],[114.112095566357,-0.681352545983145],[114.112098067372,-0.681565142117563],[114.112137090754,-0.684882163780799],[114.112144314109,-0.685496091371476],[114.112992961156,-0.686723165941316],[114.113290913745,-0.68715398257018],[114.11600878188,-0.691083804074253],[114.116524650992,-0.691829709873161],[114.117573006889,-0.693345548658101],[114.117782970708,-0.693649139995784],[114.118015799789,-0.693985793109789],[114.119080103364,-0.695524691411322],[114.119384591326,-0.696000216936397],[114.119902826554,-0.696809560013151],[114.120258371727,-0.697364823028124],[114.120492871749,-0.697731046750334],[114.120492351041,-0.69788623825923],[114.12048284161,-0.700715848057882],[114.120459877421,-0.707549781896887],[114.120448520783,-0.710929311838242],[114.120991035008,-0.711707618411822],[114.121167666355,-0.711961018586067],[114.120953635802,-0.713202389678486],[114.120959732306,-0.713432686269414],[114.120977407581,-0.714100424794708],[114.121020270169,-0.715719598380701],[114.120433153168,-0.716233325307655],[114.120430689025,-0.716235480982618],[114.119620015851,-0.716309178625636],[114.11888304032,-0.717193550342017],[114.11910413235,-0.717635736200236],[114.119179278801,-0.717966900751833],[114.119310262359,-0.718544135103684],[114.11936872099,-0.718801761192253],[114.119825037895,-0.720312738242228],[114.119917109587,-0.720617610214504],[114.120075127665,-0.722039779212366],[114.119104133249,-0.722426080299329],[114.118886970357,-0.722462275313717],[114.118219762432,-0.722573474686044],[114.118165347153,-0.723035997812985],[114.118072366247,-0.723826333718307],[114.119647673601,-0.726330670424034],[114.120641220316,-0.727910154230187],[114.120946573426,-0.728395586686929],[114.120938278978,-0.728884710860655],[114.12092469382,-0.729685871006097],[114.120578085211,-0.730459119792499],[114.121093967812,-0.732522653797389],[114.121500455981,-0.735443497119661],[114.121698923766,-0.736361409951087],[114.122394501705,-0.739578456680363],[114.122787644834,-0.741396744663973],[114.123641846994,-0.745347426842216],[114.123803507326,-0.746095105204915],[114.123858463997,-0.746320124574027],[114.124085310788,-0.747248937188658],[114.124757211376,-0.750000002897764],[114.124971600759,-0.750730484424253],[114.125837995027,-0.751430347632379],[114.126002697766,-0.752882825581878],[114.127287250706,-0.755599394196622],[114.127906081401,-0.756644875860275],[114.128788574433,-0.757570251266031],[114.129083788586,-0.757767922251787],[114.129445012977,-0.758009792218104],[114.129559111764,-0.758086191424525],[114.129760962798,-0.758221347836866],[114.130014967317,-0.758391425823618],[114.130339531744,-0.759489287600502],[114.130852668716,-0.759851021007762],[114.130878705888,-0.760249394593814],[114.130635653313,-0.760772399826351],[114.130672959889,-0.761475146260921],[114.13034528111,-0.762400102582603],[114.130475861772,-0.763153345950116],[114.131041948128,-0.76370035588667],[114.131619323673,-0.764592885353352],[114.131838859876,-0.764813721076337],[114.131988935141,-0.764813821800374],[114.13215743212,-0.764827188423965],[114.132341705905,-0.764872368564909],[114.13246278433,-0.764925458243283],[114.13268383589,-0.765092582856369],[114.132781175811,-0.765209267193882],[114.132915321385,-0.765410788177292],[114.133038865751,-0.76571301704206],[114.133188595677,-0.766232597656199],[114.133201715887,-0.766298867798469],[114.133209546284,-0.766402238572425],[114.133188349263,-0.766603656133782],[114.133059078913,-0.766990528290194],[114.13296409162,-0.76729526086757],[114.132950447105,-0.768016163714947],[114.133005038652,-0.76906311217283],[114.13309951603,-0.769524346571302],[114.133209873637,-0.769858372765668],[114.133222945283,-0.769998854063829],[114.133230783774,-0.770088973327404],[114.133222801391,-0.770213536625363],[114.133204306833,-0.770308939405993],[114.133175262329,-0.770433488314779],[114.133104070197,-0.770587163566688],[114.133069782644,-0.770677254951295],[114.133048659368,-0.770767354429836],[114.133027501918,-0.770907811446307],[114.133019504247,-0.771056229261546],[114.133048344606,-0.771236475882631],[114.133121928035,-0.771443257899989],[114.133192933107,-0.771567875157245],[114.133385013008,-0.771750883596326],[114.133521879931,-0.771817237375558],[114.133682450285,-0.771873005234966],[114.133811440945,-0.771904896993362],[114.134051002352,-0.771955418207938],[114.134245814393,-0.771990006133819],[114.134337943641,-0.772021872711207],[114.134445868582,-0.772059051583938],[114.134564291309,-0.772146596088476],[114.134595860211,-0.772186373102613],[114.134632674858,-0.772255309734703],[114.134653690216,-0.772326884977701],[114.134666773553,-0.772446162060703],[114.134690301616,-0.772697967736974],[114.13465863289,-0.772806613034732],[114.134611153182,-0.772939101158556],[114.134584723906,-0.773087506383263],[114.134523855092,-0.773551286762427],[114.134526389381,-0.773699711772224],[114.134549931834,-0.773927663830591],[114.134623417237,-0.774280217857722],[114.134678551074,-0.774513492103949],[114.134707321286,-0.77479975620372],[114.134730906906,-0.774964098314456],[114.134717659892,-0.775086007713014],[114.134704439858,-0.775168160781959],[114.134664891272,-0.775250296763716],[114.134606873309,-0.775390730397817],[114.134585714959,-0.775531187414344],[114.134577710993,-0.775687556135779],[114.134582829034,-0.775907543798041],[114.134606330118,-0.776196454602655],[114.134603585387,-0.776363429029004],[114.134598286582,-0.77641113176827],[114.134585080937,-0.776472083319959],[114.134566616956,-0.776522429166732],[114.134529710578,-0.776588664235419],[114.134477010306,-0.776652237310827],[114.134371649332,-0.776718425614774],[114.134242602015,-0.7767686950192],[114.134068811626,-0.776795081128057],[114.133829225938,-0.776781665041767],[114.133397363398,-0.776879434838008],[114.133244612649,-0.776940290162202],[114.133168226932,-0.776987945237408],[114.13313133944,-0.777027676386126],[114.13309706178,-0.777099213857582],[114.133086480357,-0.777173417818915],[114.133107446252,-0.77731920511718],[114.133165096392,-0.777724757991166],[114.13336206141,-0.778469657448682],[114.133498734079,-0.778822254643273],[114.133588122194,-0.7790157959422],[114.13387493578,-0.779273082986322],[114.134106458147,-0.779530331359638],[114.134185385347,-0.779620499186649],[114.134261706313,-0.779670908885294],[114.13430644039,-0.779708046389203],[114.13436697016,-0.779747844087694],[114.13444856475,-0.779785004973974],[114.134548599039,-0.779811578141789],[114.134627579299,-0.779822233309346],[114.134738135656,-0.779859414880036],[114.134861835605,-0.779928410867399],[114.135180258562,-0.780164516179411],[114.135301310907,-0.780257363986095],[114.135351288032,-0.780328959014184],[114.13540127415,-0.780387303431269],[114.135430179259,-0.780472135580567],[114.13544327069,-0.780578161153187],[114.135437961093,-0.780644417805604],[114.135411573186,-0.780731863384744],[114.135356207323,-0.78084049159537],[114.135105740737,-0.781341249399077],[114.134989687724,-0.781643316385896],[114.134963315105,-0.781706907447756],[114.134900078376,-0.781775774832113],[114.134857937044,-0.781796949369664],[114.134786844737,-0.781802201410414],[114.134520920604,-0.781802017948735],[114.134286636419,-0.781735596720353],[114.134183964419,-0.781716973559412],[114.134081278928,-0.781719552815048],[114.133960135752,-0.781761875809877],[114.133694113593,-0.781904816753865],[114.133551862429,-0.782016035011964],[114.133496519948,-0.782090209295689],[114.13345169414,-0.782188242593293],[114.133390878386,-0.782569860010994],[114.133356318339,-0.783057511095194],[114.133348376427,-0.783121115646907],[114.133340438111,-0.78317941869517],[114.133316690613,-0.783253614562625],[114.13327449802,-0.783351649658869],[114.13321914205,-0.783447028157752],[114.133153228938,-0.783579501892461],[114.133100488197,-0.783701385210691],[114.133084617861,-0.7838073900989],[114.133076546446,-0.784061822694923],[114.133134115647,-0.784581343953789],[114.133168156785,-0.784857010442636],[114.133168077645,-0.784972302629626],[114.133154873799,-0.785030602080553],[114.133120588944,-0.785112741659646],[114.133091591204,-0.785165729714606],[114.133088361739,-0.78517036841771],[114.133054693819,-0.785218713272968],[114.133004632158,-0.785274337240821],[114.132936122704,-0.785351151034718],[114.132846544832,-0.785438551647815],[114.132741145188,-0.785560398093821],[114.1326831596,-0.785647822988608],[114.132614628562,-0.785759090709405],[114.132466987761,-0.78604788370285],[114.132445843801,-0.786167137403424],[114.132429936592,-0.786326151031005],[114.132427208949,-0.786466620638009],[114.132453272201,-0.786856249216498],[114.132516370434,-0.786991463185416],[114.132563654089,-0.787150519980457],[114.132571478191,-0.787259192257864],[114.132576636703,-0.787415569972552],[114.132565973441,-0.787609042023632],[114.132549917844,-0.787985389414132],[114.132523521843,-0.788083436201589],[114.132489234291,-0.788170874586172],[114.132441760879,-0.78828745999823],[114.132370555257,-0.78845968826397],[114.132304639448,-0.788594813200007],[114.132233444618,-0.788748486653276],[114.132167523413,-0.788894212797629],[114.132149020761,-0.788997565585134],[114.132143687781,-0.789095626761707],[114.132156787306,-0.789191052025387],[114.132185645651,-0.789342145323701],[114.132188184437,-0.789479967326599],[114.132153888791,-0.789578008718081],[114.132101056319,-0.789832411636439],[114.132093058648,-0.789975527048909],[114.13209986112,-0.790170707811853],[114.132113768236,-0.790569772077276],[114.132114728712,-0.790591148062958],[114.132175954557,-0.791952788190599],[114.132183632069,-0.792273492727475],[114.13218060675,-0.792843329256186],[114.132179654368,-0.794226839996611],[114.132193547994,-0.795077631027823],[114.132196842211,-0.795345382583264],[114.132204766137,-0.795989378107265],[114.132157185706,-0.796259686435349],[114.132064926955,-0.796413344600126],[114.132096457186,-0.796508783353602],[114.131762991269,-0.797088988166252],[114.131471268284,-0.79724392966358],[114.131070277671,-0.797456907110529],[114.130888590336,-0.797480633024747],[114.130817477345,-0.797515038388269],[114.130385452926,-0.797840735961131],[114.128744968106,-0.797854463212843],[114.128347201562,-0.797797403027687],[114.128014891274,-0.797531200104743],[114.127575540978,-0.797503995612885],[114.127444554723,-0.798026876738902],[114.126909437421,-0.799096364005948],[114.126546880234,-0.79964596758731],[114.126428833424,-0.800410494748462],[114.126373442381,-0.800925727140566],[114.126266234199,-0.801922945787283],[114.125895010247,-0.802669073718732],[114.125658311382,-0.80314481957771],[114.123670376187,-0.804006879114127],[114.123396119835,-0.804125809058803],[114.122031193585,-0.805733436249056],[114.118872565017,-0.80945371032044],[114.116540322578,-0.814954822806783],[114.116550286167,-0.817179896634855],[114.116289143729,-0.817036264112232],[114.115921222986,-0.816761067069535],[114.115683974636,-0.816414241723805],[114.115541665915,-0.816151161247035],[114.115316249945,-0.815864112938414],[114.115019516837,-0.815672640979528],[114.114497189694,-0.815445147575474],[114.111065805742,-0.814868899779867],[114.11069783104,-0.814671399665315],[114.110421186089,-0.814528935362034],[114.110390930197,-0.814550121590798],[114.110360846976,-0.814571538045982],[114.110330863578,-0.814593087600883],[114.110300903564,-0.81461467672591],[114.110268729418,-0.814638313607247],[114.110236866438,-0.814662394753668],[114.110205113176,-0.814686626086882],[114.110173268182,-0.81471071532718],[114.110141132707,-0.814734374691568],[114.110105325301,-0.814757310101754],[114.11006774533,-0.814777389265032],[114.110029443204,-0.814796368557495],[114.109991475626,-0.814816007053025],[114.109954893903,-0.814838060228226],[114.109919180926,-0.814862754712294],[114.109884375364,-0.814888599429253],[114.109850736223,-0.814915841692709],[114.109818528802,-0.814944741406634],[114.109788019302,-0.81497555397857],[114.109754838815,-0.81501174269772],[114.109722188029,-0.815048262367384],[114.109690020178,-0.815085141765849],[114.1096582876,-0.815122419563977],[114.109626945327,-0.815160127238016],[114.109596065306,-0.8151976388599],[114.109565239244,-0.815235163072259],[114.109534625423,-0.815272850961264],[114.109504381222,-0.815310852713651],[114.109474664025,-0.815349314918876],[114.109443825372,-0.815390681934389],[114.109413571279,-0.815432450047467],[114.109383682311,-0.815474469970752],[114.109353951624,-0.815516588819492],[114.109324164279,-0.815558653708877],[114.109303598582,-0.815589413220778],[114.109284145347,-0.815620879599862],[114.109264691213,-0.815652404434843],[114.10924413361,-0.815683327623447],[114.109221367272,-0.815712999855009],[114.109192975675,-0.815741706214737],[114.109161189138,-0.815766194754019],[114.109127178577,-0.81578786032145],[114.109092123003,-0.815808088772258],[114.109057201429,-0.81582826686099],[114.109012636424,-0.815853765338943],[114.108967508444,-0.815878218804698],[114.108922444315,-0.815902674968413],[114.10887807896,-0.815928180640981],[114.108835040105,-0.815955780834543],[114.108796761362,-0.815982157950202],[114.108758504202,-0.816008612407472],[114.108720267726,-0.816035137911229],[114.108682048338,-0.816061729065495],[114.108643843339,-0.816088376877019],[114.108599740586,-0.816119226321177],[114.108555656718,-0.816150132422649],[114.108511574649,-0.816181048416581],[114.108467482688,-0.816211932035003],[114.108423369143,-0.816242728419127],[114.108390465648,-0.816264929982481],[114.108357090008,-0.816286454356316],[114.108323532705,-0.816307725121362],[114.108290087817,-0.816329170354891],[114.108257053021,-0.816351217234853],[114.108226510245,-0.816372865715152],[114.108196424326,-0.816395159908666],[114.108166530861,-0.816417732892035],[114.10813656635,-0.816440220439802],[114.108106263693,-0.816462245735977],[114.108073027448,-0.816485577747187],[114.108039560078,-0.816508559922056],[114.108005847192,-0.816531167978951],[114.107971869007,-0.81655337493828],[114.107937612031,-0.816575161014839],[114.107897554429,-0.816598902217493],[114.107856673047,-0.816621165834079],[114.107815418447,-0.816642786435409],[114.107774241188,-0.816664594095698],[114.107733593631,-0.816687417090577],[114.107700265655,-0.81670669225997],[114.107666973652,-0.816726168877551],[114.107634377724,-0.816746641044574],[114.107603140672,-0.816768900164561],[114.107573921699,-0.816793742137463],[114.107535568312,-0.816830232129462],[114.107497510802,-0.816866961341134],[114.107459642149,-0.816903847034837],[114.107421852636,-0.816940803775026],[114.107384035245,-0.81697775242128],[114.107350980663,-0.817010147800033],[114.107318043893,-0.817042648399479],[114.107285116115,-0.817075167884639],[114.107252087614,-0.817107618122009],[114.107218847772,-0.817139911877405],[114.107191127968,-0.817163877011239],[114.107161219215,-0.81718511090412],[114.107129669199,-0.817204109082297],[114.107097030104,-0.817221369770323],[114.107063849617,-0.817237385796659],[114.107023362139,-0.817255254426414],[114.106982421402,-0.817271878394422],[114.10694136825,-0.8172881165533],[114.106900548921,-0.817304835849427],[114.106860299763,-0.817322896934115],[114.106827289248,-0.817338637767875],[114.106794319203,-0.817354488318927],[114.106761495746,-0.817370643740162],[114.106728919604,-0.817387295587196],[114.106696695996,-0.817404640811503],[114.10665016867,-0.817430949578636],[114.106603975893,-0.817457809630184],[114.106557934201,-0.817484916995284],[114.106511854738,-0.81751196500511],[114.106465554941,-0.817538653286192],[114.106434013919,-0.817556423889812],[114.106402370373,-0.817573930092749],[114.106370574842,-0.817591179089618],[114.106338583259,-0.817608173578321],[114.106306346161,-0.817624918055458],[114.106268405563,-0.817642935972685],[114.106229639386,-0.817658762242047],[114.106190171739,-0.817672790766608],[114.106150126727,-0.817685426241383],[114.106109627557,-0.817697060770683],[114.106063292687,-0.817709321228165],[114.10601683371,-0.817720147266925],[114.105970157097,-0.817729081132143],[114.105923165722,-0.817735666867463],[114.105875768752,-0.817739450315344],[114.105839365095,-0.817740946787239],[114.10580295874,-0.817742024175004],[114.105766553284,-0.817742676183514],[114.105730144231,-0.817742890222178],[114.105693730681,-0.817742660895021],[114.105656014014,-0.817742129395697],[114.105618297347,-0.817741483682482],[114.10558057978,-0.817740739043813],[114.105542863113,-0.817739906271584],[114.105505146445,-0.817738999754965],[114.10546917896,-0.817738199358359],[114.105433224963,-0.817737262264814],[114.105397292551,-0.817735709135604],[114.105361394313,-0.817733062430818],[114.105325541041,-0.81772884011383],[114.105280358202,-0.817720444942552],[114.105235940686,-0.81770906402204],[114.105192049274,-0.81769564703643],[114.105148436651,-0.817681147267081],[114.105104862699,-0.81766651439807],[114.105067712605,-0.817653949070461],[114.105030738778,-0.817641005128223],[114.10499381801,-0.817627949670111],[114.104956827995,-0.817615055190572],[114.104919641928,-0.817602587889098],[114.104870353684,-0.817587124046497],[114.104820912555,-0.817572769067965],[114.104771159362,-0.817559403343751],[114.104720928628,-0.81754691176053],[114.104670063872,-0.817535181003734],[114.104619664966,-0.81752508521447],[114.104569130261,-0.817517406802835],[114.104518537101,-0.817512507296328],[114.104467964625,-0.817510750021029],[114.104417492873,-0.817512499202451],[114.104373879351,-0.817516222395682],[114.104330274822,-0.817520987003888],[114.104286682884,-0.817526590679563],[114.104243102637,-0.817532840967772],[114.104199534081,-0.81753953821908],[114.104161419014,-0.817545423382512],[114.104123405571,-0.817551360706659],[114.104085517133,-0.817557783664711],[114.104047776184,-0.817565130226512],[114.104010203408,-0.817573825771376],[114.103968257229,-0.817585408140019],[114.10392685514,-0.817598481584582],[114.103885873934,-0.817612745731594],[114.103845192202,-0.817627890314839],[114.103804690334,-0.817643613162147],[114.103762102039,-0.817661018641047],[114.103719818615,-0.81767911929586],[114.103677576559,-0.817697264916774],[114.10363511327,-0.817714810689893],[114.103592163448,-0.817731103707445],[114.103556421692,-0.817743850698093],[114.103520675439,-0.817756579702348],[114.103484922891,-0.81776929161947],[114.103449164048,-0.81778199004674],[114.103413403406,-0.817794675883533],[114.103372735164,-0.817809082123404],[114.103332060626,-0.817823471276142],[114.103291386988,-0.817837852334947],[114.103250710652,-0.817852236091767],[114.103210043309,-0.817866632439063],[114.103169671843,-0.817881598956603],[114.103129764427,-0.817897365870692],[114.103089918165,-0.817913531184445],[114.103049738255,-0.817929697397574],[114.103008831692,-0.817945458016425],[114.102959281745,-0.817962823925143],[114.102909399949,-0.817977983796879],[114.102859314906,-0.817990675928911],[114.102809159715,-0.818000643115113],[114.102759071974,-0.818007621854235],[114.102707352862,-0.818009164191551],[114.102655393632,-0.818003229565363],[114.102603440696,-0.817990669633673],[114.102551732377,-0.817972331557826],[114.102500513288,-0.817949063398487],[114.102463419851,-0.817928831350457],[114.10242879865,-0.817907455364718],[114.102395387038,-0.817885800589181],[114.102361929559,-0.817864733970225],[114.102327168964,-0.817845117957802],[114.102284360335,-0.817822809375116],[114.102241521129,-0.817800502591069],[114.102198545227,-0.817778441321934],[114.102155316615,-0.817756859391523],[114.102111731871,-0.817735990623419],[114.102074097042,-0.817718655291685],[114.102036342603,-0.81770164371585],[114.101998482944,-0.817684897440017],[114.101960526157,-0.817668341820479],[114.101922485734,-0.817651913005307],[114.101881482045,-0.817634479647495],[114.101840350652,-0.817617485158792],[114.101799021408,-0.81760098529719],[114.101757416072,-0.817585043015299],[114.101715467195,-0.817569717668277],[114.101676808938,-0.817556949993218],[114.101637762173,-0.817545793903207],[114.10159838176,-0.817535949924093],[114.101558720758,-0.817527111387051],[114.101518836725,-0.8175189761198],[114.10147874315,-0.817511098058674],[114.101438619896,-0.817503604008095],[114.101398412107,-0.817496979601856],[114.101358064923,-0.817491714071309],[114.101317526183,-0.817488288553648],[114.101270511425,-0.81748557979563],[114.101223495768,-0.817482871037612],[114.10117648101,-0.817480163178914],[114.101129467151,-0.817477454420953],[114.101084807718,-0.8174578689854],[114.101075783021,-0.817512149366166],[114.101063088191,-0.817565585283489],[114.101048208008,-0.817617970792696],[114.101031630805,-0.81766962425371],[114.101013846712,-0.817720848738134],[114.100995350355,-0.817771955411388],[114.100981579037,-0.817809792587809],[114.100967822107,-0.817847604583221],[114.100953935676,-0.817885352726819],[114.100939776749,-0.817922991153068],[114.100925201437,-0.817960477593942],[114.100909413838,-0.817999989308021],[114.100893494939,-0.818039438968867],[114.10087753557,-0.818078872441959],[114.100861633757,-0.818118330196739],[114.100845890226,-0.818157849105432],[114.100831129653,-0.818194985709965],[114.100816342101,-0.818232113321301],[114.100801702037,-0.81826929758995],[114.100787391125,-0.818306608663022],[114.10077358923,-0.818344111291651],[114.100768303914,-0.818358868267126],[114.10076303029,-0.818373627041183],[114.100757761162,-0.818388386714616],[114.100752498329,-0.818403150884649],[114.100747236396,-0.818417913256042],[114.100721060728,-0.818444151876065],[114.10069488596,-0.818470391395408],[114.100668710293,-0.818496629116112],[114.100642534625,-0.818522867736135],[114.100616359857,-0.818549106356102],[114.100583682991,-0.818580105087733],[114.100549760563,-0.818609732353195],[114.100515221201,-0.818638702214287],[114.100480686335,-0.818667727833315],[114.100446784591,-0.81869752776862],[114.100418706858,-0.818723868911377],[114.100391446608,-0.818750903431408],[114.100364868044,-0.81877865920768],[114.100338835369,-0.81880717940777],[114.100313210986,-0.818836490111892],[114.100289402334,-0.818867124618066],[114.100268323125,-0.81889944984971],[114.100249315953,-0.81893300535387],[114.100231725214,-0.818967326181109],[114.100214894402,-0.819001950979214],[114.100203990122,-0.819038146892922],[114.100199855039,-0.819077404998211],[114.100196685828,-0.819116770122776],[114.100188688157,-0.819153281698561],[114.100170062299,-0.819183986351845],[114.10014282633,-0.819212211574268],[114.100115590362,-0.81924043589737],[114.100088354394,-0.819268662918432],[114.100061119325,-0.819296888140855],[114.100033696298,-0.819323340799485],[114.100023926963,-0.81924986438969],[114.100017627212,-0.819213149567133],[114.100010143953,-0.819176621803592],[114.100000839567,-0.819140769430931],[114.099989831865,-0.819105420678568],[114.099977238659,-0.819070407373374],[114.099963179557,-0.819035560442728],[114.099945578925,-0.818997434583878],[114.099926030362,-0.818960916712911],[114.099904722725,-0.818925505007996],[114.099881841274,-0.81889068235904],[114.09985757127,-0.818855945145685],[114.099835579249,-0.81882481421377],[114.09981274816,-0.818794327196372],[114.099787845932,-0.818766503970949],[114.099759635099,-0.818743359018754],[114.09972688269,-0.818726911317867],[114.099691647252,-0.8187161527282],[114.099656204071,-0.818707996776595],[114.099620583723,-0.818701663750744],[114.099584809591,-0.818696379334369],[114.099548913152,-0.818691362016693],[114.099510184747,-0.818686030835579],[114.099471436558,-0.81868097664568],[114.099432686569,-0.818675998898186],[114.099393945574,-0.818670897044228],[114.099355227961,-0.818665468736356],[114.099318159705,-0.818659857866123],[114.099281252428,-0.818653511350419],[114.099244586169,-0.818645882401484],[114.099208249061,-0.818636422432917],[114.099172324743,-0.818624584656789],[114.099139994115,-0.818607670207768],[114.09911117624,-0.81858491466204],[114.099083835051,-0.818559710262377],[114.099055941678,-0.8185354447549],[114.099025464554,-0.818515507684481],[114.098992456737,-0.81849896015882],[114.098959189015,-0.818482802039625],[114.098925831362,-0.818466775221452],[114.098892561842,-0.818450617102258],[114.098859555824,-0.818434066878638],[114.098826163996,-0.818415263853296],[114.098793462848,-0.818394910396762],[114.098760650184,-0.818374765582917],[114.098726929205,-0.818356591183715],[114.098691500412,-0.818342141776384],[114.098655400726,-0.818331814861324],[114.098618834292,-0.818323622037497],[114.098582037631,-0.818316503903475],[114.098545242769,-0.818309403755904],[114.098508687126,-0.818301257696817],[114.098464264214,-0.818290239203122],[114.098419840403,-0.818279218910789],[114.098375416592,-0.818268198618398],[114.098330992781,-0.818257180124704],[114.098229630193,-0.81822518764227],[114.098172086173,-0.818205139955182],[114.098114711225,-0.81818466688884],[114.098058094406,-0.818162335823104],[114.098002824771,-0.818136712339367],[114.097957715676,-0.818113417200379],[114.097912849399,-0.818089808198067],[114.097868124315,-0.818066019331297],[114.097823437002,-0.818042187297067],[114.097778687636,-0.818018454188291],[114.097734737768,-0.817995269665914],[114.097690789698,-0.817972086942234],[114.097646841628,-0.817948906017136],[114.097602893559,-0.817925725092095],[114.097558948187,-0.817902545965694],[114.097520201796,-0.817882307622369],[114.097481505767,-0.817862373249852],[114.097442845711,-0.817842565681815],[114.097404209936,-0.817822716744956],[114.097365585853,-0.817802652870114],[114.097327002239,-0.817782072784382],[114.097288692919,-0.817761007964123],[114.097250571557,-0.817739595106161],[114.097212557214,-0.817717967310273],[114.097174561757,-0.817696254978159],[114.097134004131,-0.817672439131741],[114.097093965414,-0.817647833680553],[114.097054252252,-0.817622694032082],[114.097014668592,-0.817597260305263],[114.096975023778,-0.817571778914441],[114.096929258179,-0.817545140995435],[114.096881693935,-0.81751872430965],[114.096836901402,-0.817489597966528],[114.09679944284,-0.817454840968082],[114.096773895799,-0.817411522423754],[114.096764184919,-0.817385421400047],[114.09675447404,-0.817359318577644],[114.09674476316,-0.817333216654561],[114.096735052281,-0.817307115630854],[114.096725339603,-0.81728101370777],[114.09656634576,-0.817114835181428],[114.09624642903,-0.817040481033303],[114.095954848138,-0.817014914206879],[114.095615947618,-0.816957855820363],[114.095435930324,-0.816900913446375],[114.09536184957,-0.816815638830633],[114.095333547006,-0.816612088976683],[114.095335741351,-0.816581260216935],[114.095337935697,-0.816550432356507],[114.095340130043,-0.81651960359676],[114.095342324389,-0.816488775736389],[114.095344518735,-0.816457947875961],[114.095343899102,-0.81640850404915],[114.095335883444,-0.816359490098364],[114.095321820746,-0.816311188410566],[114.095303065384,-0.81626387237975],[114.095280960948,-0.816217826191689],[114.095255949003,-0.816170432819149],[114.095230445129,-0.81612419867281],[114.095204476306,-0.816078746936569],[114.095185411578,-0.816046229250048],[114.095178066814,-0.816033699895286],[114.095151242736,-0.815988678934332],[114.095124201021,-0.815944587872366],[114.095096613418,-0.815901012121969],[114.095068863038,-0.81585753709561],[114.095041338387,-0.815813735615336],[114.095014426175,-0.815769195791688],[114.094996650175,-0.815737208705173],[114.094980691706,-0.815704343880327],[114.094966967152,-0.815670565344249],[114.094955884806,-0.815635826332255],[114.094947855659,-0.815600090871442],[114.094940262683,-0.815550320590773],[114.094934823583,-0.815500509840604],[114.094931309932,-0.815450655922973],[114.094929504093,-0.815400748945365],[114.094929184834,-0.815350786209763],[114.094929504993,-0.815312835718771],[114.094929899795,-0.815274884328403],[114.094930321577,-0.815236931139395],[114.094930713682,-0.815198980648404],[114.094931025746,-0.815161040049929],[114.094931266765,-0.815115451616748],[114.094931383676,-0.815069916243601],[114.094931377381,-0.815024414145341],[114.094931252375,-0.814978926436254],[114.094931065316,-0.814943708085593],[114.094931009559,-0.814933433331248],[114.094929237894,-0.814884133395992],[114.094924199892,-0.81483500343262],[114.094915345167,-0.81478629704992],[114.094902117938,-0.814738261561502],[114.09488396962,-0.814691154173374],[114.094863861678,-0.81464820794838],[114.094842768979,-0.814606668263082],[114.094820858796,-0.814566105241511],[114.094798293007,-0.814526074618584],[114.094775237987,-0.81448614831703],[114.094755120153,-0.814451590968076],[114.094734940265,-0.814417140638454],[114.094714629976,-0.814382793730886],[114.094694135326,-0.814348548446731],[114.094673393362,-0.814314397591318],[114.094648858058,-0.814274613382679],[114.094623761577,-0.814235089078068],[114.094597710916,-0.81419612325243],[114.09457029958,-0.814158006386833],[114.094541134566,-0.81412103076093],[114.094507168071,-0.814082954364778],[114.094471437107,-0.814046798920572],[114.094434966001,-0.814011487040432],[114.094398779081,-0.813975947631832],[114.094363898875,-0.813939106004909],[114.094329589739,-0.813900721141295],[114.094295378629,-0.813862231057044],[114.094261348283,-0.813823578195525],[114.094227568847,-0.813784696906168],[114.094194122161,-0.813745531431096],[114.094169090431,-0.813715278237453],[114.094144532644,-0.813684647328557],[114.094120169111,-0.813653856340352],[114.094095717443,-0.813623116613485],[114.094070900652,-0.813592650280555],[114.09403736763,-0.813552662825089],[114.094003214077,-0.813513260828302],[114.093968121632,-0.813474709590139],[114.093931773732,-0.813437280705898],[114.09389385112,-0.813401237676942],[114.093862884764,-0.813374347048409],[114.093831026281,-0.813348747846362],[114.093798502299,-0.813324083039959],[114.093765542146,-0.813300003692177],[114.09373237335,-0.813276158168094],[114.093700677644,-0.813254221005423],[114.093668508895,-0.813233008696329],[114.093636261904,-0.81321191959438],[114.093604335971,-0.813190353851724],[114.093573125899,-0.81316770622459],[114.093539993976,-0.813141891185296],[114.093507484383,-0.8131153189168],[114.093482067743,-0.813093484276806],[114.093475642987,-0.813087963338774],[114.093444521048,-0.813059799270263],[114.093414168929,-0.813030791637686],[114.093387011202,-0.813004049397307],[114.09335991283,-0.812977258593548],[114.093332868417,-0.81295042102505],[114.09330586987,-0.812923535792493],[114.093278907296,-0.812896604694515],[114.093252693857,-0.812870368772451],[114.093226516391,-0.812844104072099],[114.093200383891,-0.812817792607007],[114.093174310746,-0.812791416390723],[114.093148310446,-0.812764952940199],[114.093120373007,-0.812735556800476],[114.093093238662,-0.812705410626165],[114.093066792299,-0.812674637624355],[114.093040913407,-0.812643361002245],[114.093015485077,-0.812611703966923],[114.092992659384,-0.812582011050949],[114.092970499189,-0.812551827105096],[114.092948606993,-0.812521446207711],[114.092926579898,-0.81249116333646],[114.092904021304,-0.812461270770996],[114.092879270162,-0.812429456354266],[114.092854297788,-0.81239783439247],[114.092828897336,-0.812366567662934],[114.092802852969,-0.812335824338788],[114.092775955146,-0.812305766298039],[114.092750683297,-0.812279027654938],[114.092744961811,-0.812274683030125],[114.092724908728,-0.812252850188827],[114.092698718671,-0.812227118786438],[114.09267220216,-0.812201723730539],[114.09264544733,-0.812176552605763],[114.092616238249,-0.812149420059654],[114.092586903263,-0.812122461981971],[114.09255745856,-0.812095630708768],[114.092527929321,-0.81206888487111],[114.092498336229,-0.812042176804994],[114.092460498154,-0.812008472013304],[114.092422302148,-0.811975315808127],[114.0923836313,-0.811942689303635],[114.092344366,-0.811910571815417],[114.092304392034,-0.811878945357023],[114.092273637918,-0.811856915564135],[114.092241416109,-0.811837320236066],[114.092207923557,-0.811820022675874],[114.092173368007,-0.811804897877664],[114.092137949107,-0.811791811842568],[114.092101640778,-0.811779929999716],[114.092065229926,-0.811768835063617],[114.092028665291,-0.81175852163841],[114.091991898307,-0.811748998717292],[114.091954875917,-0.811740267199525],[114.09191686697,-0.811731817169573],[114.091878856224,-0.811723554198636],[114.091840803211,-0.811715525051397],[114.091802673755,-0.811707781888572],[114.091764433682,-0.811700373273538],[114.09172177524,-0.811692337831062],[114.091679094315,-0.81168460456081],[114.091636327055,-0.811677583553603],[114.091593413205,-0.811671686698958],[114.091550289814,-0.811667327684972],[114.091501784879,-0.811663935442198],[114.091453261959,-0.811661413743195],[114.091404721051,-0.811659631286886],[114.091356162157,-0.811658454973667],[114.091307586176,-0.811657755301098],[114.091254823851,-0.811657205815322],[114.091202064224,-0.811656658128243],[114.091149302798,-0.811656114038385],[114.091096543171,-0.811655569948527],[114.091043784443,-0.811655033952604],[114.091004235857,-0.81165463735158],[114.09096468817,-0.811654243448515],[114.090925139584,-0.811653854941426],[114.090885591897,-0.811653469132239],[114.09084604421,-0.811653084222428],[114.09079558235,-0.811652703809159],[114.090745119592,-0.811652807231212],[114.090694665826,-0.811653795586153],[114.090644228249,-0.811656071770244],[114.090593814053,-0.811660038679804],[114.090556886091,-0.811664198044241],[114.09052011731,-0.811669120933118],[114.090483425869,-0.811674381967123],[114.090446736228,-0.81167955396819],[114.090409969245,-0.811684211557065],[114.090368032958,-0.811689013037494],[114.090326090377,-0.811693751565315],[114.090284144198,-0.811698480200675],[114.090242203415,-0.811703244808825],[114.090200273424,-0.811708093953314],[114.090158274185,-0.811713308222522],[114.090116316315,-0.811718881321269],[114.090074360244,-0.811724479601025],[114.090032369998,-0.811729770312581],[114.089990306008,-0.8117344162103],[114.0899432247,-0.811738766231031],[114.089896100225,-0.81174257485992],[114.089848952367,-0.811746109195553],[114.089801800912,-0.811749629142014],[114.08975467284,-0.811753400898681],[114.08971172032,-0.811756946026208],[114.089668766001,-0.811760444388938],[114.089625824272,-0.811764089341182],[114.089582910423,-0.811768069740594],[114.089540043338,-0.811772580739955],[114.089496540433,-0.811778004551229],[114.08945314005,-0.811784182893689],[114.089409796325,-0.811790753340574],[114.089366455298,-0.811797346270453],[114.089323072002,-0.811803595659342],[114.089239599628,-0.81181476164187],[114.089156077791,-0.811825551707784],[114.089072537967,-0.811836260834696],[114.088989018828,-0.811847177705033],[114.088905559944,-0.811858591001112],[114.088853868711,-0.811866335063257],[114.088802316874,-0.811874954165773],[114.088750908927,-0.811884416832299],[114.088699649369,-0.811894691586701],[114.088648543595,-0.811905751449217],[114.08859842078,-0.811917279858505],[114.088548399589,-0.811929193177662],[114.088498420666,-0.811941251287692],[114.088448421058,-0.811953214069547],[114.08839834141,-0.811964843202929],[114.088351182761,-0.8119755550278],[114.088304016917,-0.811986219188611],[114.088256817798,-0.811996740357245],[114.08820956472,-0.812007027702123],[114.088162236098,-0.812016985895127],[114.088106704761,-0.812028131193244],[114.088051081692,-0.812038760280529],[114.087995387577,-0.812048983773536],[114.087939637704,-0.812058911389613],[114.087883853657,-0.812068649248715],[114.087826797968,-0.8120782872831],[114.087769682925,-0.812087568286586],[114.087712549894,-0.812096726982304],[114.087655438448,-0.812105997193953],[114.087598384558,-0.812115607349369],[114.087546349784,-0.812125043036247],[114.087494423829,-0.812135073175057],[114.087442535645,-0.812145339835524],[114.087390615085,-0.81215547519497],[114.087338584808,-0.812165114128675],[114.087293461324,-0.812172844700967],[114.0872482596,-0.812180009599729],[114.08720298503,-0.812186635804551],[114.087157625924,-0.812192752993099],[114.087112187677,-0.812198380950463],[114.087066548882,-0.812203525971881],[114.087020874114,-0.812208082836719],[114.086975157977,-0.812211975102514],[114.086929387881,-0.812215127226295],[114.086883556631,-0.81221746096702],[114.086825146563,-0.812219516817208],[114.086766719409,-0.812221077140975],[114.086708286858,-0.812222490875229],[114.086649865999,-0.812224109654892],[114.086591473018,-0.812226285114946],[114.086541437437,-0.812228564896316],[114.086491409051,-0.812230949898378],[114.086441380665,-0.812233370873344],[114.086391346883,-0.812235754976086],[114.086341304108,-0.812238030260858],[114.086289525641,-0.812240519584236],[114.086237742678,-0.812243141108013],[114.086185956117,-0.812245437976514],[114.086134156066,-0.812246955132821],[114.086082341627,-0.812247239318594],[114.086034284555,-0.81224677706706],[114.085986228382,-0.812246295929754],[114.08593817131,-0.812245804000611],[114.085890114237,-0.812245303977534],[114.085842057165,-0.812244804853833],[114.085762943805,-0.812243984672079],[114.085683830445,-0.812243160893104],[114.085604715285,-0.812242338912768],[114.085525603724,-0.812241525026309],[114.085446490363,-0.812240722831064],[114.085395559058,-0.812240212915469],[114.085344629551,-0.812239706597154],[114.085293702742,-0.812239200278839],[114.085242774135,-0.812238694859843],[114.085191843729,-0.812238189440848],[114.085149011718,-0.812237762262896],[114.085106178807,-0.812237335084887],[114.085063345897,-0.812236906108296],[114.085020511188,-0.812236476232329],[114.084977680076,-0.812236043658459],[114.084931523271,-0.812235361073022],[114.084885370963,-0.812234357429588],[114.084839218655,-0.812233217988592],[114.084793067246,-0.812232128909557],[114.08474691224,-0.812231269157678],[114.084702626925,-0.812230713376664],[114.084658338012,-0.812230291594631],[114.084614049099,-0.81222992826855],[114.084569761985,-0.812229536164125],[114.084525476669,-0.81222902984581],[114.084469448007,-0.812228170993251],[114.084413421143,-0.81222713767221],[114.084357394278,-0.812226018915567],[114.084301367414,-0.812224894763062],[114.084245342349,-0.812223856945423],[114.084193088141,-0.812223189648421],[114.084140832134,-0.812222926147058],[114.08408857163,-0.812222968415199],[114.084036311127,-0.81222321662807],[114.083984053322,-0.812223577256248],[114.083937676183,-0.81222519783455],[114.083891448332,-0.812229072113951],[114.083845320305,-0.812234738742177],[114.083799242641,-0.812241740863612],[114.083753173071,-0.812249611730124],[114.083713370875,-0.812257821641083],[114.083674336701,-0.812268383279218],[114.083636060656,-0.812281519676333],[114.083598537343,-0.812297458360945],[114.083561757769,-0.812316425962251],[114.083525717438,-0.812337891880134],[114.083491285095,-0.812360830887599],[114.083458494014,-0.812385436338786],[114.083427372076,-0.812411910581147],[114.083397948057,-0.812440454163607],[114.083365541886,-0.812474211115898],[114.083333234641,-0.812508034618077],[114.083300960671,-0.81254187610665],[114.083268657023,-0.812575679823738],[114.083236259846,-0.812609390910609],[114.083205837579,-0.812640850994455],[114.083175371246,-0.812672267011465],[114.083144887826,-0.812703673135957],[114.083114420594,-0.812735101743499],[114.083084004623,-0.812766587907674],[114.083053832368,-0.812798672120948],[114.08302452706,-0.812831559428901],[114.08299623259,-0.812865335266963],[114.082969085655,-0.81290008776881],[114.082943231045,-0.81293590057129],[114.082921313668,-0.812970209707373],[114.082901310048,-0.813005625009566],[114.082882197655,-0.81304156371715],[114.08286295756,-0.813077434975582],[114.082842574425,-0.813112652426923],[114.082820369265,-0.813148297955536],[114.082797685665,-0.813183536091287],[114.082774386928,-0.813218391115811],[114.082750337258,-0.813252886411533],[114.082725401756,-0.813287041763544],[114.082698967983,-0.813319626899215],[114.08267039832,-0.813349886388096],[114.082639817773,-0.813378163771176],[114.082607360342,-0.813404805287462],[114.082573158225,-0.813430144585482],[114.082541761993,-0.813451643778308],[114.082509754222,-0.813471500809044],[114.082476876806,-0.813488970139815],[114.08244287344,-0.813503313427134],[114.082407492312,-0.813513782435052],[114.082369244145,-0.813522518449417],[114.082330992381,-0.813531190611911],[114.082292731624,-0.813539812412387],[114.082254462773,-0.813548388347385],[114.08221618403,-0.813556923812939],[114.082179352295,-0.813565047388977],[114.082142502574,-0.813573090026011],[114.082105660048,-0.813581152448194],[114.082068839106,-0.813589329983529],[114.082032057733,-0.813597719758889],[114.081974200749,-0.813612590948253],[114.08191691933,-0.813629604322728],[114.081859987748,-0.813647911821647],[114.081803185668,-0.813666653693076],[114.081746291858,-0.813684974681792],[114.081696758099,-0.813701263202688],[114.081647628136,-0.813718433958513],[114.081598466696,-0.81373573691468],[114.081548842105,-0.81375242293592],[114.081498318193,-0.813767741088327],[114.08144561882,-0.813779666997959],[114.081392443706,-0.813786851681812],[114.081338957427,-0.813790646820848],[114.081285324558,-0.813792404096148],[114.081231714172,-0.813793477886634],[114.081180308025,-0.813793382558515],[114.0811288713,-0.81379172510799],[114.081077440871,-0.813789852719481],[114.081026050912,-0.81378911257741],[114.080974735596,-0.813790851866258],[114.080915784136,-0.813795356570381],[114.080856883938,-0.813800647281994],[114.08079799633,-0.813806230273258],[114.080739088938,-0.813811611816391],[114.080680127586,-0.813816298183553],[114.080625500067,-0.813820543882969],[114.080570865353,-0.81382505308369],[114.080516213553,-0.813829061362071],[114.080461530275,-0.813831810589534],[114.080406800234,-0.81383254173835],[114.080355924686,-0.813832038117994],[114.080305050038,-0.813831512913964],[114.08025417539,-0.813830978716624],[114.080203299842,-0.813830441821381],[114.080152425194,-0.813829918415934],[114.080098265323,-0.813829368930158],[114.080044103653,-0.813828821243078],[114.079989943781,-0.81382827805254],[114.079935783909,-0.813827733063363],[114.079881624038,-0.813827189872882],[114.079836802726,-0.81382724113422],[114.079792005697,-0.813828169234569],[114.079747223955,-0.813829796108166],[114.079702446711,-0.813831942789875],[114.079657670365,-0.813834435710589],[114.079603461031,-0.813839522276112],[114.079549766109,-0.813848160264342],[114.079496480378,-0.813859914403452],[114.079443487827,-0.813874362911463],[114.079390685931,-0.813891074113712],[114.079347906081,-0.813906889591237],[114.079306627199,-0.813925047802684],[114.079266593878,-0.813945528063641],[114.079227563302,-0.813968316884257],[114.07918928186,-0.813993389982897],[114.079156816334,-0.814016355070692],[114.079125401216,-0.814040093575386],[114.079095247847,-0.814065005695397],[114.07906656487,-0.814091494326931],[114.079039562726,-0.814119957869707],[114.079008325674,-0.814156758127865],[114.078978122842,-0.81419427514561],[114.078953098307,-0.81422588181897],[114.078948268048,-0.814231981920386],[114.078918068814,-0.814269361341928],[114.078886838956,-0.81430588640751],[114.078857592104,-0.814338592052309],[114.078828185173,-0.814371169993478],[114.078798625356,-0.814403609438955],[114.07876891895,-0.81443590679163],[114.078739068653,-0.814468054856775],[114.078708021358,-0.814498537377574],[114.078675287834,-0.814527494648132],[114.078642619961,-0.814556460012568],[114.078611768718,-0.814586968613639],[114.078584484187,-0.814620551996825],[114.078560116156,-0.814655392632233],[114.078535748126,-0.814690234166903],[114.078511380096,-0.814725074802311],[114.078487012965,-0.814759916337039],[114.078462644935,-0.81479475697239],[114.0784569873,-0.814798999074526],[114.078451328766,-0.814803242075925],[114.078445671131,-0.814807483278685],[114.078440012597,-0.814811727179404],[114.078434354962,-0.814815968382163],[114.0784023346,-0.814839995569287],[114.078370287259,-0.814864065024551],[114.078338218334,-0.81488815156689],[114.078324133152,-0.814898725795501],[114.07830613502,-0.81491223720991],[114.078274049008,-0.814936294973961],[114.078241401819,-0.814960431878376],[114.078208508216,-0.814984206355973],[114.078175421259,-0.815007721828863],[114.078142197604,-0.815031071826468],[114.078108896608,-0.815054357972201],[114.07807050545,-0.815080523747099],[114.078031634952,-0.815105886427489],[114.077992395733,-0.815130657353905],[114.077952890314,-0.815155046967789],[114.077913222118,-0.81517926481115],[114.077866142608,-0.815207902822408],[114.07785642993,-0.815213609920136],[114.077818646713,-0.81523581058417],[114.077770414273,-0.815261888225507],[114.077721114338,-0.815285032278382],[114.077670424051,-0.815304139274588],[114.077632640834,-0.81531608856659],[114.077594607605,-0.815327568412499],[114.07755637023,-0.815338708314698],[114.077517973676,-0.815349635077553],[114.077479465605,-0.815360471008887],[114.077427159236,-0.815375025636854],[114.077374753942,-0.815389427380126],[114.07732234505,-0.815403823727422],[114.077270015299,-0.815418363066954],[114.077217857318,-0.815433195585456],[114.077177154902,-0.81544532024526],[114.077136596377,-0.815458067235966],[114.077096161059,-0.815471314249692],[114.077055830063,-0.815484938978727],[114.077015581804,-0.81549882541043],[114.076979490211,-0.815511710896715],[114.076943592873,-0.815525100902619],[114.076907830432,-0.815538871321792],[114.076872140837,-0.815552882759278],[114.076836463832,-0.815567002115415],[114.076791395207,-0.815584279890572],[114.076746191683,-0.815601526189425],[114.076701606894,-0.815620018948664],[114.076658389073,-0.81564104060152],[114.076617291855,-0.815665870883208],[114.076587050352,-0.815686566981412],[114.07655686101,-0.815707309844413],[114.076526704943,-0.815728084183718],[114.076496565065,-0.815748875610097],[114.076466421588,-0.815769667935797],[114.07642542959,-0.815797931829024],[114.076384437592,-0.815826194822989],[114.076343451889,-0.815854462313553],[114.076302467985,-0.815882734300715],[114.076261490375,-0.815911012583115],[114.076231032136,-0.815932757290852],[114.076201046941,-0.815955164798993],[114.076171202039,-0.815977783647725],[114.07614116918,-0.816000165974856],[114.076110614713,-0.816021857622559],[114.076079481083,-0.816042329789639],[114.076047717928,-0.816061741656029],[114.076015473635,-0.816080355823715],[114.07598290109,-0.816098435794117],[114.075950147781,-0.816116251363837],[114.075911538986,-0.816137314385514],[114.075872887924,-0.816158259595966],[114.075833955373,-0.816178571683679],[114.075794509309,-0.816197732639182],[114.075754313211,-0.816215226251643],[114.075709043138,-0.81623358860918],[114.075663773964,-0.816251951866036],[114.075618503891,-0.816270315122892],[114.075573233818,-0.816288676581109],[114.075522134339,-0.816297077148363],[114.075495063846,-0.816250996786039],[114.075470652649,-0.816209297021373],[114.075446333182,-0.816167545096107],[114.075422046091,-0.816125771587053],[114.075397728422,-0.816084007071197],[114.075373321721,-0.81604228032694],[114.075351597698,-0.816006486410174],[114.075328207231,-0.815971568433099],[114.075302546875,-0.815938407731267],[114.075274022178,-0.815907890136998],[114.075242032394,-0.815880900583068],[114.075205895835,-0.815855435380001],[114.075169169322,-0.815831411790157],[114.075131958973,-0.815808461091535],[114.075094367311,-0.815786216360721],[114.075056495061,-0.81576429898314],[114.075017492363,-0.815741922052041],[114.074978447397,-0.815719627858471],[114.074939408727,-0.815697330966998],[114.074900421317,-0.815674945042645],[114.074861531035,-0.815652388247088],[114.074824280216,-0.815630613861686],[114.074787059076,-0.815608788214945],[114.074749882001,-0.815586886125857],[114.074712765182,-0.815564878816076],[114.074675720308,-0.815542742003913],[114.074638745582,-0.815520336294412],[114.07460195072,-0.815497642801915],[114.074565300648,-0.815474712787704],[114.074528771985,-0.815451585821961],[114.074492335953,-0.815428309568802],[114.074452710025,-0.815402514314542],[114.074413344001,-0.815376321559938],[114.074374092191,-0.815349955236172],[114.074334799911,-0.815323640173801],[114.074295319673,-0.815297603901229],[114.074259621984,-0.815274504814511],[114.074223755222,-0.815251695309428],[114.074187657335,-0.815229252727761],[114.074151271664,-0.815207260706472],[114.074114537056,-0.815185792989894],[114.074075259166,-0.815163865719796],[114.074035564889,-0.815142787409684],[114.073995519877,-0.815122415067378],[114.073955186183,-0.815102622787776],[114.073914628557,-0.815083275672578],[114.073871915257,-0.815063495084189],[114.073829025689,-0.815044117392063],[114.073786093853,-0.815024846719268],[114.073743250151,-0.815005389886778],[114.073700625883,-0.814985445621744],[114.073652951922,-0.814962467943474],[114.07360541286,-0.81493920697875],[114.073557969125,-0.814915752659829],[114.073510581148,-0.814892194918798],[114.07346320936,-0.814868624587291],[114.073425417149,-0.814849207324983],[114.073388055714,-0.814829102081376],[114.073350795003,-0.814808709953979],[114.073313299569,-0.814788424845858],[114.073275236663,-0.814768646056109],[114.073239564155,-0.814752704673538],[114.07320279897,-0.814739810194055],[114.073165306234,-0.81472938615218],[114.07312743938,-0.814720863277159],[114.073089566231,-0.814713665103511],[114.073051273997,-0.814708361801422],[114.073012246118,-0.814706275374249],[114.07297305816,-0.814707973294276],[114.072934282092,-0.814714024832313],[114.072896488083,-0.814724998359964],[114.072850240446,-0.814743318449359],[114.072805519859,-0.814763624241834],[114.072761996269,-0.814785839294984],[114.072719339626,-0.814809891663117],[114.07267721718,-0.814835703105189],[114.072629861579,-0.81486618832389],[114.072583213744,-0.814897068344976],[114.072537127087,-0.814928516737609],[114.072491457715,-0.81496071516483],[114.072446065334,-0.814993833598521],[114.072404137141,-0.815026006844676],[114.072363592106,-0.81505929794821],[114.072324199103,-0.815093968611734],[114.072285721609,-0.815130290430488],[114.072247931197,-0.815168524207991],[114.072222850904,-0.815196357325988],[114.072199963158,-0.81522575616367],[114.072180151992,-0.815256844827502],[114.072164304139,-0.815289747423833],[114.072153302733,-0.815324587159921],[114.072145019077,-0.815365642110635],[114.072138456724,-0.815406883221044],[114.072132682178,-0.815448196277202],[114.072126761941,-0.815489464367261],[114.072119764316,-0.815530569679993],[114.072112031945,-0.815572532945964],[114.072104383211,-0.81561450340655],[114.072096062683,-0.815656340767475],[114.072086312234,-0.815697911929021],[114.072074374633,-0.815739073899067],[114.072058309144,-0.815775423596847],[114.072036802756,-0.81580899259086],[114.07201268204,-0.81584119101808],[114.071988769966,-0.81587343710936],[114.071967888607,-0.815907144599009],[114.071951017326,-0.815941487909299],[114.071935476141,-0.815976583052816],[114.071920326162,-0.816012001952288],[114.0719046231,-0.816047317429707],[114.071887428962,-0.816082101407801],[114.071868898431,-0.816115611046541],[114.071848739228,-0.816147859835837],[114.071826019655,-0.816178256021658],[114.071799816109,-0.816206199756266],[114.07176919869,-0.816231099285744],[114.071728059203,-0.816256401711541],[114.071685698436,-0.816276311802312],[114.071642254886,-0.816291793631308],[114.071597857155,-0.816303813969796],[114.071552641941,-0.816313343186209],[114.071509879178,-0.816321359742915],[114.071467129005,-0.816329191938621],[114.071424350054,-0.816336742646513],[114.071381500956,-0.816343910243233],[114.071338541241,-0.816350592205993],[114.071294359347,-0.816357163552198],[114.071250209829,-0.81636360809398],[114.071206021641,-0.816369778342562],[114.071161731829,-0.816375525010415],[114.07111726485,-0.816380698810178],[114.071071159307,-0.816384880657665],[114.071025021388,-0.816387587617044],[114.070978863684,-0.816389084988259],[114.070932712275,-0.81638962817874],[114.070886579752,-0.816389474394668],[114.070844692029,-0.816388792708551],[114.070802809702,-0.816387382571577],[114.070760940865,-0.81638507131396],[114.070719090913,-0.816381679071185],[114.070677272438,-0.816377033173467],[114.070633220047,-0.81637061741003],[114.07058945364,-0.816363108070959],[114.070545814937,-0.816355184144413],[114.070502143859,-0.816347527316509],[114.070458288419,-0.816340821072004],[114.070415063405,-0.816334842379035],[114.070371820403,-0.81632899138981],[114.070328524342,-0.816323701577517],[114.070285138348,-0.816319407314722],[114.070241629148,-0.816316536678755],[114.070191714076,-0.816314511405551],[114.070141795408,-0.816313005041081],[114.070091874041,-0.816311961827523],[114.070041947278,-0.816311322409547],[114.06999201512,-0.816311022935338],[114.069942647735,-0.816310878144463],[114.06989328125,-0.816310734252909],[114.069843913866,-0.816310588562771],[114.069794547381,-0.816310443771897],[114.069745179996,-0.816310299880399],[114.069704716799,-0.816310181169854],[114.069664253602,-0.816310060660726],[114.069623792204,-0.816309941050918],[114.069583329008,-0.816309821441052],[114.069542865811,-0.816309699133285],[114.06950005988,-0.81630771073219],[114.069457592994,-0.816302445201643],[114.069415375219,-0.816294560845279],[114.069373318424,-0.816284719564123],[114.069331331776,-0.816273582359884],[114.069293332721,-0.816262080030924],[114.069256274358,-0.816248646857503],[114.069220127007,-0.816233092183438],[114.069184858295,-0.816215220855725],[114.069150435844,-0.816194843117444],[114.069112154402,-0.816169735844596],[114.069075046576,-0.816143728350312],[114.069039230176,-0.816116479791674],[114.06900481492,-0.816087659218056],[114.06896402437,-0.816049145751435],[114.06895684778,-0.816092238565886],[114.06894967209,-0.816135333179034],[114.068942496399,-0.816178425094222],[114.068935319809,-0.816221519707312],[114.068928144119,-0.81626461342114],[114.068923116908,-0.8163073222251],[114.068921340747,-0.816350352087056],[114.068921543095,-0.816393567209332],[114.068922448712,-0.816436832693626],[114.068922782361,-0.816480011842998],[114.068922409142,-0.816522153174787],[114.068922081789,-0.81656429630516],[114.068921883039,-0.816606436737629],[114.068921888434,-0.816648578069362],[114.068922180714,-0.816690717602512],[114.068922748186,-0.816727711214867],[114.068923755427,-0.8167647084245],[114.068925370609,-0.816801675956526],[114.068927768202,-0.816838585032599],[114.068931111881,-0.816875406874487],[114.068935591405,-0.816917603964214],[114.068940126686,-0.816959784866128],[114.068944714127,-0.817001955875526],[114.068949349233,-0.817044129582882],[114.068954026607,-0.817086309585477],[114.068958156294,-0.817123266325609],[114.06896230037,-0.817160221267159],[114.068966437251,-0.817197178007291],[114.068970554348,-0.8172341356468],[114.068974627377,-0.817271098682227],[114.06898015461,-0.817321820445613],[114.068985651267,-0.817372549403558],[114.068991127239,-0.817423281059519],[114.06899660411,-0.817474013614799],[114.069002089075,-0.817524741673424],[114.069006646839,-0.817566453129245],[114.069011254966,-0.81760815559187],[114.06901587838,-0.817649858054438],[114.069020473916,-0.81769156861094],[114.0690250047,-0.817733296254573],[114.069028359172,-0.817770163062505],[114.069030674926,-0.817807110809497],[114.06903220827,-0.817844115213688],[114.069033210115,-0.817881143000307],[114.069033936767,-0.817918166290269],[114.069034418803,-0.817960795953923],[114.069034524923,-0.818003430114175],[114.069034561796,-0.818046065173746],[114.069034839686,-0.818088693038703],[114.069035667062,-0.818131311910463],[114.06903568415,-0.81813192704675],[114.069035702136,-0.818132541283717],[114.069035717425,-0.818133156420004],[114.06903573721,-0.818133769757594],[114.069035754297,-0.818134384893881],[114.069038218439,-0.818177809558222],[114.069040681682,-0.818221236021202],[114.069043144925,-0.818264660685486],[114.069045609068,-0.818308088047786],[114.06904807321,-0.81835151271207],[114.069051538298,-0.81839985397005],[114.069056243551,-0.818448087309321],[114.069061893092,-0.818496244206244],[114.069068185648,-0.818544344445911],[114.069074825343,-0.818592416806553],[114.069080561219,-0.818631555301977],[114.069086814205,-0.818670576885552],[114.069093569912,-0.818709505838967],[114.069100810354,-0.818748358350035],[114.06910852294,-0.818787154203733],[114.069117604294,-0.818830100428727],[114.069127219845,-0.818872882977132],[114.069137376789,-0.818915526130581],[114.069148084117,-0.818958063164018],[114.069159349924,-0.81900051566123],[114.069170980856,-0.819042746025843],[114.069183004792,-0.81908487566642],[114.0691955962,-0.819126766986642],[114.069208933146,-0.819168280591612],[114.069223196393,-0.819209281583028],[114.069237851745,-0.819249074784921],[114.069252797579,-0.819288858094296],[114.069267870216,-0.819328638705656],[114.069282903283,-0.819368421115712],[114.069297730406,-0.81940820622367],[114.069311764326,-0.819446904051347],[114.069325494276,-0.819485606375565],[114.069339167569,-0.81952430959916],[114.069353030618,-0.819563010124796],[114.069367331637,-0.819601705254456],[114.069384782082,-0.819645384426906],[114.069403709214,-0.819688368423442],[114.069423868417,-0.819730791242989],[114.069445014176,-0.819772782387929],[114.069466899178,-0.819814469562061],[114.069488702342,-0.819854690841282],[114.069510876026,-0.819894666605535],[114.069533171119,-0.819934553336907],[114.069555346602,-0.819974508416806],[114.069577156061,-0.820014687427829],[114.069601780398,-0.820061367637948],[114.069559047312,-0.820058314439621],[114.069524265133,-0.820070395032644],[114.069489483853,-0.820082477424364],[114.069454702573,-0.820094558017388],[114.069419922192,-0.820106641308428],[114.069373417349,-0.820125453326966],[114.069328774104,-0.82014866842627],[114.069286128252,-0.820175853133094],[114.069245615593,-0.820206572175493],[114.069207367426,-0.820240387583794],[114.069166588567,-0.820280386730417],[114.069127424891,-0.820321269910607],[114.069089668653,-0.820363095580376],[114.069053113011,-0.820405913202308],[114.069017554716,-0.820449779433716],[114.068993512241,-0.820480112667042],[114.068969517429,-0.820510445000991],[114.068945694388,-0.820540888850871],[114.068922166325,-0.820571559329949],[114.06889905195,-0.820602569752737],[114.068872952725,-0.820638641560038],[114.068847134088,-0.820674913016774],[114.068821379303,-0.820711225842331],[114.06879547703,-0.820747428950654],[114.068769220423,-0.820783363161638],[114.068736054326,-0.820827669161531],[114.068702595948,-0.8208717512303],[114.068668999974,-0.820915732574974],[114.068635421088,-0.820959736402642],[114.068602019368,-0.821003883222602],[114.068573142137,-0.821042456044438],[114.068544521213,-0.821081181751083],[114.068516278004,-0.821120200636699],[114.06848853212,-0.821159651196922],[114.068461404071,-0.821199665632037],[114.068434568301,-0.821242467066156],[114.068409731724,-0.821286377364402],[114.068386459068,-0.821331132125977],[114.068364310565,-0.821376467849689],[114.068342850942,-0.821422120134685],[114.068324409444,-0.821461991577621],[114.068306183783,-0.821501924174413],[114.068288225222,-0.82154195389802],[114.068270583221,-0.821582120318567],[114.068253306345,-0.8216224594089],[114.068236900013,-0.821661332604378],[114.068220624982,-0.82170025256454],[114.068204640432,-0.821739289436607],[114.068189102845,-0.821778518763608],[114.068174175898,-0.821818016088514],[114.068157513259,-0.821864119833208],[114.06814126161,-0.821910377361974],[114.068125300442,-0.821956741910071],[114.068109505649,-0.822003173907319],[114.068093763017,-0.822049623890962],[114.068078405294,-0.822095893110941],[114.068063472052,-0.822142308021057],[114.068048680003,-0.822188776890471],[114.068033742263,-0.82223520618976],[114.068018376447,-0.822281505986666],[114.068003500761,-0.822323132006886],[114.067987312964,-0.82236425440675],[114.067969850828,-0.822404860595782],[114.067951150325,-0.822444937084128],[114.067931251926,-0.822484466784658],[114.067913455242,-0.822516801908819],[114.067894650418,-0.822548514702135],[114.067875437302,-0.82257995500089],[114.067856403151,-0.822611476238592],[114.067838146014,-0.822643420157647],[114.067818470646,-0.822681155710711],[114.067799763848,-0.82271944524615],[114.067781214432,-0.822757843599561],[114.067762007611,-0.822795904707164],[114.067741337593,-0.822833181605972],[114.06771454589,-0.822876714188965],[114.067686434881,-0.822919295289182],[114.067657341813,-0.822961226179586],[114.067627609327,-0.823002802737108],[114.067597571071,-0.823044321737996],[114.067480723057,-0.823210228669097],[114.06692999892,-0.82354108835051],[114.066324099578,-0.82419460319835],[114.066022675606,-0.824699000558383],[114.065785304948,-0.825096214918347],[114.065433666431,-0.826126305584467],[114.065429214786,-0.826148836299694],[114.065424764941,-0.826171366115602],[114.065420314196,-0.82619389773015],[114.065415862552,-0.826216429344697],[114.065411412707,-0.826238959160605],[114.065402631726,-0.826281089700501],[114.065393127691,-0.826323056563751],[114.065383123632,-0.826364918206366],[114.06537284618,-0.826406730386225],[114.065362520164,-0.826448542566141],[114.065349684141,-0.826499088062405],[114.065336010848,-0.826549368258668],[114.065321413053,-0.826599372363091],[114.065305804419,-0.826649085986503],[114.065289094116,-0.826698497437633],[114.065273738193,-0.826739800601274],[114.06525700091,-0.826780403193027],[114.065238985691,-0.826820392447132],[114.065219798655,-0.82685983941002],[114.065199547721,-0.826898834013946],[114.065181392208,-0.826932460564535],[114.065162983085,-0.826965927035872],[114.065144315858,-0.826999240622399],[114.065125378833,-0.827032418411306],[114.065106165717,-0.827065465798569],[114.065086431893,-0.827097702896651],[114.065065975914,-0.827129513716045],[114.065045543317,-0.827161337125972],[114.065025888634,-0.827193608398261],[114.065007762798,-0.827226764603438],[114.064990055147,-0.827261682580513],[114.064972346597,-0.827296599658325],[114.064954638945,-0.827331516736081],[114.064936931294,-0.827366434713156],[114.064919222744,-0.827401351790911],[114.064907722214,-0.827417137590771],[114.064896220784,-0.827432923390631],[114.064884721153,-0.827448708291229],[114.064873219723,-0.827464493191769],[114.064861719193,-0.827480278991629],[114.064832111713,-0.827519206146405],[114.064801186726,-0.827557241173679],[114.064769470335,-0.827594740205029],[114.064737485047,-0.82763205487538],[114.064705759663,-0.827669543114894],[114.064681162306,-0.827698946449175],[114.064656478614,-0.827728258052616],[114.06463171668,-0.827757495911669],[114.064606877405,-0.827786679811368],[114.064581966185,-0.827815824140941],[114.064552995424,-0.827848442551556],[114.064523032712,-0.827880051922818],[114.064492212945,-0.827910868092033],[114.064460672822,-0.827941120386356],[114.064428543642,-0.827971027340993],[114.064396677964,-0.827999160832576],[114.064363715113,-0.828025719611219],[114.064329586741,-0.828050514819381],[114.064294225398,-0.828073354901335],[114.064257553743,-0.828094050999596],[114.064216598617,-0.828114481797854],[114.064175156059,-0.828133404433004],[114.064133296215,-0.828151184929197],[114.064091093729,-0.828168190209738],[114.064048621447,-0.828184790795433],[114.063990752771,-0.828205069608202],[114.063931911928,-0.82822299669391],[114.063872937086,-0.828240663875476],[114.063814657421,-0.828260168372026],[114.063757911099,-0.828283601107273],[114.063713480093,-0.82830620286893],[114.063670371091,-0.828331270571653],[114.063628282819,-0.828358214260106],[114.063586922099,-0.828386440381848],[114.063545984959,-0.828415358981601],[114.063512391684,-0.828440111022246],[114.063479366779,-0.82846556183614],[114.063446490263,-0.8284911727294],[114.063413334058,-0.828516412202589],[114.063379480878,-0.828540736166019],[114.06334500177,-0.828564346067651],[114.063310189913,-0.828587484724608],[114.063274854651,-0.828609747441817],[114.063238808924,-0.828630725927212],[114.063201859378,-0.828650020881696],[114.063156613587,-0.828671741307744],[114.063111146562,-0.828692978797903],[114.063065587807,-0.828714004047981],[114.063020059628,-0.828735078760815],[114.062974693328,-0.82875646823635],[114.062929799171,-0.828777565432233],[114.062884799794,-0.828798427905099],[114.062839972187,-0.828819615932503],[114.062795587946,-0.82884167989954],[114.062751923163,-0.828865177385978],[114.062712765782,-0.828888268378819],[114.062674316167,-0.828912527591001],[114.06263630722,-0.828937517052736],[114.062598476339,-0.828962794297468],[114.062560559123,-0.828987915060168],[114.06252680217,-0.829010148099826],[114.062493147741,-0.829032516937048],[114.062459523888,-0.829054934337705],[114.062425861364,-0.829077308570902],[114.062392090023,-0.829099555999676],[114.062359071414,-0.829120485921635],[114.062325527601,-0.829140438280547],[114.062291433403,-0.829159503008611],[114.062256760041,-0.829177759246136],[114.062221478738,-0.829195294227418],[114.062178794216,-0.82921443629715],[114.06213538574,-0.829231171781089],[114.062091306369,-0.829245799254181],[114.062046605566,-0.829258622687234],[114.062001338191,-0.829269940655195],[114.06195495116,-0.829280297247863],[114.061908511968,-0.829289581848684],[114.061861943274,-0.829297727008452],[114.061815170434,-0.829304667975975],[114.061768117005,-0.829310336402841],[114.061725600656,-0.829314506559172],[114.061683081609,-0.829317969848375],[114.061640556267,-0.829320677707074],[114.061598020133,-0.82932258337047],[114.061555471408,-0.829323639174561],[114.061503040933,-0.829324241720315],[114.061450564592,-0.829324133801663],[114.061398095446,-0.82932271916809],[114.061345683856,-0.829319405166359],[114.061293384682,-0.829313593747315],[114.061249879079,-0.829307165393345],[114.06120657942,-0.829300202842035],[114.061163384083,-0.829293003769067],[114.06112019594,-0.829285871245929],[114.061076914268,-0.829279099350913],[114.061030491264,-0.829272165577947],[114.060984064663,-0.829265344220232],[114.060937602089,-0.829258745894379],[114.060891080159,-0.829252482116317],[114.0608444656,-0.829246668898577],[114.060789037684,-0.829241747808339],[114.060733423609,-0.829239664978502],[114.060677719601,-0.829239703649364],[114.060622013795,-0.82924115515516],[114.060566397921,-0.829243298239589],[114.060513283062,-0.829245669751799],[114.060460199679,-0.829248790399333],[114.060407186443,-0.829253124232253],[114.060354273931,-0.829259143394722],[114.06030150531,-0.829267314634819],[114.060254870066,-0.829276094715965],[114.060208533397,-0.829285603247968],[114.060162399075,-0.829295675654862],[114.060116367277,-0.829306141964821],[114.060070341773,-0.829316835803297],[114.060017699058,-0.82932975006787],[114.059965360313,-0.829343453037893],[114.059913041354,-0.829357440193689],[114.0598604499,-0.829371198921649],[114.059807301766,-0.829384222004194],[114.059751909823,-0.829395887110479],[114.059696232795,-0.829404988249564],[114.059640426265,-0.829411327570654],[114.059584641318,-0.829414703625616],[114.05952903084,-0.829414915865641],[114.059471716147,-0.829410352705565],[114.059414462607,-0.829401327109508],[114.059357225256,-0.82939036797103],[114.05929996632,-0.829380008680403],[114.059242645332,-0.82937277813113],[114.059198591142,-0.829369266278547],[114.059154292337,-0.82936646578969],[114.059109885613,-0.829364918955775],[114.059065510365,-0.829365159074769],[114.059021305988,-0.829367732934486],[114.058975508913,-0.829373004760328],[114.058929948358,-0.82938073533262],[114.058884841063,-0.8293910181809],[114.058840410057,-0.829403945036006],[114.058796872977,-0.829419606729402],[114.058744368758,-0.829440508772393],[114.058692033611,-0.829461506143559],[114.05863983516,-0.829482651003502],[114.058587731139,-0.829503992814978],[114.05853569007,-0.829525575644766],[114.058480728903,-0.829548536235905],[114.058425775829,-0.829571510316896],[114.058370828151,-0.829594495189781],[114.05831588497,-0.829617483659888],[114.058260947185,-0.829640481123249],[114.058215694199,-0.829660238329268],[114.058170824324,-0.829680736576677],[114.058125853725,-0.829701088234572],[114.058080305762,-0.829720405672163],[114.058033698397,-0.829737803057128],[114.057996498839,-0.829747900645032],[114.057958620294,-0.829754133846166],[114.057920337054,-0.82975805219229],[114.05788192611,-0.829761199819472],[114.057843660856,-0.829765127158851],[114.057802934158,-0.829770184946028],[114.057762196668,-0.829775094345052],[114.057721453782,-0.829779956080074],[114.057680712695,-0.8297848609825],[114.057639983299,-0.829789911575119],[114.057590633901,-0.829796958662655],[114.057541581279,-0.829805506718685],[114.057492738199,-0.829815462213787],[114.057444023723,-0.82982673611491],[114.05739535691,-0.829839241187983],[114.057348277401,-0.829854464911591],[114.05730296506,-0.829874605228781],[114.057260262551,-0.829899838406789],[114.057221007144,-0.829930344309901],[114.057186037905,-0.829966301903255],[114.057153576876,-0.830006871220064],[114.05712341991,-0.830048117726392],[114.057095000434,-0.830090060308009],[114.057067750976,-0.830132709756697],[114.057041104064,-0.830176082260323],[114.057019321584,-0.830211941827599],[114.056997659614,-0.830247779811145],[114.056976276434,-0.830283749095713],[114.056955324928,-0.830320007062653],[114.056934966076,-0.830356708395357],[114.056914099106,-0.830396149063006],[114.056894081996,-0.830435935969604],[114.056874987591,-0.830476142859652],[114.056856887835,-0.830516847974081],[114.056839853776,-0.830558124158074],[114.056823570651,-0.830600646802338],[114.056820738686,-0.83061606208156],[114.056903725427,-0.830795416575143],[114.056951090021,-0.830974746787092],[114.05696285675,-0.831118191351379],[114.056950858895,-0.831285522808571],[114.056903255981,-0.831428922406815],[114.056772472072,-0.831655930176964],[114.056665435661,-0.831882955034303],[114.056624497623,-0.831912671332645],[114.056451585872,-0.832038184314683],[114.056142714615,-0.832229197619313],[114.055952631209,-0.832360537308887],[114.055869441222,-0.832456098370187],[114.055726808745,-0.8326472366806],[114.055548456996,-0.832969831592379],[114.055108650744,-0.833591051785561],[114.054966072227,-0.83371047365938],[114.054728518107,-0.833805917808832],[114.05460977612,-0.833805827876631],[114.054467312716,-0.833769863088662],[114.054182422781,-0.833650119257527],[114.053850053137,-0.833506432775607],[114.053600723295,-0.833470387048692],[114.053470097667,-0.833482241012575],[114.053173199983,-0.833541782427289],[114.052816877797,-0.83367299531244],[114.052472439252,-0.833792264301508],[114.052116198004,-0.833815901182845],[114.051759973844,-0.833815632285564],[114.051475012862,-0.833791510669641],[114.05119007796,-0.833731531285082],[114.050762717426,-0.833587773756733],[114.050513421757,-0.833503915573203],[114.050133576004,-0.833336290037721],[114.049741828623,-0.833204514176941],[114.049726253264,-0.833198085822971],[114.049480678091,-0.833096741221595],[114.049195798048,-0.832965045400499],[114.048899035262,-0.832845292576167],[114.048661597155,-0.83278534916451],[114.048471620769,-0.832773253282937],[114.048388510821,-0.832761238340424],[114.048245996156,-0.83279698819041],[114.048055920844,-0.832916374091326],[114.047806359876,-0.833191100788611],[114.047128753989,-0.834242437038768],[114.045524422814,-0.836022191770667],[114.044954254435,-0.836308626741697],[114.0448591898,-0.836404177910424],[114.044775981826,-0.836523642052384],[114.044740287734,-0.836619238187268],[114.044740203198,-0.836731503256203],[114.044740197802,-0.836738765281723],[114.044740081789,-0.836894151044191],[114.044787479659,-0.837025667900207],[114.044870481687,-0.83718111661517],[114.045048486299,-0.837324686185298],[114.045167180621,-0.837384539664754],[114.045321481801,-0.837468326801798],[114.045392673033,-0.837540098097008],[114.045499403675,-0.837719470577042],[114.045511198283,-0.83782705467479],[114.045487368947,-0.837934611792832],[114.045404160973,-0.838054077733432],[114.043847106259,-0.840120726090561],[114.04341923491,-0.840658275159228],[114.043276511602,-0.840968938765457],[114.043228861923,-0.84117210011226],[114.043192907027,-0.841614324641341],[114.043073878157,-0.841996723569878],[114.042864497998,-0.842235299319555],[114.042631739064,-0.842430128447631],[114.040869840371,-0.841332495997847],[114.040334074658,-0.841037957235869],[114.040041849852,-0.840866157946778],[114.039891654077,-0.84080885224671],[114.039725174277,-0.840808723643647],[114.039534298569,-0.840849429657396],[114.039197114855,-0.841065684233911],[114.038900541827,-0.841273799945839],[114.038664950028,-0.841383918333122],[114.038474068923,-0.841432794687705],[114.038283216597,-0.841444904059017],[114.037931625744,-0.841374890938425],[114.037561357771,-0.841250404982134],[114.037363855857,-0.841217131865108],[114.036985255665,-0.841225123240804],[114.036664201292,-0.841324240221468],[114.036268967239,-0.841564063330793],[114.03593132577,-0.841828770681161],[114.03563484807,-0.842076951190279],[114.03544534023,-0.842358331072091],[114.035305254634,-0.842581791016812],[114.03510766009,-0.842672719670247],[114.034589098408,-0.842746845390536],[114.033804901275,-0.842724999958762],[114.033231205756,-0.842613320348391],[114.032893886244,-0.842455738441515],[114.032733549714,-0.842252750663874],[114.032731810425,-0.842255382979488],[114.032054363718,-0.843279833997087],[114.031382873221,-0.844053595397042],[114.031269070311,-0.844184728242567],[114.031013852607,-0.844478816444166],[114.030554019353,-0.84508179029234],[114.029726971323,-0.846314428967673],[114.029552485759,-0.846565505293768],[114.029417556875,-0.846892372884668],[114.029081616024,-0.847294109035829],[114.028707460281,-0.847772927878282],[114.028046444188,-0.848471077877889],[114.026822051397,-0.849826663769477],[114.026348997209,-0.85031469077029],[114.025588763411,-0.851098987728051],[114.024406177403,-0.852303435355225],[114.022969684004,-0.853293722926935],[114.022918419949,-0.85337610442366],[114.022818150038,-0.853505810045078],[114.022656433947,-0.853683678858658],[114.022556762085,-0.853779171571489],[114.022526981935,-0.853799289405629],[114.022519655158,-0.853762227444804],[114.022510501858,-0.853723621348024],[114.022499718088,-0.853685069210542],[114.022487454033,-0.853648163731748],[114.02247390035,-0.853614512899412],[114.022454597302,-0.853576619065677],[114.022431257197,-0.853539416810577],[114.02240484141,-0.853504168782308],[114.02237630862,-0.853472154716144],[114.022346622898,-0.853444642656086],[114.022313933441,-0.853420414020832],[114.02227717725,-0.853398138713089],[114.022238470429,-0.853378946281282],[114.022199935379,-0.853363989656373],[114.022163684606,-0.853354399286047],[114.022119271587,-0.853350019587708],[114.022074075258,-0.853352046659552],[114.022031188389,-0.85335876729323],[114.021993715438,-0.853368485367241],[114.021948800597,-0.853386287447165],[114.0219042248,-0.853411811106128],[114.021860229066,-0.853445792888976],[114.021836905149,-0.853467504321827],[114.021811319437,-0.853493067550971],[114.021784677021,-0.853520835018458],[114.021758163209,-0.853549145676482],[114.021732938125,-0.853576370852807],[114.021710205961,-0.853600837808358],[114.021678801635,-0.853633625291536],[114.021648132056,-0.853663149135002],[114.02161857134,-0.853687557634657],[114.021590510694,-0.853705047649783],[114.021550987288,-0.853718035658744],[114.021509218276,-0.853720801074076],[114.021471722842,-0.853712710772925],[114.021438279753,-0.853691626167574],[114.021404029972,-0.853658560793917],[114.021368462684,-0.853617601171322],[114.021348617345,-0.853593839284201],[114.021325752981,-0.853567259821148],[114.021300374113,-0.853539646137733],[114.021272942093,-0.853512753710561],[114.021243956943,-0.853488367693956],[114.021213882715,-0.853468236369963],[114.021180866804,-0.853452383120953],[114.021143787756,-0.85343955878858],[114.021104261652,-0.853429626675904],[114.021063902777,-0.853422477964955],[114.02102432811,-0.85341800383776],[114.020987142043,-0.853416083785191],[114.020943560897,-0.853416528050275],[114.020899134388,-0.853417850053688],[114.020855746596,-0.853417588350965],[114.020815283399,-0.853413277900415],[114.020779634273,-0.853402448264319],[114.020752533203,-0.853386137260372],[114.020725659661,-0.853363112817362],[114.020699114373,-0.853334974829181],[114.020673014248,-0.853303303404687],[114.020647460012,-0.853269707431025],[114.020622561382,-0.853235785003449],[114.020600340034,-0.853205601956915],[114.020575954916,-0.853173351369037],[114.020549665934,-0.853140125016694],[114.020521769864,-0.853107046153184],[114.020492526609,-0.853075205656182],[114.020462220355,-0.853045724980177],[114.020431127195,-0.853019704895416],[114.020401894732,-0.852999248916149],[114.0203697026,-0.852979932377934],[114.020335430336,-0.852961983708553],[114.020299936793,-0.852945642127622],[114.020264095212,-0.852931172935257],[114.020228768043,-0.852918807257083],[114.020194833925,-0.852908789708806],[114.020163154406,-0.852901363107378],[114.020122149817,-0.852895011195756],[114.020079584905,-0.852891442685859],[114.020035067564,-0.852889763651604],[114.019988199396,-0.852889053187198],[114.019938590993,-0.852888411071262],[114.019885843957,-0.852886919095965],[114.019854392866,-0.852885383053945],[114.019819900268,-0.852883198600694],[114.019783054145,-0.852880347749817],[114.019744565859,-0.852876823306701],[114.019705135084,-0.852872600090393],[114.019665467787,-0.852867664610983],[114.019626260943,-0.852861998882076],[114.019588217822,-0.852855589413878],[114.019552041693,-0.852848420917837],[114.019518433129,-0.852840470910962],[114.019488098997,-0.852831742091155],[114.019438133563,-0.852812579337012],[114.019392288823,-0.852789902931647],[114.019350021586,-0.852765709369919],[114.019310797655,-0.852741989750996],[114.019274081034,-0.852720727079827],[114.019239341123,-0.85270391605286],[114.019203421301,-0.852691777903203],[114.019163994123,-0.852682055332536],[114.019121786241,-0.852673046823611],[114.019077511718,-0.852663047261785],[114.019031888211,-0.852650356928393],[114.018985626186,-0.852633275205449],[114.018956552003,-0.85261976469036],[114.018925358119,-0.852603431203363],[114.018892682152,-0.85258483861935],[114.018859143735,-0.852564540021433],[114.018825386782,-0.852543110975716],[114.018792035424,-0.85252111355851],[114.018759723682,-0.852499105349409],[114.018729081982,-0.852477646626028],[114.018700747941,-0.852457307558666],[114.018675342093,-0.852438645726863],[114.018630320233,-0.852404505663344],[114.018590337274,-0.852373316275475],[114.018555633336,-0.852346080307314],[114.018526490805,-0.852323833777859],[114.0185031507,-0.852307610907474],[114.018456499268,-0.852288036263815],[114.018455685382,-0.852207519061722],[114.018455441665,-0.852184987447174],[114.018455078339,-0.852158101315297],[114.018454503673,-0.852127554942683],[114.018453650216,-0.852094020122877],[114.018452427138,-0.852058179441372],[114.018450778681,-0.852020722678162],[114.018448611314,-0.851982338713924],[114.018445848597,-0.851943690349003],[114.018442424878,-0.851905468262714],[114.018438248426,-0.851868364933068],[114.018433253592,-0.851833053952248],[114.018427354939,-0.851800208013117],[114.018416215036,-0.851753823679985],[114.018402390658,-0.851709015858376],[114.018386585972,-0.851666132585876],[114.018369515041,-0.851625537188738],[114.018351891027,-0.851587571409254],[114.0183344163,-0.851552593177587],[114.018317802225,-0.851520960423954],[114.018302761963,-0.851493012192691],[114.018284755737,-0.851459291213246],[114.018275777805,-0.85144247568968],[114.018250864786,-0.851394234256475],[114.018228012113,-0.851347372383259],[114.018207167627,-0.851301006935898],[114.018193065358,-0.851267356103563],[114.018176303793,-0.851228151058251],[114.018155567226,-0.851183194848488],[114.018129532752,-0.85113227163697],[114.01809684959,-0.851075171881632],[114.018056202032,-0.851011684241769],[114.018040280435,-0.85098849702149],[114.018022693293,-0.850963558821149],[114.018003643853,-0.850937131343471],[114.017983328168,-0.850909431325135],[114.017961960276,-0.85088069258984],[114.017939730834,-0.850851148961283],[114.01791685388,-0.850821037860555],[114.017893519171,-0.850790584118101],[114.017869933551,-0.85076003055093],[114.017846304763,-0.850729613680699],[114.017822827062,-0.850699549344654],[114.017799700096,-0.850670089353116],[114.017777137005,-0.850641451341858],[114.017755341036,-0.850613877228625],[114.017734497449,-0.850587593642501],[114.017714829276,-0.85056283980316],[114.017696519079,-0.850539853131693],[114.017679788092,-0.850518852163248],[114.017627893612,-0.850453939097974],[114.017584713564,-0.850400816144713],[114.017547428571,-0.850356749364437],[114.017513221058,-0.850319022804626],[114.017479282443,-0.850284901626878],[114.017455838017,-0.850263048101169],[114.017429433022,-0.850239246643866],[114.017400805803,-0.850213803024531],[114.017370700098,-0.850187014019411],[114.017339864143,-0.850159195290587],[114.017309037182,-0.850130637319012],[114.017278963853,-0.850101653068805],[114.017250388794,-0.850072540215535],[114.017225450594,-0.85004543015242],[114.01719982801,-0.850016152723242],[114.017173819616,-0.849985258312984],[114.017147693411,-0.849953308098634],[114.017121727286,-0.849920868653101],[114.017096192835,-0.849888484066241],[114.017071375144,-0.849856729904104],[114.0170475557,-0.84982614126335],[114.0170250052,-0.849797294609402],[114.016999956383,-0.849765559333036],[114.016974124257,-0.849732966103431],[114.016947870348,-0.849699687590487],[114.016921518413,-0.849665874880202],[114.016895396705,-0.849631683555288],[114.016869871248,-0.84959726470197],[114.016845248709,-0.849562782896044],[114.016821885222,-0.849528390123055],[114.016801323123,-0.849496415627016],[114.016779985808,-0.849461851083504],[114.016758072927,-0.849425315226085],[114.016735793122,-0.849387398009981],[114.016713349641,-0.849348712772837],[114.016690941234,-0.849309873751622],[114.01666876665,-0.849271478096171],[114.016647032734,-0.849234130150933],[114.016625938237,-0.849198451347377],[114.016604555056,-0.849163081011341],[114.016582060314,-0.849126637784082],[114.016558756182,-0.849089613594742],[114.016534985301,-0.849052521956253],[114.016511072328,-0.849015852099853],[114.016487355407,-0.848980122034959],[114.016464152898,-0.848945820093491],[114.016441794853,-0.848913467882198],[114.016420615819,-0.848883553732946],[114.01639365864,-0.848846778655854],[114.016365535941,-0.848810095309602],[114.01633635384,-0.848773983032856],[114.016306222055,-0.848738890587299],[114.016275245806,-0.848705291016302],[114.016243527617,-0.848673651068111],[114.016211176305,-0.848644415007698],[114.016184319851,-0.848622458059936],[114.016154935402,-0.848600105410469],[114.01612361921,-0.848577626855956],[114.016090957632,-0.848555302984778],[114.016057570301,-0.848533396399091],[114.016024038179,-0.848512173298104],[114.015990976402,-0.848491928659541],[114.015958980323,-0.848472911595536],[114.015928647089,-0.848455410788517],[114.015890252333,-0.84843396015907],[114.015850734324,-0.848412553596404],[114.015810605675,-0.848391376360894],[114.015770370906,-0.84837057684058],[114.015730558818,-0.84835034479255],[114.015691653247,-0.848330836698722],[114.015654191987,-0.848312221631659],[114.01562102499,-0.848295809004355],[114.015585980209,-0.848278301002722],[114.015549687168,-0.848259775867916],[114.01551275471,-0.848240292955097],[114.015475831245,-0.848219933203325],[114.015439545399,-0.84819877035693],[114.015404515006,-0.848176862871867],[114.015371376788,-0.848154296183793],[114.015342413222,-0.84813268277702],[114.015312624078,-0.848108893910251],[114.015282327717,-0.848083452089611],[114.01525185329,-0.848056915793961],[114.015221547936,-0.848029820120075],[114.015191729115,-0.848002707359001],[114.015162733174,-0.847976130593906],[114.015134898257,-0.847950624022019],[114.015108545423,-0.847926731733253],[114.015075033986,-0.847897029824026],[114.015040471241,-0.847867035635147],[114.015005496606,-0.847837090908968],[114.014970746803,-0.847807531991975],[114.014936840563,-0.847778713216996],[114.014904427198,-0.847750978125077],[114.014874122743,-0.847724667559305],[114.014844518859,-0.847698347101016],[114.014814363692,-0.847670809859949],[114.014784507999,-0.847642683562924],[114.014755781854,-0.847614619319188],[114.014729056701,-0.847587268237817],[114.014705160815,-0.847561285924542],[114.014684946753,-0.8475372983076],[114.014629766151,-0.847459335180133],[114.014268506686,-0.847784028210299],[114.013840083153,-0.848410795421842],[114.013311324058,-0.84890043490708],[114.013041249554,-0.849118480033781],[114.012954840893,-0.849252755110513],[114.012942870017,-0.8493782456095],[114.013035838333,-0.849609880391597],[114.013075993962,-0.850153960336968],[114.012908972771,-0.85050743437057],[114.011911982552,-0.850890511387945],[114.010408365554,-0.851294769238166],[114.009876948063,-0.851678173608775],[114.00876463508,-0.852044436001847],[114.007893213601,-0.852070713292733],[114.007685767884,-0.85207696717822],[114.006723227095,-0.851926024066699],[114.005959995857,-0.851591672317795],[114.005346045783,-0.851390938241138],[114.004201144967,-0.850972848817889],[114.003316740875,-0.850488516232019],[114.003266298801,-0.850135453188557],[114.003089046922,-0.849767030623923],[114.002582115273,-0.849141231082911],[114.0020825104,-0.848682605617682],[114.000006042345,-0.846776461064792],[114.000000019585,-0.846770933831465],[113.9999999998,-0.846770928435546],[113.999999980015,-0.846770922140308],[113.999999941344,-0.846770911348415],[113.999463954398,-0.846618094049745],[113.999249642357,-0.84655417923193],[113.999031480319,-0.846566174389409],[113.999029112404,-0.84656723109282],[113.99884012707,-0.846651617178338],[113.998680471327,-0.846786821254739],[113.998549244952,-0.846966006675814],[113.998456886376,-0.847161976144264],[113.998373197265,-0.84736145656592],[113.998269816599,-0.847542225693132],[113.998119378007,-0.847704209781398],[113.997943485004,-0.847842449069731],[113.997783572054,-0.847943513981932],[113.997778607797,-0.847943373687713],[113.997607131364,-0.847938552422193],[113.997417931992,-0.847860159418758],[113.997220276295,-0.847792722855843],[113.997004582895,-0.847758153815676],[113.996812476015,-0.84771567973479],[113.996652499213,-0.847563700604269],[113.996547559123,-0.847385114131669],[113.99645404312,-0.847182572417751],[113.996489096894,-0.846965612772749],[113.996502530068,-0.846930551803496],[113.996569600607,-0.846755498767209],[113.996834152374,-0.846284593958785],[113.996884038668,-0.846195794000664],[113.996883198701,-0.846194638371799],[113.996773836643,-0.846044108049114],[113.99662093301,-0.845897677735593],[113.996620260317,-0.845897246060986],[113.996447591383,-0.845786489155103],[113.996249005787,-0.845720172248093],[113.996028236614,-0.84568888213613],[113.995811326432,-0.845675539794286],[113.995589633655,-0.845647540301684],[113.995382355212,-0.845593125921994],[113.995188484761,-0.845514480209033],[113.99500041134,-0.845405612778734],[113.994999255711,-0.845404655000777],[113.994829818042,-0.845264097260213],[113.994677345183,-0.845127774427226],[113.994536096764,-0.84497876305943],[113.994474290856,-0.844894614394889],[113.994403435071,-0.844798142320371],[113.994293332871,-0.844616519736576],[113.994200005726,-0.844427068554296],[113.994125963642,-0.844233062305932],[113.994088276653,-0.844014690725373],[113.994092897369,-0.843798876816663],[113.994094416324,-0.843579138266591],[113.994053832618,-0.843359808908019],[113.994005575897,-0.843145077783049],[113.993991087818,-0.842932868357138],[113.99403207532,-0.842716878181363],[113.994100356346,-0.84251504873049],[113.994147409775,-0.842299240217699],[113.994141741348,-0.842081254446271],[113.994094776053,-0.841861204730776],[113.994067672285,-0.841735358999586],[113.994051876593,-0.84166201928673],[113.994007682109,-0.841444368063094],[113.993966792633,-0.841236641757575],[113.993939758113,-0.841030877772766],[113.993932541054,-0.840808899011449],[113.993954558256,-0.840584662052436],[113.993976936986,-0.840373476954369],[113.993975242663,-0.840158780902982],[113.993953284816,-0.839941698050893],[113.993930113784,-0.839720323633969],[113.993916010615,-0.839514189128465],[113.993915203924,-0.839295794165537],[113.993924952575,-0.839090307171887],[113.993946850167,-0.838870316811608],[113.993979068379,-0.838648516116052],[113.994008799067,-0.838440672898685],[113.994028346731,-0.838234414286717],[113.994036833633,-0.838012442720014],[113.994034055627,-0.837800102892402],[113.994013206644,-0.837578446088344],[113.993977321896,-0.837374049972368],[113.993898622224,-0.837147636654038],[113.993830476995,-0.83702309314117],[113.993829229635,-0.837021977082543],[113.993622024937,-0.836836516192193],[113.993621677798,-0.836836336327792],[113.993418575807,-0.836730579652453],[113.993231423292,-0.836607338357908],[113.993067852799,-0.836480031228405],[113.992900902655,-0.83635556595658],[113.992736109084,-0.836230689694503],[113.992573568316,-0.836106942980962],[113.992573417229,-0.836106781103013],[113.992421070276,-0.835943995718765],[113.992323465955,-0.835748049632741],[113.992288654998,-0.83553090472742],[113.992279321833,-0.835306059826735],[113.99225696109,-0.835096458434748],[113.99216963602,-0.834904463969792],[113.99202505831,-0.8347372269414],[113.991866827093,-0.834579341963035],[113.991723733264,-0.834416676188596],[113.991607664962,-0.834227073020941],[113.991509869085,-0.834039358429607],[113.991412667661,-0.833837232202484],[113.991311142295,-0.833639163716384],[113.991210712305,-0.833455189405413],[113.991111133972,-0.833266987381535],[113.991015080082,-0.833078234972504],[113.990924091174,-0.832878993770521],[113.990869105725,-0.832674305374837],[113.990840081904,-0.832459552666194],[113.990836448643,-0.832243637134127],[113.990852075263,-0.832031917838663],[113.990884866344,-0.831823850690114],[113.990934099729,-0.831612427271637],[113.990987137247,-0.831405843105131],[113.991045909741,-0.831197233665364],[113.99111568634,-0.831003758916268],[113.991207979265,-0.830810034155718],[113.99132018318,-0.830626363815611],[113.991445305856,-0.830449870065422],[113.991573979056,-0.830280007016654],[113.99171098987,-0.830113403111],[113.991852059325,-0.82994874264034],[113.991985388315,-0.829770336032141],[113.992098347661,-0.829598281335564],[113.99209883959,-0.829597456657268],[113.992211147826,-0.829409448886906],[113.992307013758,-0.829224061741002],[113.992403161177,-0.829023989565428],[113.992489106687,-0.828834458343522],[113.992549231762,-0.828630157555665],[113.992578263676,-0.82841042709947],[113.992588640953,-0.828200614366835],[113.99260969678,-0.827982608810316],[113.99265036862,-0.827720678566436],[113.992650508914,-0.827718881720955],[113.992663725351,-0.827549689566467],[113.992634538753,-0.827340593593476],[113.992553061075,-0.827246285287799],[113.992551998076,-0.827245529857294],[113.992377477439,-0.827121602379975],[113.992171863641,-0.827039489780589],[113.991985140102,-0.826938900609719],[113.991784584091,-0.826842923162303],[113.991582387717,-0.826784281069649],[113.991370321283,-0.82677194596846],[113.991166382922,-0.826864180437553],[113.990964400587,-0.826914712443966],[113.990759499951,-0.826910871439509],[113.990550395884,-0.82684978319088],[113.990349051168,-0.826780325851303],[113.990138662869,-0.826777660260746],[113.989930942859,-0.826855091888945],[113.98977190495,-0.826854590966548],[113.98955526996,-0.826810329932755],[113.98942033568,-0.826830623134697],[113.989226577645,-0.826931173634705],[113.98904313843,-0.827034287202537],[113.988830300378,-0.82705637814928],[113.988608460112,-0.827062474653417],[113.988388826783,-0.827107554969643],[113.988185824616,-0.827196663395227],[113.987991774301,-0.827289925789387],[113.987807025674,-0.827390666046369],[113.987638358723,-0.82752095622709],[113.987451908579,-0.827639524644326],[113.987254879709,-0.827696842934927],[113.987034571888,-0.827707784986217],[113.986813646233,-0.827691749174846],[113.986604222007,-0.827671958693884],[113.986390229226,-0.827640041754478],[113.986183879782,-0.827597152186797],[113.985971199112,-0.827561039010675],[113.985758737875,-0.827539656729755],[113.985544203702,-0.827528515028916],[113.98532903101,-0.827526353958035],[113.985122024162,-0.827528784825518],[113.984914959758,-0.827529047427561],[113.984705675826,-0.827516777976882],[113.984491504979,-0.827478589165537],[113.984277585043,-0.827436589027286],[113.984070886662,-0.827412058219863],[113.983851606766,-0.827376062854967],[113.983643411914,-0.827312665147304],[113.983445212127,-0.827264450693804],[113.983235167369,-0.827249715302059],[113.983013029428,-0.827266199875169],[113.98279668402,-0.827309326863883],[113.982581928613,-0.827356159958754],[113.98237901458,-0.827386245878472],[113.982176514235,-0.827418329192483],[113.981963861443,-0.827446762158274],[113.981747235447,-0.827440268153794],[113.981535329992,-0.827389040072092],[113.981338212089,-0.827306833943169],[113.981154603802,-0.82719638190747],[113.981153753043,-0.827195610289152],[113.980994517283,-0.827051206148212],[113.980994333822,-0.827051183665162],[113.979413046875,-0.826864690353148],[113.977727526704,-0.826608442925249],[113.975700128358,-0.826481080037752],[113.973332145062,-0.826439990912775],[113.971240548613,-0.826440774222306],[113.971109654987,-0.826418088823687],[113.97094325163,-0.826382571898137],[113.970747366698,-0.826351282685494],[113.970537822862,-0.82630443520145],[113.97033287816,-0.826223605035295],[113.970144316407,-0.826138619101926],[113.969946570778,-0.826040674837202],[113.969766668597,-0.825928711940435],[113.969604593677,-0.825801660218417],[113.969439098636,-0.82565890003815],[113.969326615931,-0.825472121641042],[113.969193849916,-0.825295139558989],[113.969027421378,-0.825160672027323],[113.968849752214,-0.82504475121425],[113.96867657966,-0.824924764566163],[113.968485739026,-0.824839132020259],[113.968288646304,-0.824737769432488],[113.968110965449,-0.824627383047243],[113.967956116582,-0.824477759241176],[113.967849513644,-0.82429783637599],[113.967764686891,-0.824107028116828],[113.967722851329,-0.824008296945294],[113.96767978999,-0.823906677151399],[113.96760425863,-0.823694731226794],[113.967556752842,-0.823553877609299],[113.967480096429,-0.823503175631004],[113.967351085085,-0.823468032823428],[113.967284144048,-0.823449798169577],[113.967149223258,-0.823367037159016],[113.967093028221,-0.823342208675967],[113.967018765803,-0.823345250183081],[113.966855927359,-0.823386689144343],[113.966638905661,-0.823442906664752],[113.966428211593,-0.823450874658079],[113.966215068671,-0.82345001580552],[113.966007817207,-0.823448974390601],[113.965788218052,-0.823447854734638],[113.965580311882,-0.823446233257016],[113.965365392799,-0.823436469317585],[113.965154893883,-0.823388914966415],[113.965088269408,-0.823346145907863],[113.965007065124,-0.823294016705461],[113.964787831993,-0.823260357779247],[113.964586447706,-0.823170759223103],[113.964397474964,-0.823054567714109],[113.964243357245,-0.822896669245836],[113.964130979761,-0.822714732798659],[113.964062431636,-0.822518784913939],[113.964013343941,-0.822312106318577],[113.963966667328,-0.822099156750653],[113.963898359322,-0.821891339613558],[113.963794571262,-0.821707430053834],[113.963653422667,-0.821572365372333],[113.963452175078,-0.821500173194408],[113.963238988089,-0.821440952837634],[113.962990047653,-0.821400701880862],[113.962815976676,-0.821549946173036],[113.962648054364,-0.821727530800842],[113.962502708633,-0.821887907800658],[113.962340675982,-0.822024201855356],[113.962162395278,-0.822141585865438],[113.961965623615,-0.822235093774509],[113.961759883012,-0.822309214998199],[113.961548449701,-0.822368170954292],[113.96133927189,-0.822401363132371],[113.961121263636,-0.822403686980522],[113.960915237948,-0.822383352409759],[113.960702900818,-0.822340758719008],[113.960517947146,-0.822498226411994],[113.960309135358,-0.822580018852761],[113.960095932182,-0.822639785097977],[113.959919894388,-0.822771131982108],[113.959758993083,-0.822914494708129],[113.959644003968,-0.823100536560446],[113.959554856871,-0.823287942684374],[113.959454674194,-0.823474268722464],[113.959363490133,-0.823658423797156],[113.959289282574,-0.823863401774531],[113.959221125654,-0.824066172815549],[113.959128134856,-0.824257268857821],[113.958972840824,-0.824406060791034],[113.958787823299,-0.824532646664238],[113.958589251193,-0.824629038699129],[113.95836982111,-0.824674701776019],[113.958154541399,-0.824659919619535],[113.957949863795,-0.824573701615009],[113.957782141133,-0.824452277850298],[113.957625489125,-0.824320125173585],[113.957449870415,-0.824203798766234],[113.957246880839,-0.824142890382063],[113.95702745885,-0.824129514765275],[113.956818772968,-0.824111519331097],[113.956614289618,-0.824099718427192],[113.956408391634,-0.824065692577619],[113.956219116719,-0.823978241602504],[113.956095604728,-0.823857995050389],[113.956069718643,-0.823832793348686],[113.955959774724,-0.823638593746068],[113.955891639388,-0.823432327040223],[113.955848215623,-0.823211732335551],[113.955811371298,-0.823005024961901],[113.955727135399,-0.822799924676758],[113.955600252749,-0.822692367558659],[113.954608955239,-0.822623480389268],[113.953876374695,-0.82269358344206],[113.953088696286,-0.82302802961982],[113.952038391559,-0.823390498672552],[113.950739361332,-0.823878349406243],[113.949723836086,-0.824057794731402],[113.9487628844,-0.824227596626258],[113.948121719042,-0.824265807920654],[113.94790105509,-0.824253315438114],[113.94768253692,-0.824281907583895],[113.947472875273,-0.824323050668227],[113.947370018012,-0.824374417245508],[113.947092030373,-0.824513240193824],[113.946909304321,-0.82461476376028],[113.946711221446,-0.824674305174995],[113.946276020622,-0.824712381571089],[113.946066835616,-0.824688824729435],[113.9456361341,-0.824641332431497],[113.945419498211,-0.824648106125153],[113.945206197008,-0.824688984808745],[113.944804077746,-0.824808761914767],[113.944600738334,-0.824873166863085],[113.944395239649,-0.824954801922502],[113.944032597027,-0.825171468388533],[113.943696515882,-0.82541081665579],[113.943520865695,-0.825517761335561],[113.943330359608,-0.825606073861195],[113.94312761195,-0.825682420906958],[113.942914351216,-0.825711923166693],[113.942573370565,-0.825712177674802],[113.942284945394,-0.82577518237872],[113.942082547572,-0.825820784301698],[113.941873439008,-0.825830050916068],[113.941218925013,-0.82603815223888],[113.941124855927,-0.826066331595882],[113.939670646783,-0.826501967691627],[113.938623870096,-0.827315169759231],[113.938511983641,-0.827385444582546],[113.938469166019,-0.827435455881528],[113.938336732754,-0.82759013297823],[113.937967247191,-0.82796580587717],[113.937772727429,-0.828151873809873],[113.937578944213,-0.828314225720874],[113.937146199438,-0.828598936691549],[113.937040209838,-0.828776237133582],[113.936880326566,-0.828989276633763],[113.93674436616,-0.82920061101936],[113.936722081859,-0.829418296417202],[113.936791092235,-0.829669810713142],[113.936779082689,-0.829930441436659],[113.936733319787,-0.830184486424855],[113.936769584948,-0.830439831832734],[113.936890915184,-0.830664408735402],[113.936891150806,-0.830706213720759],[113.936873069037,-0.830738869902859],[113.936756718348,-0.830856513817025],[113.936686090091,-0.830911242959473],[113.936564928928,-0.831005130382437],[113.936583815591,-0.83123302488417],[113.936511501105,-0.831236535837434],[113.936326746182,-0.831340582002213],[113.936131651754,-0.83142979295053],[113.935913761311,-0.831447825256873],[113.935701232626,-0.831439450770006],[113.935495349031,-0.831397608013162],[113.935306611911,-0.831291792881871],[113.935153841377,-0.831151307986431],[113.935023312876,-0.830988646708647],[113.934921249716,-0.830799075916559],[113.934861217271,-0.830621062312105],[113.93465807481,-0.830654340825106],[113.934451441181,-0.830698759240306],[113.934238220917,-0.830700094733515],[113.934022486149,-0.830679405829869],[113.933817498279,-0.830646290094137],[113.93362000356,-0.830577521635291],[113.933414046221,-0.830509043657401],[113.933205525814,-0.8304788732014],[113.932992774097,-0.830430924947166],[113.932610643167,-0.830244574627386],[113.932218581023,-0.830083032106188],[113.93200241458,-0.830053587403086],[113.931786309291,-0.830044661631803],[113.931574990194,-0.830044367553455],[113.931355755264,-0.830085001621455],[113.931326229622,-0.83010828506923],[113.931254755103,-0.830301626718665],[113.931213781091,-0.830510262238761],[113.931189670267,-0.830731047599727],[113.931176038344,-0.830951169261027],[113.931165320223,-0.831380180051212],[113.931152316926,-0.831589503552721],[113.93109678289,-0.831798335125029],[113.931025537698,-0.831964920144912],[113.931001452055,-0.831983998362773],[113.930788787573,-0.832001676336233],[113.930573696719,-0.831999321011835],[113.930352237766,-0.832009163192254],[113.930143199349,-0.832011769427595],[113.929713729005,-0.832008224300068],[113.929501056429,-0.831999455910136],[113.929304942169,-0.831947636074517],[113.929245583317,-0.831899344279293],[113.929213158261,-0.831789080201816],[113.92927888791,-0.831589311097787],[113.929406993638,-0.831408847740079],[113.929549691765,-0.831245308723965],[113.929597622033,-0.831167824935108],[113.929597897225,-0.831112716278767],[113.929456220728,-0.830941042894779],[113.929282749599,-0.830809480173343],[113.929114117722,-0.830679859088207],[113.928958188769,-0.830539820256433],[113.9288128934,-0.830328000236989],[113.928716224374,-0.830123794777251],[113.928666124942,-0.829970724769112],[113.928612266343,-0.829761841036088],[113.928458161215,-0.829620667259917],[113.92827599724,-0.829516761389357],[113.928091640717,-0.82940249442953],[113.927925492767,-0.829253662026815],[113.927808723894,-0.82906899433857],[113.927736004713,-0.828872907958271],[113.927697458871,-0.828665161867661],[113.927678793442,-0.828455716957706],[113.927667158013,-0.828233962127626],[113.927656149412,-0.828017857737905],[113.927642244094,-0.827805375817377],[113.927613510755,-0.827599788999009],[113.927581279053,-0.827471655392515],[113.927541440885,-0.827426664109225],[113.927470663341,-0.827429194801425],[113.927307491248,-0.827510748921895],[113.927132393245,-0.827625731742103],[113.926943772137,-0.827747104245418],[113.926836338227,-0.827793576712168],[113.926752036677,-0.827793638765343],[113.926567095595,-0.827667884765049],[113.926407252793,-0.827518842820268],[113.926260692077,-0.827357623155763],[113.926137105443,-0.827203117829583],[113.92602155605,-0.826992418365364],[113.925958193416,-0.82677891031841],[113.925911184953,-0.826576689662431],[113.925828809752,-0.826371011113224],[113.925700513368,-0.826205615896413],[113.925513914835,-0.826104758727581],[113.925294732066,-0.826076549692971],[113.925081450648,-0.82610455817877],[113.924880448574,-0.826154178272645],[113.924673323016,-0.826194717911847],[113.924451210255,-0.826224097863758],[113.924237776852,-0.826243447676916],[113.924025483789,-0.826256386223179],[113.923861984343,-0.826264158164292],[113.923397405366,-0.826252916638737],[113.923190478558,-0.826232687288666],[113.922980493155,-0.826195118110149],[113.922774453978,-0.826122879167485],[113.922583017093,-0.826005513143855],[113.922436093051,-0.82585845780153],[113.922315525441,-0.825691443805056],[113.92220977596,-0.825503191419102],[113.922117422781,-0.825305256032721],[113.922033308291,-0.825113984622647],[113.921945027241,-0.824916414360985],[113.921865741211,-0.824713526408061],[113.921845250158,-0.824543828834578],[113.921953922436,-0.824370108593598],[113.921881983867,-0.824206366330714],[113.921759644592,-0.824005150217488],[113.921627464936,-0.823831708766306],[113.921490181627,-0.823662286385343],[113.92135163477,-0.82351019843685],[113.921191729914,-0.823368453591229],[113.920992497706,-0.823273583209243],[113.920774012811,-0.823262874981651],[113.920565674067,-0.823342420915935],[113.920387797159,-0.823478489240813],[113.92024800744,-0.823630444089702],[113.920118029324,-0.823808564713431],[113.920007251733,-0.824001606888601],[113.919926001584,-0.824195057355951],[113.91986332783,-0.824398877905821],[113.919815655668,-0.824613182752159],[113.919773195077,-0.824826138615379],[113.91972414965,-0.825039159229789],[113.919664916703,-0.825247557328851],[113.919595098735,-0.825446651042057],[113.919509825019,-0.825641544921325],[113.919404784203,-0.825816050270475],[113.919260475391,-0.825974503620387],[113.919075840977,-0.826087311879917],[113.918995909234,-0.826098512935971],[113.918840807657,-0.826033805815428],[113.918748193674,-0.825920448070178],[113.918709926622,-0.825709672163612],[113.918717542081,-0.825492112670815],[113.918741825575,-0.825278439148576],[113.918765028084,-0.825054620374374],[113.918777662659,-0.824841356043692],[113.91878328612,-0.82462179915666],[113.91878310086,-0.824367798235244],[113.918791767626,-0.824207609193763],[113.91875605285,-0.824046821203808],[113.918669287158,-0.823929228551037],[113.918352854401,-0.823780522053426],[113.918006122585,-0.823635824733458],[113.917672655768,-0.823524073177396],[113.916982822699,-0.823321882199082],[113.91678121718,-0.823250573155406],[113.916587910604,-0.823194093032896],[113.916393150723,-0.82317879376626],[113.916217879152,-0.823226790583874],[113.916049069209,-0.823355612171724],[113.915871514259,-0.823476324572653],[113.915681902997,-0.823584089434121],[113.915477764987,-0.823659566835488],[113.915264237155,-0.823727398200845],[113.915054279631,-0.82380500070019],[113.914855133757,-0.823876009370281],[113.914647486592,-0.823949060400764],[113.914434706097,-0.824012182915851],[113.914225385293,-0.824050976970966],[113.91403243305,-0.824085725875477],[113.913861756115,-0.824119365915976],[113.913582407802,-0.824151243285201],[113.913366260245,-0.824138518777545],[113.913281221251,-0.824102555788272],[113.913214320684,-0.823972432881419],[113.913204546852,-0.823758894257537],[113.913220605147,-0.82332649122452],[113.913233326057,-0.823101330661814],[113.913281363344,-0.822686031834849],[113.913297907273,-0.822473536424525],[113.91330324295,-0.822257423041606],[113.913292576991,-0.822037749242668],[113.913238666232,-0.821825563199127],[113.913191121773,-0.821774158850303],[113.912977128092,-0.821739406348456],[113.912790171629,-0.821774407962494],[113.912620779825,-0.821906590316814],[113.912458129339,-0.822053922650355],[113.912280906239,-0.822167996255985],[113.912072752755,-0.822242379182399],[113.911854775078,-0.822294378882418],[113.911650641564,-0.822343251639722],[113.911448041394,-0.822384044887713],[113.911238321292,-0.822408359857889],[113.911025901424,-0.82242103130551],[113.91082408906,-0.822452093888955],[113.910629641245,-0.822513254982709],[113.910415807644,-0.82257907816188],[113.910322664859,-0.822574151675724],[113.910230372834,-0.822514953802056],[113.910160479323,-0.822310458760626],[113.910152969084,-0.822088683246079],[113.910189371842,-0.82186661994848],[113.910359174636,-0.821469385803482],[113.910539271071,-0.821086517428796],[113.910609253614,-0.820877264973774],[113.910664939635,-0.820659931210798],[113.910709858973,-0.820440432779719],[113.910725023341,-0.820227530875798],[113.910700210147,-0.820013066849526],[113.910635626233,-0.819798202624895],[113.910545319911,-0.819602577596811],[113.910464764038,-0.819513853181718],[113.910403000398,-0.819445825764205],[113.910198528739,-0.819376765924972],[113.909980371197,-0.819390378962794],[113.909825285808,-0.819531582416573],[113.909687473698,-0.819697042384576],[113.90952936209,-0.819840671309862],[113.909356773197,-0.819915441844103],[113.909227028005,-0.819908082691825],[113.909052667447,-0.819774270765947],[113.908954197079,-0.819593430592306],[113.908890459427,-0.819384424551515],[113.908842069606,-0.819176870016463],[113.908766470796,-0.81897361693882],[113.908724237733,-0.818922840316759],[113.908563896706,-0.818893471156741],[113.908517472803,-0.818899110805262],[113.908350015441,-0.818919456167919],[113.908142242371,-0.818939696309883],[113.907933146398,-0.818982373637596],[113.907726580218,-0.819063591411577],[113.907536527389,-0.819159755018632],[113.907340528243,-0.819262314604089],[113.907149476267,-0.819340608682126],[113.906949097423,-0.819380382098927],[113.906736026447,-0.819382922683701],[113.906493887583,-0.819375814442253],[113.906309555342,-0.819376459256148],[113.906102233731,-0.819394548219805],[113.905893303233,-0.8194545878589],[113.905800525574,-0.819474120234418],[113.905604662225,-0.819396792927591],[113.90542141007,-0.819271079396742],[113.905260105869,-0.819138432992247],[113.904911491772,-0.818873263390344],[113.904714316313,-0.818772709293057],[113.904500560053,-0.81871718964652],[113.904287582606,-0.818717643804177],[113.904134260788,-0.818758921786753],[113.904014401843,-0.818927461033468],[113.903930923174,-0.819122479019143],[113.903857069948,-0.819333985175206],[113.903761136567,-0.819523822166616],[113.903603593331,-0.819670417955365],[113.903412421746,-0.819770061039435],[113.903230845927,-0.819803228036506],[113.903102223989,-0.819754855302278],[113.903007321231,-0.819645262119082],[113.902967796926,-0.8194340698264],[113.902972334006,-0.81901208633866],[113.902980055585,-0.818583311170812],[113.90297987662,-0.818334675604774],[113.902959599606,-0.818158192646422],[113.902921408996,-0.817955986379616],[113.902772928228,-0.817563949416694],[113.9025681508,-0.817188838594006],[113.902457490121,-0.817001945083632],[113.902331925878,-0.81683231226134],[113.902214979837,-0.816774957098517],[113.902043662585,-0.816756421171874],[113.90183236687,-0.816768908258439],[113.901619946104,-0.816752689884709],[113.901408353613,-0.816704308157227],[113.901206638376,-0.816646517722575],[113.901015077384,-0.81654920388263],[113.900841125118,-0.816414394608557],[113.900665608931,-0.816293020306603],[113.900466484641,-0.816203196020638],[113.90025191989,-0.816146331887637],[113.900028947378,-0.816130038870142],[113.899898519601,-0.81618592094344],[113.899771707099,-0.816360139408857],[113.899662768622,-0.816551594280611],[113.899534107113,-0.81673331938714],[113.899393983745,-0.816890983132339],[113.899301135039,-0.817139353398375],[113.899315892914,-0.817364512162442],[113.89946339522,-0.81771091122954],[113.899524164209,-0.817909762125794],[113.899561204586,-0.818130410789763],[113.899580965389,-0.818351627825336],[113.899591949709,-0.818563652890248],[113.899585126552,-0.818751770377844],[113.899566703041,-0.818786542664782],[113.899357679913,-0.818854091642947],[113.899133737932,-0.818853803859895],[113.898958880948,-0.818806408688772],[113.898786923378,-0.81868162955351],[113.898580556847,-0.818598918904911],[113.898373289196,-0.818551929328009],[113.89818837959,-0.81855920933998],[113.898014343687,-0.818672960988295],[113.897858242064,-0.81882391219375],[113.897727886233,-0.818988593348877],[113.897617567297,-0.819166559289215],[113.897504208652,-0.819344074669289],[113.897401780368,-0.819443583754321],[113.897226274073,-0.81944739508117],[113.89712220003,-0.819321185124522],[113.897029209231,-0.819117423030605],[113.896911443908,-0.81890218288936],[113.89678711893,-0.81873743428514],[113.896658191223,-0.818573456399861],[113.896536688318,-0.818399653421238],[113.896436675612,-0.818213597179692],[113.896360417599,-0.81800750314369],[113.89633429769,-0.817796254193752],[113.896365454702,-0.817574681026656],[113.896420686566,-0.817366600388254],[113.896502772185,-0.81717676699418],[113.896604756205,-0.816976987098201],[113.896658495193,-0.816813200768536],[113.896642336175,-0.816721559852056],[113.896469626772,-0.816581583972891],[113.896283658664,-0.816472537577511],[113.896088494089,-0.816395650938489],[113.89586491993,-0.816394730032698],[113.895659718921,-0.816464691891952],[113.895451458418,-0.816532111367792],[113.895255970087,-0.816612708609568],[113.895087650275,-0.816730431664041],[113.894926042103,-0.816864429749558],[113.89473997507,-0.816957416051878],[113.894642375245,-0.817023804904636],[113.894551963702,-0.817125800615145],[113.894372432042,-0.81723014625419],[113.894184662592,-0.817352731043627],[113.893999271849,-0.817405068888775],[113.8939869997,-0.817408533976618],[113.893769102062,-0.817437487649897],[113.89355196705,-0.817434995628503],[113.893359661419,-0.81738361106477],[113.893200377096,-0.817252438649064],[113.893039455107,-0.817131752328464],[113.892864955154,-0.817053917804003],[113.892656521082,-0.817082161912197],[113.892458617172,-0.817164746655692],[113.892272497078,-0.817251742573831],[113.89200579683,-0.817317050441488],[113.891882596904,-0.81722689700365],[113.891778411345,-0.81704296496082],[113.891724818046,-0.816831522656571],[113.891729178859,-0.816616599076724],[113.887281826295,-0.815076346396211],[113.886884224328,-0.814921795204611],[113.886812778587,-0.814892372984559],[113.886298355585,-0.81468052328745],[113.885511768054,-0.814320143359907],[113.88512514501,-0.814110210118031],[113.884778395207,-0.813859378407528],[113.88462463362,-0.813708941614323],[113.884488616556,-0.813548821820632],[113.884236195744,-0.81319036734152],[113.884011932705,-0.812815296089013],[113.883912282426,-0.812632915376696],[113.88387762885,-0.812561886921515],[113.883813860621,-0.812431183951958],[113.883737045029,-0.812237290118787],[113.883675921707,-0.812023056318935],[113.883634915319,-0.811820647704678],[113.883596444121,-0.811612400691672],[113.883476640934,-0.811481311912985],[113.88332194765,-0.811409920131666],[113.883115279846,-0.811324462054245],[113.882967542818,-0.811239780991059],[113.88284677376,-0.811050459311218],[113.882763466861,-0.810843331954175],[113.882689565071,-0.810649421033929],[113.882595478898,-0.810446244398634],[113.882464006109,-0.810264137080196],[113.882328353271,-0.810204247627894],[113.882131566319,-0.810181489384206],[113.881920317369,-0.810223244007432],[113.881727044967,-0.810318194429101],[113.881566451231,-0.810469058400258],[113.881399796064,-0.810519072397199],[113.881179563786,-0.810494610837566],[113.881037791061,-0.810377529899029],[113.88094770867,-0.810172803731859],[113.880867177978,-0.809967993927728],[113.880759458982,-0.809858904364887],[113.880643242292,-0.809843220188441],[113.880587799088,-0.809867897585377],[113.880487726128,-0.810008211609613],[113.880382331879,-0.810200483065785],[113.880267026202,-0.810388512419877],[113.880133327591,-0.810567514379215],[113.879970017003,-0.810701652759008],[113.879587193594,-0.810895610443993],[113.879372352752,-0.810955498997032],[113.87915018963,-0.810976153726472],[113.878944910379,-0.810933737202163],[113.878745510897,-0.810843567576512],[113.87833887344,-0.810670043387745],[113.878140838229,-0.810573332992874],[113.877724816347,-0.810384698395069],[113.877158661643,-0.810128165882077],[113.877008792322,-0.810088553443961],[113.876853007261,-0.810088664060572],[113.876744494163,-0.810104698972623],[113.876444197042,-0.810181912065559],[113.876284329958,-0.810275614228146],[113.876222342387,-0.810315408329359],[113.876104800996,-0.810390865046315],[113.875933985565,-0.810521093173861],[113.87588943405,-0.810682064625553],[113.875887477125,-0.810689135994778],[113.875893481899,-0.810901134080041],[113.875888684915,-0.811081974253682],[113.875865732418,-0.811130819131961],[113.875772801873,-0.811159426566235],[113.875558084238,-0.811172687969133],[113.875350238323,-0.811215231297865],[113.875170077137,-0.811332916580795],[113.875054853299,-0.811516889992447],[113.874903412862,-0.811674872097626],[113.874753033626,-0.811816305777825],[113.874580992419,-0.811933472151964],[113.874466202054,-0.811941066926636],[113.874249153376,-0.811915850835817],[113.87404270141,-0.811959517417733],[113.87386273088,-0.812066804739175],[113.873693866079,-0.812204446877672],[113.873330256686,-0.812422899397234],[113.873105283182,-0.812461754606261],[113.872842296235,-0.8124577921933],[113.87269521841,-0.812455576263801],[113.872486614366,-0.812435968345198],[113.872320604013,-0.812318306444638],[113.872244219195,-0.812155092083799],[113.872213539723,-0.811939265584613],[113.872197429268,-0.811720369699231],[113.872121719842,-0.811509509256382],[113.872005384441,-0.811323218291818],[113.871859607935,-0.811161183841534],[113.871833259597,-0.81115050709019],[113.871774513183,-0.811126700236969],[113.871666414673,-0.811139205310042],[113.871464491693,-0.811229319177698],[113.871262340285,-0.811312875189003],[113.871095936029,-0.811290798631376],[113.870998239077,-0.811215344612435],[113.870891683804,-0.811028237063454],[113.870848494762,-0.810815551896155],[113.870846098968,-0.810592878858245],[113.870854822392,-0.810379970659085],[113.870808401187,-0.810278061283441],[113.87072345932,-0.810211079777446],[113.870547381956,-0.810199682669179],[113.870329520291,-0.810183908560475],[113.870226966102,-0.810094395439933],[113.870052433773,-0.809973811642067],[113.869846816378,-0.809965708750383],[113.869729287577,-0.810042916447401],[113.869565503046,-0.810193674298603],[113.869432962761,-0.810352944232932],[113.869307950701,-0.810539049937177],[113.869206516168,-0.810718120244985],[113.869073911132,-0.810894317218924],[113.868946693035,-0.810943738562628],[113.868877515385,-0.810927605624443],[113.868785682913,-0.81083865278157],[113.868681856183,-0.810640074379876],[113.868602598931,-0.810440413194442],[113.868517526663,-0.810251460236657],[113.868372457923,-0.810088650570719],[113.868332815807,-0.810061421797116],[113.868198269135,-0.809969003866399],[113.868006271073,-0.809884775162175],[113.867790267407,-0.809861047449317],[113.867583408947,-0.809908616189659],[113.867461509441,-0.810016447600901],[113.867315330039,-0.810177344408885],[113.867157349732,-0.810331952257741],[113.867030489566,-0.810467514264303],[113.866823729132,-0.810606329118741],[113.866603638947,-0.810637163274407],[113.866391574312,-0.810621971926423],[113.866185227566,-0.810550244697993],[113.86605706698,-0.810393747373496],[113.865963183154,-0.810197752724036],[113.865900820566,-0.809991000384287],[113.86588714008,-0.809768270689119],[113.865913028863,-0.809562744125287],[113.865932283348,-0.809353027620091],[113.865935227729,-0.809139870308741],[113.865935164776,-0.808921807195588],[113.865906410752,-0.808487987730416],[113.865864136321,-0.808284922611051],[113.865815091793,-0.808075501083465],[113.865477459317,-0.808027933242499],[113.865098023655,-0.807983275607626],[113.864328695913,-0.807931687797122],[113.864080779804,-0.80792254169188],[113.863908771872,-0.807916196974872],[113.86353672504,-0.807884239565965],[113.863234572617,-0.807833284878143],[113.862778592958,-0.807704681825555],[113.86249385141,-0.807592904189107],[113.862304242847,-0.807503366786875],[113.862136042644,-0.807412070310761],[113.861987494427,-0.807321165039696],[113.861818183562,-0.807204862914034],[113.861652015828,-0.807076867803175],[113.861508725947,-0.806955890102188],[113.86139537,-0.806859105063609],[113.86135342562,-0.806823293160392],[113.861188235449,-0.806698015800748],[113.861013328103,-0.806562192990782],[113.860876866774,-0.806397899443482],[113.860767091928,-0.806204946301193],[113.860679649946,-0.806007275315437],[113.860605865968,-0.805800274762817],[113.860536292616,-0.805592666268467],[113.860457061444,-0.805385762842661],[113.860366398091,-0.805181541195111],[113.860280271817,-0.804994377888193],[113.860206377223,-0.804793510711875],[113.860165825892,-0.804584341893815],[113.86015523008,-0.804374026440144],[113.860149568848,-0.804165219149525],[113.860133721894,-0.803955304793419],[113.860101750995,-0.803745825709257],[113.860055910752,-0.803538335925396],[113.85999533062,-0.803330225609386],[113.85992993282,-0.80315280016157],[113.859920710273,-0.803127777424947],[113.859830172824,-0.802927082019153],[113.859725399108,-0.802734749409126],[113.859605620203,-0.802552488306617],[113.859500029903,-0.802415597102083],[113.859315346027,-0.802236407184409],[113.859135760407,-0.802106995641282],[113.858938016576,-0.802012366277609],[113.858731443202,-0.801946954987955],[113.858516006109,-0.801885624821693],[113.858304061983,-0.801813022552892],[113.858120810727,-0.801709339714193],[113.857811958355,-0.801414209198356],[113.857517672303,-0.801107906404695],[113.857276868932,-0.800771113895735],[113.857176250084,-0.800584541443413],[113.857094927089,-0.80037752830026],[113.857043238555,-0.800173734730038],[113.856996144656,-0.799960420936657],[113.856895911617,-0.799771082169684],[113.856745317442,-0.799613411229871],[113.856588332685,-0.799473117890045],[113.856437242984,-0.799320099143188],[113.856302701708,-0.799140615147223],[113.856212634605,-0.798947801399891],[113.856152577879,-0.798741434869271],[113.856119341634,-0.798527996070106],[113.856093398891,-0.798311486086163],[113.856057706598,-0.798088598110269],[113.855962959423,-0.797889567349614],[113.855823786639,-0.797731884718644],[113.855471580649,-0.797462572839436],[113.85530212859,-0.797333138813258],[113.85512950912,-0.797219031033421],[113.854950654649,-0.797087908080471],[113.854801036239,-0.796941526330329],[113.854679926338,-0.796760821054988],[113.85459988128,-0.796555564287814],[113.854561153774,-0.79634011730252],[113.854546645911,-0.796118946132424],[113.854550590338,-0.795905758244089],[113.85456539138,-0.79569045425103],[113.854595230885,-0.79547014912805],[113.854678319249,-0.795054111957654],[113.854725082197,-0.794845156278882],[113.854761699893,-0.794627210077635],[113.854775806658,-0.794406141430215],[113.854774445085,-0.794183590700129],[113.854769228117,-0.793957880651647],[113.854772680615,-0.793747022007437],[113.854798308595,-0.793543339953146],[113.854867351347,-0.793331134124514],[113.855003932286,-0.793161447342868],[113.855159027567,-0.793025597553253],[113.855318963899,-0.792893087845698],[113.855469830568,-0.792731175703125],[113.855581300637,-0.792553706188528],[113.855653999133,-0.792354768058033],[113.855695238445,-0.792153653568221],[113.855730500862,-0.791932706329305],[113.855758867278,-0.791711350798153],[113.85577520706,-0.791489986273803],[113.855752933551,-0.791280991024848],[113.85568814819,-0.791078396250953],[113.855604010317,-0.790882370125246],[113.855531501578,-0.790676700569236],[113.855496069188,-0.790456201192683],[113.855502983176,-0.790249813977709],[113.855537804027,-0.790041618226041],[113.855588904404,-0.789829399806933],[113.855665958317,-0.789411582878188],[113.855845691426,-0.789306328024566],[113.856050615444,-0.789161467927329],[113.856201971344,-0.789027816080818],[113.856345725275,-0.788877630198442],[113.856647836329,-0.788587229217228],[113.856788959743,-0.788431052051351],[113.856879725619,-0.788235625773439],[113.856902787833,-0.78801757165354],[113.856896738993,-0.787795664838029],[113.856884912009,-0.78758420184937],[113.856863696103,-0.787375040225868],[113.856819231822,-0.787166441577995],[113.856733868174,-0.786978233258822],[113.856610485685,-0.786812800270468],[113.856457395892,-0.78666153969823],[113.856281049631,-0.78653485939617],[113.856091730649,-0.786442536793572],[113.855886257145,-0.786367906553608],[113.855678826716,-0.786295703583789],[113.855487739668,-0.78621844462549],[113.855323454214,-0.786111185183017],[113.855222252605,-0.785910960122692],[113.855192421193,-0.785695823403501],[113.855178744304,-0.785483352274866],[113.855197967312,-0.785268434090938],[113.855251997682,-0.785056069981579],[113.855341311153,-0.784857924153812],[113.855464093793,-0.784681309894495],[113.855619811405,-0.784519767373297],[113.855742769413,-0.784357616910427],[113.855828969431,-0.784156649909391],[113.855820317054,-0.784051958930718],[113.855661015643,-0.783930552253139],[113.855468057105,-0.783841749597002],[113.85526595426,-0.783785960153864],[113.855056903254,-0.783754836416506],[113.854853787772,-0.783752341697152],[113.854651463694,-0.783806185906712],[113.854238783693,-0.783955799820262],[113.854028974558,-0.784008632292512],[113.853605759898,-0.784090799750572],[113.853389842567,-0.784116568025127],[113.852969773736,-0.784114671354928],[113.85254297258,-0.784084135774208],[113.852117571669,-0.784033861873183],[113.851910919154,-0.784025444218855],[113.851705766708,-0.784019782087228],[113.851502466865,-0.783987524304735],[113.851299491678,-0.783932912074192],[113.851086001618,-0.783901396232409],[113.850881091089,-0.783875109948326],[113.850694630153,-0.783798449039125],[113.850508279833,-0.783688197552237],[113.850288728342,-0.783663969816303],[113.850093431567,-0.783717725892302],[113.849913451145,-0.78382461481408],[113.849727734847,-0.783918263916689],[113.849519093931,-0.783930333717876],[113.849316279723,-0.783881131808755],[113.849121246448,-0.783791903773306],[113.849031132581,-0.783705101209421],[113.848959781269,-0.783495479133023],[113.848930933716,-0.78329281960788],[113.848867661913,-0.782875260784635],[113.848834368112,-0.782663772614967],[113.848829672751,-0.782462688702083],[113.848875777395,-0.782258501228796],[113.848992103803,-0.78208939630855],[113.849167748593,-0.781963484027528],[113.849369804673,-0.781870281887961],[113.849553207015,-0.781757524889827],[113.849701927902,-0.781605576336233],[113.849851159603,-0.781454420085367],[113.850170210287,-0.781183967865786],[113.85027931244,-0.781007224104087],[113.850343373848,-0.780806361424368],[113.85037715778,-0.780594661914051],[113.850429134097,-0.780166920966565],[113.850490436385,-0.779966276822165],[113.85058107096,-0.77977536334231],[113.850796202283,-0.77941088340549],[113.851035565839,-0.779073777033148],[113.85114778774,-0.778893831684911],[113.851196809785,-0.778694204673741],[113.851170470441,-0.778492237626608],[113.851103502425,-0.778290882118483],[113.850996831139,-0.778107390743457],[113.850721379588,-0.777782675230242],[113.850291524334,-0.77728583397402],[113.850159016426,-0.77711164338757],[113.850057140325,-0.7769190032094],[113.850000714162,-0.776702588553576],[113.850031059985,-0.776573005239925],[113.850158698965,-0.776404072989521],[113.850296497585,-0.776257782970276],[113.850429918306,-0.776101384571177],[113.850504199609,-0.775972909222332],[113.85048924838,-0.7758430570114],[113.850378564319,-0.775699723963044],[113.850203885401,-0.775589822312384],[113.850003950822,-0.775534534690962],[113.849789555144,-0.77552693991629],[113.84958357712,-0.775548381552539],[113.849373482001,-0.775562751819507],[113.849164477758,-0.7755469417379],[113.848955142566,-0.775521347931829],[113.848742052704,-0.775475683955619],[113.848541520974,-0.77541805180158],[113.848336314569,-0.775333880654046],[113.84814501618,-0.775235004691638],[113.848034935564,-0.775189456728015],[113.847957760242,-0.77519565035891],[113.847766311666,-0.775306944160093],[113.847577907295,-0.775401723710559],[113.847373594816,-0.775462759798472],[113.847165133764,-0.775473728829468],[113.846955121382,-0.775475596721378],[113.846731302608,-0.775481124853968],[113.846647069407,-0.775296518319635],[113.846552613612,-0.775119043409063],[113.846440752339,-0.77492595896581],[113.846327408983,-0.774745583741662],[113.846134680671,-0.774370727427083],[113.845990137135,-0.774209201993017],[113.84563791226,-0.774070166804734],[113.845499454436,-0.773913366408692],[113.845423646084,-0.773736455373069],[113.845363514714,-0.773562299860203],[113.845297466705,-0.773371218207103],[113.845297323713,-0.773156593202145],[113.845345279161,-0.772952947120757],[113.845453634877,-0.772550343123783],[113.845500943714,-0.772341793039288],[113.845523298162,-0.7721247101872],[113.845485127337,-0.771903589379122],[113.845392444106,-0.771704361666934],[113.845276069135,-0.771615094960623],[113.845081340731,-0.771546980308869],[113.844930531619,-0.771498800029576],[113.844855133358,-0.771350616038035],[113.844774660222,-0.771058546814459],[113.84473088842,-0.77084060780777],[113.844716319403,-0.770404210885602],[113.844416401796,-0.769809099810061],[113.844236761318,-0.769506181165298],[113.844057164007,-0.769267739414602],[113.843855160088,-0.769064773220634],[113.843566660273,-0.768890881209131],[113.843268577283,-0.768762127070488],[113.843044243197,-0.768710696641278],[113.84239385889,-0.768645206211261],[113.840100755845,-0.767983617250081],[113.837039243267,-0.76695295011848],[113.833867471107,-0.765593671610588],[113.829654589788,-0.764457665988459],[113.827389690382,-0.763102974922333],[113.827013110067,-0.762877733420623],[113.824071861128,-0.761170478434792],[113.822169926301,-0.759274678783356],[113.818831912663,-0.754792277841318],[113.817328504307,-0.752623774967219],[113.817321274657,-0.75260614016122],[113.816789703382,-0.751309351045677],[113.816666667133,-0.750000000199805],[113.816732550567,-0.74950683807009],[113.816853904184,-0.748661738848114],[113.816768876882,-0.748588973802043],[113.816039856754,-0.747965087119042],[113.81690460976,-0.746544762630663],[113.817424547405,-0.745690785301463],[113.817484119397,-0.744599511058539],[113.817142555984,-0.744070065780875],[113.815401558435,-0.741371408063969],[113.815314238761,-0.741152218100353],[113.814545259956,-0.739221923153195],[113.812905561143,-0.737538775394114],[113.810160195337,-0.733670448632267],[113.809198138383,-0.733276882821826],[113.808342837252,-0.732704077631013],[113.806845947183,-0.731522497964875],[113.805919554644,-0.731200573947262],[113.805171364567,-0.731021874160092],[113.803888922336,-0.730986845566406],[113.803200711644,-0.731131525799242],[113.802562204682,-0.730720309894366],[113.802362699079,-0.728954357057887],[113.802246332203,-0.727924317653105],[113.800884553579,-0.726429318857924],[113.791363060557,-0.723664790297789],[113.790854258317,-0.723439315871701],[113.790537749118,-0.723299055806706],[113.785919346401,-0.721252426358319],[113.784106787998,-0.721071558305709],[113.781763926364,-0.720837773244568],[113.780836918689,-0.720405044657014],[113.775605041639,-0.717962799843292],[113.769993294555,-0.714650864745579],[113.766669401172,-0.714424342609277],[113.763044361708,-0.713724347200809],[113.763096979242,-0.713458872728722],[113.763123082065,-0.712981060227719],[113.763096565554,-0.712010912073879],[113.763096361408,-0.711665835909571],[113.763201690006,-0.711294153302504],[113.763307114831,-0.711081736133167],[113.763544412645,-0.710763062265471],[113.764045744216,-0.710331409267098],[113.764211332787,-0.70986412333059],[113.764277502205,-0.70956374706924],[113.764310418291,-0.709129909617559],[113.764243713776,-0.708529281201322],[113.764210144782,-0.707861889814296],[113.764209992797,-0.707604948109804],[113.76420963127,-0.70699425627987],[113.764208809289,-0.705602713694248],[113.764208447762,-0.704992023662896],[113.764208295776,-0.704735081059084],[113.764207856907,-0.703990908253786],[113.764273203446,-0.702288970959216],[113.764272781664,-0.701571207645088],[113.76427224297,-0.700653814621774],[113.764271876946,-0.70002979573843],[113.764271519015,-0.699419105707136],[113.764303970152,-0.698184377007351],[113.764369733077,-0.697183221128682],[113.764468940889,-0.696649234274673],[113.764667670377,-0.696115188065448],[113.76486645922,-0.695681254386329],[113.765197862991,-0.6951137587929],[113.765562536282,-0.694713097331544],[113.766591704244,-0.693627838653811],[113.767521080733,-0.692766719808219],[113.767929967394,-0.692317486862464],[113.768227267075,-0.691868317768581],[113.768598804891,-0.691157195048447],[113.768858715258,-0.690371305391409],[113.769081344229,-0.689435773042419],[113.76908082532,-0.688537787388952],[113.768931656571,-0.687864385832711],[113.768921584164,-0.687842465757114],[113.768708205619,-0.687378107113886],[113.768410324077,-0.686817039874427],[113.768224045703,-0.686293323278221],[113.768186571853,-0.685806935741425],[113.768335030138,-0.685245607698562],[113.768383806667,-0.685171914552143],[113.768578703245,-0.684877464823103],[113.768706656987,-0.684684150153373],[113.76915280256,-0.684347147203027],[113.769784924335,-0.684010035434767],[113.770565759802,-0.683560587551028],[113.770974604195,-0.683036527413776],[113.771308991916,-0.682400259764108],[113.771606102739,-0.681614353019938],[113.771717152824,-0.680678889019475],[113.771716790398,-0.68004281832134],[113.771679188844,-0.67933193482088],[113.771671284702,-0.679303374151345],[113.771629071425,-0.679150841937769],[113.77149283043,-0.678658555747688],[113.771380862137,-0.677985131708397],[113.771417694771,-0.677349039426588],[113.77160343625,-0.676937355874202],[113.771629520186,-0.676897947582177],[113.771752086989,-0.676712773575616],[113.77223536557,-0.676263504656959],[113.772037518317,-0.675890482959346],[113.771897656652,-0.675469145184877],[113.771730704708,-0.674872231867937],[113.771610622732,-0.6746654012872],[113.771410431846,-0.674320587724878],[113.771080309609,-0.674181914064036],[113.770501256828,-0.674002802387349],[113.769973738797,-0.67368668259428],[113.769724554645,-0.673400823189411],[113.766968953654,-0.672783220069505],[113.765968996572,-0.672723854921912],[113.763604114139,-0.672583457260714],[113.762337642069,-0.672212232408526],[113.760804964378,-0.671710256023459],[113.759340987697,-0.671324177069096],[113.759078082588,-0.671254843835925],[113.757901117343,-0.670941021810677],[113.756800222153,-0.670867238732058],[113.756008027349,-0.671029596938297],[113.754819641613,-0.67110499789726],[113.753408488411,-0.671292615361835],[113.752838463025,-0.671305453184061],[113.752266147065,-0.671318343166945],[113.751486160558,-0.671181785610884],[113.751089907573,-0.670982737763097],[113.750705951918,-0.670634228886513],[113.750334353847,-0.670260805191958],[113.750001253055,-0.669902767998281],[113.7500000003,-0.669901536826444],[113.749999982313,-0.669901518839993],[113.74899023701,-0.668907770677038],[113.748551708694,-0.668548273883687],[113.748055539232,-0.668246831925728],[113.74738617833,-0.667643765447394],[113.746832195949,-0.667098656677638],[113.746301351326,-0.666669581136205],[113.745609015444,-0.666240596426348],[113.744547548331,-0.665788607957836],[113.743463081056,-0.665464283649726],[113.74275922216,-0.665058512240478],[113.742117870643,-0.66449441788302],[113.74122913092,-0.663712735254478],[113.740726005201,-0.66335244076248],[113.740130441766,-0.663091065400295],[113.739591585983,-0.66254815996956],[113.739162666024,-0.66218243716969],[113.73625596634,-0.661128757286292],[113.736204345254,-0.661110044193151],[113.725161842345,-0.657107132987733],[113.717651186653,-0.65438451823087],[113.717209866842,-0.654224538731455],[113.714291128833,-0.653019642342599],[113.713446726585,-0.65267105972157],[113.708977730038,-0.650826193174225],[113.708568731862,-0.650657324775693],[113.704523173905,-0.648986988758452],[113.701638261197,-0.647795860990129],[113.699005494108,-0.64649973377567],[113.694653654043,-0.644357296851695],[113.695361157891,-0.643204322821191],[113.696709691299,-0.641006705295183],[113.695911864941,-0.639012149291204],[113.696390554281,-0.636459115195976],[113.699900970653,-0.634065639717448],[113.701885021677,-0.632459498207254],[113.703251823913,-0.631353036213625],[113.70770247429,-0.627479642671346],[113.709824971445,-0.625632437886679],[113.712250653445,-0.620695880210633],[113.712267206367,-0.620662193405451],[113.717375006651,-0.616829190214901],[113.721498192288,-0.61487344085657],[113.722074503036,-0.614600080229479],[113.722276531237,-0.614521240263002],[113.727667206976,-0.612417549730083],[113.72774376896,-0.612387671553734],[113.730924085578,-0.609760445188329],[113.73130602945,-0.6093997199211],[113.733413028588,-0.607409769345338],[113.734242675659,-0.606165293793254],[113.735998015596,-0.602854082649742],[113.735479172426,-0.602102742247723],[113.732201899898,-0.597356905596655],[113.731696649081,-0.596625249555586],[113.728006710941,-0.593733148565889],[113.727692271981,-0.586690015331897],[113.727508051256,-0.582563629907554],[113.727387023193,-0.5786909522256],[113.727109115593,-0.569798465726592],[113.731098216809,-0.562119413779897],[113.734588686219,-0.55803056515839],[113.735585954328,-0.552346074611592],[113.740761603066,-0.551329419816796],[113.741170713658,-0.551249058197413],[113.746157111761,-0.553044149967491],[113.74724126877,-0.553092332944743],[113.749999994005,-0.553214937519328],[113.750001032722,-0.553214984284068],[113.750644867267,-0.55324359711426],[113.752639423271,-0.551947130855353],[113.75327618195,-0.550161663629808],[113.757001975161,-0.54693263163557],[113.756008417654,-0.541385336264227],[113.752282599263,-0.530787519328499],[113.752041005388,-0.525020612211449],[113.755830647766,-0.516543735704772],[113.754035535312,-0.510360613351565],[113.754970618899,-0.508244360188996],[113.7559303574,-0.506072311288108],[113.755730896764,-0.503878299144162],[113.755227171197,-0.502259199302557],[113.754778505723,-0.500817068053209],[113.754524306951,-0.500000001598721],[113.754333758596,-0.497131352230099],[113.75762477906,-0.49374060504482],[113.758721784683,-0.49005067409928],[113.760220474295,-0.482386121022614],[113.760248122153,-0.482218785068824],[113.765020112888,-0.478855396159531],[113.772021103891,-0.474215935816744],[113.782367166412,-0.468851288256303],[113.790760149661,-0.464516921118957],[113.793407785241,-0.465104387957069],[113.798205591915,-0.466168943342041],[113.804592056378,-0.465913472029058],[113.805653116098,-0.465579433244216],[113.808180124713,-0.464783887566284],[113.811489432891,-0.463742061646769],[113.817875891959,-0.461187465429134],[113.820430472888,-0.458505144796561],[113.821986407946,-0.456116358383213],[113.822474131876,-0.453523701057918],[113.824118641162,-0.451240538220191],[113.828044662132,-0.450556998606544],[113.82982650419,-0.450414447968342],[113.832748726173,-0.45069953665427],[113.83666878104,-0.451768633615529],[113.839519730851,-0.452410092151979],[113.841016478827,-0.452766456606639],[113.84343978212,-0.451269705932134],[113.847636790406,-0.448414481642942],[113.853802037834,-0.445628470077793],[113.860792904269,-0.447009434837526],[113.867051647915,-0.451735403665907],[113.877014539889,-0.456205906577281],[113.883165890094,-0.460369803623507],[113.88725822089,-0.462885460095833],[113.889497880823,-0.464262234014825],[113.890937049705,-0.465146926789203],[113.90083289812,-0.470102477247451],[113.907158672735,-0.467701478040738],[113.911629199028,-0.467829198858396],[113.916099720826,-0.466935084786314],[113.919803871851,-0.467445995036599],[113.921175614063,-0.465616997926077],[113.92133661879,-0.46540232435774],[113.921975256153,-0.46029315260688],[113.921847514651,-0.454417608285951],[113.918271084443,-0.449180715717432],[113.917887885118,-0.443560631018272],[113.916993769247,-0.438196004142242],[113.919365884928,-0.435579870914239],[113.922613851248,-0.434747303745041],[113.926573460996,-0.435896858553122],[113.928484157018,-0.43658652524789],[113.930847019574,-0.436040802241166],[113.932832192951,-0.434364095426588],[113.933225736279,-0.430206117718114],[113.92975217862,-0.425040820177685],[113.92785071324,-0.415587906756457],[113.929383452085,-0.409329171204263],[113.93325486532,-0.406120147326874],[113.936268084305,-0.404549945423582],[113.938103059209,-0.401238594885172],[113.937958938354,-0.39596071391577],[113.939500317885,-0.393765972421647],[113.942548987246,-0.393874015173594],[113.945988230373,-0.395662108419515],[113.950714212691,-0.395534368716085],[113.953685529564,-0.397178067713583],[113.956717495816,-0.398855316819379],[113.960932564287,-0.39974941290501],[113.969130228277,-0.396977346227516],[113.971723709382,-0.395086843582931],[113.974088667358,-0.39336292326027],[113.977920533806,-0.388126017201898],[113.984051530554,-0.383783209927174],[113.987887493413,-0.383946625736144],[113.990789950995,-0.385571993852409],[113.990368524188,-0.390387202407396],[113.995223259746,-0.394527596571265],[113.997199385943,-0.395810510046942],[113.998557594258,-0.396131559024184],[113.999999978216,-0.396171304562017],[113.9999999998,-0.396171306360657],[114.000000022283,-0.396171307259976],[114.003910669342,-0.394861466283601],[114.0067850366,-0.392771161260043],[114.008375029884,-0.391849079171607],[114.009628713594,-0.3915271821337],[114.010292811664,-0.391588159765718],[114.011862372351,-0.392105009138788],[114.013078788156,-0.392649623281443],[114.013074975929,-0.393352428171966],[114.012992840847,-0.393951218373957],[114.014910924799,-0.3945837520385],[114.021597473245,-0.396788798863952],[114.02228006857,-0.397013900970705],[114.023453530056,-0.39740087834781],[114.02350625461,-0.397418264041619],[114.023552575991,-0.397433540825205],[114.02474879662,-0.397828022145461],[114.024872190799,-0.397868714669414],[114.024934154987,-0.397889148165632],[114.024988073841,-0.397906928661769],[114.026285815338,-0.398334889943158],[114.027308342706,-0.398939844098493],[114.02734266713,-0.398978861185469],[114.027417580657,-0.399050011948418],[114.027536589742,-0.399139909079508],[114.02775613134,-0.399267897895129],[114.027874248298,-0.399392561017805],[114.027991959661,-0.399495314856836],[114.028068897562,-0.399580480654606],[114.028116252263,-0.399647050271085],[114.028149204322,-0.399706639349859],[114.028188978638,-0.399783939677036],[114.028243729365,-0.399896907116499],[114.028297550192,-0.400024411197592],[114.028339613283,-0.400154586265103],[114.028371464571,-0.400253062029151],[114.02839091331,-0.400330391134617],[114.028397660024,-0.400410426300084],[114.028378282332,-0.400489159247229],[114.028321555795,-0.400602302953871],[114.028239707597,-0.400722069268056],[114.02812324809,-0.40085382084709],[114.028020886355,-0.400965700106951],[114.027952545973,-0.401056414721722],[114.027879461668,-0.401161637199777],[114.027812591678,-0.401284046621413],[114.027767662448,-0.401389243918402],[114.027743961715,-0.401481194201722],[114.027727418685,-0.401586536289585],[114.027717342681,-0.401653174254534],[114.027702870791,-0.40174117201741],[114.027683139665,-0.401852910083676],[114.027662481339,-0.40202431457044],[114.027645684701,-0.402134754015663],[114.027609903374,-0.402281099792901],[114.027560214932,-0.402439150246551],[114.027508939186,-0.402570781316456],[114.027465006405,-0.402674659308047],[114.027419915297,-0.402777208101611],[114.02738282096,-0.402904850678283],[114.027357616561,-0.403060207662406],[114.027343570949,-0.403186494960721],[114.027342259738,-0.403287677684148],[114.027344446889,-0.403343514791345],[114.027343241797,-0.403349955735848],[114.027343241797,-0.403350715662953],[114.0273432382,-0.403351085284328],[114.027342978296,-0.403360888793941],[114.027354060641,-0.403461083162426],[114.02737293831,-0.403552786132138],[114.027414329608,-0.403675019286652],[114.027484692565,-0.403797208374442],[114.027585173817,-0.403923338291406],[114.027705810675,-0.404028612930119],[114.027819546135,-0.404110378391181],[114.0279495917,-0.404253351710793],[114.028040811734,-0.404425711277497],[114.028051739396,-0.404560644657977],[114.028016206283,-0.404689607439366],[114.027960372773,-0.404815960388191],[114.02787333009,-0.404978224165689],[114.027803836778,-0.405127621342615],[114.027784619165,-0.405208992001349],[114.02779269058,-0.405273531847968],[114.027826193924,-0.405348219644566],[114.027875243847,-0.405438731911886],[114.027960593107,-0.405564867224768],[114.028053000246,-0.405706273026055],[114.028133878975,-0.405833733040311],[114.028215955602,-0.405950623322553],[114.028303573851,-0.406080705759905],[114.028406276429,-0.406270227089237],[114.028465778273,-0.406394319142464],[114.028560510159,-0.406583284690782],[114.028637642313,-0.406747365098795],[114.028693284268,-0.406900539428307],[114.028698259317,-0.40703943702033],[114.028680391587,-0.407156479288062],[114.028665101313,-0.407223125346889],[114.028665879227,-0.407230860415837],[114.028594619646,-0.407301135239152],[114.028464967085,-0.407359950001648],[114.028348814246,-0.407409716685038],[114.028295540207,-0.407434742119619],[114.028196457401,-0.407460798177226],[114.028137585981,-0.407475061424918],[114.028014519155,-0.407511355364704],[114.027870097927,-0.407558319760597],[114.027745528334,-0.407604487357162],[114.027652211081,-0.407646159242802],[114.027550338577,-0.407692164062098],[114.027454147991,-0.407738523214221],[114.027391827671,-0.407785183639248],[114.027336623686,-0.40785819420023],[114.027259129106,-0.407949798244545],[114.02715682133,-0.408059978685003],[114.027096219615,-0.408115178172864],[114.027018397681,-0.408170253554317],[114.026930714681,-0.408215758350536],[114.026717382901,-0.408291320288129],[114.026651807035,-0.408308282401265],[114.026552940966,-0.408332693598879],[114.02642984626,-0.408372474210296],[114.026283959137,-0.408425536908965],[114.026140832933,-0.408487237595864],[114.026016112254,-0.408555469159523],[114.025888321289,-0.408652095917432],[114.025761843334,-0.408764182920663],[114.025645176983,-0.408891190575957],[114.025560824173,-0.409011279746721],[114.025523082324,-0.409093214280347],[114.025504613847,-0.409159958365365],[114.025489382029,-0.409236976305351],[114.025482943783,-0.40934340567361],[114.025483021125,-0.409346045183781],[114.025486720036,-0.409472744371612],[114.025482614631,-0.409602059687245],[114.025466810845,-0.409699850167897],[114.025443022877,-0.409761658773505],[114.025400827586,-0.409820922297683],[114.0253407178,-0.409886547626002],[114.025257938803,-0.409970172885096],[114.025212176801,-0.410018574397668],[114.025158900063,-0.410072836791926],[114.025106469588,-0.410120124943774],[114.025049119821,-0.410171495118334],[114.024999122911,-0.410217329066427],[114.024954224258,-0.410259205997534],[114.024913421118,-0.410295918122074],[114.024847296665,-0.41036086626093],[114.024819814283,-0.410391257950153],[114.024804729055,-0.410411535863659],[114.024780958175,-0.410451127617421],[114.024735293299,-0.410527483656381],[114.024701026431,-0.410581067062537],[114.024680270078,-0.4106114560538],[114.024673862409,-0.41062083778138],[114.024644203667,-0.410658962740911],[114.024626677679,-0.410704520597108],[114.024612873086,-0.410741421579303],[114.024608414247,-0.410753339395058],[114.024595784168,-0.41080790486086],[114.024591863124,-0.41085356793775],[114.024593464817,-0.410891118230495],[114.024602720639,-0.410931987021513],[114.024618159301,-0.410974538444123],[114.024639797888,-0.411022839232601],[114.024668146318,-0.411078550434695],[114.024690792146,-0.411119514553889],[114.024715599945,-0.411164582279582],[114.024746246142,-0.411219490387111],[114.024772179892,-0.411277621664851],[114.024795635111,-0.411340631764688],[114.02481585277,-0.411394642348796],[114.024834395891,-0.41143966241043],[114.024855387866,-0.41148714931245],[114.024870672743,-0.411534587651033],[114.02487066375,-0.41153520278732],[114.024870662851,-0.411535608381598],[114.024891248333,-0.411594516673574],[114.024907391163,-0.411648497580074],[114.024922826228,-0.41170247039264],[114.024937435714,-0.411753170572297],[114.024951570359,-0.411804684638412],[114.024966932578,-0.411857834571379],[114.024982513332,-0.411906096688938],[114.025000460203,-0.411961723354807],[114.025021365843,-0.412024713669553],[114.025040390102,-0.412080340335365],[114.025074583226,-0.412180155189958],[114.025102747294,-0.412247276990172],[114.025133505007,-0.412316055341648],[114.025162694303,-0.412381552066904],[114.025191442032,-0.412448683759692],[114.025220038674,-0.412514181384324],[114.025247261152,-0.412582731307964],[114.025276660889,-0.412658021650316],[114.025311316264,-0.41274478014742],[114.025335034984,-0.412820032718287],[114.025352305565,-0.412883809040522],[114.025358820253,-0.412937705410741],[114.025355876772,-0.412984197662524],[114.025336171727,-0.413046875912528],[114.025309871953,-0.413104598898087],[114.025278216716,-0.413155763127918],[114.025241193426,-0.413212595784614],[114.025199428011,-0.413274282082398],[114.025144813083,-0.413355250744189],[114.025082922639,-0.413451260567172],[114.025017115647,-0.413557234878454],[114.024953654088,-0.413658944604549],[114.024885855997,-0.413762044682585],[114.024817140599,-0.413866573783309],[114.024773619707,-0.413945587318949],[114.024720407721,-0.414044517240654],[114.024635134004,-0.414224183798979],[114.024597146641,-0.414335886791719],[114.024552624804,-0.414498121790814],[114.024516077255,-0.414650013687151],[114.024465695436,-0.414788944554118],[114.024420830057,-0.414906500334666],[114.024374509576,-0.414984066861166],[114.024326186305,-0.415065906066673],[114.024280794823,-0.415152045830212],[114.024217943903,-0.415273751981999],[114.024167046772,-0.415395542670126],[114.02414639474,-0.415446789637599],[114.024134153169,-0.415470764664008],[114.024134144175,-0.415472399631483],[114.024133892365,-0.415473826855589],[114.024108657389,-0.415540542162262],[114.024080395294,-0.41561232155135],[114.024042181302,-0.415705658589218],[114.024007099648,-0.415799021707414],[114.023963727144,-0.415888036603576],[114.023932196913,-0.415989984650025],[114.023883364626,-0.416108948768908],[114.023833009786,-0.416222175213193],[114.023801487649,-0.416300469291173],[114.023775356947,-0.416363911964936],[114.023753193155,-0.416424121575915],[114.023728930346,-0.416483500213303],[114.023703079334,-0.416565709040185],[114.023694140073,-0.416613781400827],[114.023686899631,-0.416679002034243],[114.023685195416,-0.416748960296218],[114.023684250228,-0.416803621090196],[114.023691207383,-0.416847732836573],[114.023704259244,-0.416887817418797],[114.023733167052,-0.416936183857729],[114.02377155911,-0.416987878687621],[114.023844288183,-0.417043028712783],[114.023918145006,-0.417082151919715],[114.023908768675,-0.417385038188911],[114.023909900921,-0.41743074713122],[114.023911260696,-0.417513163701472],[114.023905334164,-0.417594712425966],[114.023898989447,-0.417640355717822],[114.023889440445,-0.417688427179144],[114.023855000908,-0.417791783563928],[114.023820201641,-0.417872299866701],[114.023765207199,-0.417984069409215],[114.023708102047,-0.418099488400628],[114.023685442729,-0.418142359082537],[114.023658005313,-0.418193550292074],[114.02362471331,-0.418254488353909],[114.023579920777,-0.418346347805652],[114.023578382037,-0.418352974010475],[114.023566347309,-0.418404781255617],[114.0235537577,-0.418445488168686],[114.023550968902,-0.418463819049975],[114.023550959909,-0.418464224644197],[114.023521945082,-0.418534533641775],[114.02351516869,-0.418581251623436],[114.023514335918,-0.418587297765555],[114.023508410285,-0.418630317734937],[114.02350165188,-0.418679384745758],[114.023494892575,-0.418728442763381],[114.023490433737,-0.418772829702277],[114.023488281659,-0.418814860417399],[114.023486129581,-0.418856890233258],[114.023483970309,-0.418896589006351],[114.02348414208,-0.418940950764238],[114.023484330937,-0.418987652558087],[114.023486826556,-0.419032007121359],[114.023491639727,-0.419074021648726],[114.023494120058,-0.419113705133327],[114.023501248084,-0.419155701674242],[114.023506043269,-0.419195385158844],[114.023513171296,-0.419237382599079],[114.023522615976,-0.41927704180199],[114.023529744003,-0.419319048235423],[114.023539170696,-0.419356367402372],[114.023548606383,-0.419396024806645],[114.02355573441,-0.419438031240077],[114.023565203372,-0.419484690765842],[114.023576995282,-0.419533683132897],[114.023588797085,-0.419582668305452],[114.023602938025,-0.419638652901483],[114.023617078965,-0.419694641094736],[114.023633543753,-0.419750610402275],[114.02365001034,-0.419806587803748],[114.023666483222,-0.419864897147249],[114.02368294801,-0.41992320739007],[114.023694774095,-0.419979200979299],[114.023704275432,-0.420032873418336],[114.023709111986,-0.420081890067138],[114.023709317031,-0.420133262939657],[114.023704881575,-0.420184652899366],[114.023698140257,-0.42023838109634],[114.023691389046,-0.42028978814318],[114.023684663916,-0.420345857275436],[114.0236779208,-0.420399586371786],[114.02367350243,-0.420455644712206],[114.023669084061,-0.420509375607139],[114.023666982345,-0.420563087616358],[114.023664870737,-0.420614470381452],[114.023665067689,-0.420663512211263],[114.023665257446,-0.420710205011915],[114.023663137744,-0.420759254935604],[114.023663350883,-0.420812958850945],[114.023663564022,-0.420866663665549],[114.023663802343,-0.420925047652759],[114.02366403167,-0.420981082610808],[114.023661938048,-0.421037135555309],[114.023657527773,-0.421093195694368],[114.023650784656,-0.421146932884596],[114.023644035244,-0.421198331837502],[114.02363727594,-0.421247397949003],[114.023630500447,-0.421294124923861],[114.023621434382,-0.421345540064578],[114.023614683171,-0.421396937218844],[114.02360793286,-0.42144833527243],[114.023601189743,-0.421502073361921],[114.023596771374,-0.421558122709143],[114.023594702034,-0.421618847631692],[114.023592623701,-0.421679571654863],[114.023590561555,-0.42174262582148],[114.02358617736,-0.421805688081974],[114.023577142771,-0.421866436386892],[114.023565760052,-0.421920190664196],[114.023558725555,-0.421945370782169],[114.02355204629,-0.421969281956763],[114.023538330729,-0.422020713285235],[114.02351998456,-0.422072150909003],[114.023501639289,-0.422123599324607],[114.023480975567,-0.422177394071412],[114.023460338824,-0.422235851803066],[114.023437377333,-0.422294326621852],[114.023409793327,-0.422355148671102],[114.023379874681,-0.422413647771577],[114.023347633986,-0.42247215586525],[114.02331536811,-0.422523660938168],[114.02328074511,-0.422565831048189],[114.023248420778,-0.422603322884981],[114.023216090151,-0.422638475585131],[114.023183765818,-0.422675959327989],[114.023151434291,-0.422713432279011],[114.023121450894,-0.422755578107399],[114.023089134656,-0.422795391993702],[114.023059152158,-0.422837546815288],[114.023031492609,-0.422882024585704],[114.023003859141,-0.42293116534097],[114.022983425645,-0.422972716717481],[114.022978547722,-0.422982636239624],[114.022955544863,-0.423031759907758],[114.022937174411,-0.423078527352118],[114.022929610213,-0.423102978119914],[114.022923434569,-0.423122937673384],[114.022911995192,-0.423162677815299],[114.02290053783,-0.423197747777806],[114.022891364745,-0.423223466589661],[114.02288450022,-0.423246847164194],[114.022875367604,-0.423281908133504],[114.022868534555,-0.423314630865491],[114.022863992979,-0.423338002446826],[114.022857135648,-0.423363713164804],[114.022847970657,-0.423391772911941],[114.022834183151,-0.423422178990336],[114.022818078991,-0.423454942191768],[114.022799658178,-0.423490046328538],[114.022776631037,-0.42353216697586],[114.022753644365,-0.423583639673211],[114.022730691868,-0.423642104599423],[114.022707737572,-0.423702912259557],[114.022687058561,-0.423752035028372],[114.022670970589,-0.423789462113916],[114.022661790309,-0.423812848983744],[114.022597398851,-0.423920946594365],[114.022590534326,-0.4239443181757],[114.022579044587,-0.423970054074687],[114.022569847221,-0.423991110801069],[114.022558358382,-0.424016837706858],[114.022546868643,-0.42404490644725],[114.02253306405,-0.424072989576757],[114.022521575211,-0.424098718281186],[114.022507761624,-0.424124462274051],[114.022496264691,-0.424150198173038],[114.022482460098,-0.424178273208668],[114.022468671692,-0.424208688280316],[114.022452566633,-0.42424144428719],[114.022436478661,-0.424278869574096],[114.022418083928,-0.424318642990954],[114.022399680201,-0.424356078170433],[114.022383592229,-0.424393504356715],[114.022365180409,-0.424428606694789],[114.02235138301,-0.424459021766381],[114.022337578417,-0.424487097701331],[114.022326097671,-0.424515164643083],[114.022316924586,-0.424540893347512],[114.022307743408,-0.424566612159367],[114.022300902265,-0.424594662913307],[114.022296368782,-0.424620366436727],[114.022291844293,-0.424648409096733],[114.022287309911,-0.424676441864278],[114.022282224245,-0.424697298041849],[114.022280468769,-0.424704494416858],[114.022271319966,-0.424737224343403],[114.022259864401,-0.42477229430591],[114.022248433119,-0.424812043441023],[114.022236992843,-0.424851783582881],[114.022230176881,-0.424886835558993],[114.022223368114,-0.424924230268971],[114.022152765937,-0.425246762228255],[114.022143566772,-0.42526780996144],[114.022134378399,-0.425288866687822],[114.022122855386,-0.42530991442095],[114.022111350359,-0.425333291398204],[114.022099884902,-0.425366013230871],[114.022095367607,-0.42539870808389],[114.022090858407,-0.425433716892485],[114.022086380682,-0.425475727822516],[114.022081839106,-0.425501431345936],[114.022079630371,-0.425527125876101],[114.022075087895,-0.425552820406267],[114.022072960998,-0.425599529394731],[114.022073107588,-0.42563687194405],[114.022070923135,-0.425671890645162],[114.022064090086,-0.425704595390698],[114.02205264981,-0.425744315747522],[114.022041208635,-0.425784057688077],[114.022034425049,-0.425828443727653],[114.022027583906,-0.425858797645333],[114.022027673838,-0.425882145844298],[114.022027788951,-0.425910172316549],[114.022025653062,-0.425949419629944],[114.02202562788,-0.425949871089642],[114.022018771449,-0.425975589901498],[114.022009605559,-0.426003649648692],[114.021995826147,-0.426036396662312],[114.021982070116,-0.426076145797424],[114.021965982144,-0.426113571084386],[114.021947585613,-0.426153343601868],[114.021929198973,-0.426195449860074],[114.021906154745,-0.426232891334791],[114.021880778575,-0.426268018853932],[114.021850745715,-0.426298490582838],[114.021818381813,-0.426326650154749],[114.021781386402,-0.426354815122579],[114.021746704947,-0.426382981889049],[114.021709717629,-0.426413487792161],[114.021679676676,-0.426441629377621],[114.021651976657,-0.426474433947931],[114.021633539656,-0.426504865207335],[114.021619751251,-0.426537612220955],[114.021608278599,-0.426568000312898],[114.021599121702,-0.426598382109603],[114.021589947718,-0.426626432863543],[114.021578466973,-0.426654499805295],[114.021569284895,-0.42668021861715],[114.0215578698,-0.426724630737056],[114.02154176564,-0.42675738494529],[114.021525603924,-0.426776135809973],[114.021500204371,-0.426804261207621],[114.021472504353,-0.426837064878612],[114.021444779153,-0.426865196571498],[114.021417037766,-0.426888659883673],[114.021386965336,-0.426907469204309],[114.021359190674,-0.426923927697032],[114.021331416911,-0.426938056945744],[114.021301319301,-0.426952185295079],[114.021271229783,-0.426968652781056],[114.021236516852,-0.426987478289448],[114.021199488166,-0.427008642035162],[114.021157818978,-0.427029830062565],[114.021109194434,-0.427051034277781],[114.021055938381,-0.427074603709968],[114.021005006176,-0.42709814706177],[114.02095639782,-0.427124023255033],[114.020910113311,-0.42715222059843],[114.020866161644,-0.427180418841203],[114.020822209078,-0.427210959817899],[114.020782905107,-0.427243804857653],[114.020745933078,-0.427278980940173],[114.020713601552,-0.427314123747749],[114.020693917191,-0.427342438003052],[114.020685925815,-0.427353930439494],[114.020662898674,-0.427396042992939],[114.020639855345,-0.42743349256159],[114.020621433632,-0.427468585906468],[114.020613370311,-0.427481463298818],[114.022247338644,-0.429544357885788],[114.022269808205,-0.429572726100389],[114.022269979976,-0.429614756815511],[114.022270095089,-0.429642784187081],[114.022274865992,-0.429673142601416],[114.022279636896,-0.429705824863902],[114.022286725352,-0.429736166191049],[114.022298442619,-0.429766484135882],[114.022312518808,-0.429803794309635],[114.022328908952,-0.4298434292308],[114.022343001329,-0.4298854113826],[114.022350129355,-0.429927426809229],[114.022352625873,-0.429969468316244],[114.022352790449,-0.430009167988658],[114.022350621284,-0.430046553705438],[114.022348444925,-0.430081600285575],[114.022341637057,-0.430116662154205],[114.022330173399,-0.430149409167825],[114.022316401181,-0.430184505210718],[114.022300296122,-0.43021726931147],[114.022284217143,-0.430254702692309],[114.022263488669,-0.4302921540596],[114.022245076849,-0.430327257297051],[114.022224332187,-0.430360036686295],[114.022205895186,-0.430390468845019],[114.022187475272,-0.430423232046451],[114.022169038271,-0.430453671399789],[114.022156085335,-0.430478367682497],[114.022150625551,-0.430488774637183],[114.022134531284,-0.430521537838672],[114.022118434318,-0.430556641975386],[114.022104654007,-0.43058939798226],[114.022088557941,-0.430624493125833],[114.02207477673,-0.430659570282899],[114.022058696851,-0.430697004563058],[114.022042608879,-0.430734430749339],[114.022024213247,-0.430774195172944],[114.022005808621,-0.430811638446301],[114.021985089141,-0.430851419957037],[114.021962062,-0.430891220353487],[114.02194367536,-0.430933332906932],[114.02192530401,-0.430977788194298],[114.021906923666,-0.431022231790507],[114.021890877062,-0.431069010026761],[114.021877146213,-0.431113429341224],[114.021863398277,-0.431155517612979],[114.021849659334,-0.431199937826818],[114.021833577658,-0.431239703149743],[114.021815182924,-0.431279476566544],[114.021796788191,-0.431316928833155],[114.021773735869,-0.431352057251615],[114.021750684447,-0.431387184770699],[114.021729930792,-0.431417633117235],[114.021706871275,-0.431450422399053],[114.021686126614,-0.431483201788296],[114.021665381952,-0.431515973083663],[114.021642297254,-0.431544088588794],[114.021619203563,-0.431569875749119],[114.021596103577,-0.431590990032134],[114.021570669851,-0.431612122301544],[114.021547560871,-0.43163323658456],[114.021526783834,-0.431656673816406],[114.021503691043,-0.431682460077411],[114.021482922099,-0.431708229251342],[114.02146446891,-0.431733999324535],[114.021446023815,-0.431759767599146],[114.021427570626,-0.431785546665594],[114.021406793589,-0.431808992890637],[114.021386026444,-0.431834762064568],[114.021362924659,-0.431858217282866],[114.021337516114,-0.431884010738429],[114.021314407134,-0.431905116927567],[114.021291297256,-0.431926231210582],[114.021268172089,-0.431942683408067],[114.021247361776,-0.431959128410995],[114.021228868118,-0.431973216290828],[114.021210366365,-0.431987303271399],[114.021180325412,-0.432015452950736],[114.021164154702,-0.432031862880137],[114.021136364751,-0.43204365209283],[114.021113173934,-0.43204374202503],[114.021092404991,-0.432069520192158],[114.021066996445,-0.432097644690487],[114.021041628368,-0.432132772209627],[114.021030114348,-0.43215382713737],[114.021016292668,-0.432177240986846],[114.021004778648,-0.432198306706425],[114.020993273621,-0.432219381419259],[114.020972546046,-0.432256840880427],[114.020963363968,-0.432280237642829],[114.020954198977,-0.432308297389966],[114.020945059167,-0.432341027316511],[114.020940566154,-0.432378403140717],[114.020936082135,-0.43241577896498],[114.020936236818,-0.432455478637394],[114.020936376213,-0.4324905081304],[114.02093649942,-0.432520855752841],[114.020936515608,-0.43252500972136],[114.020936613634,-0.432548874131214],[114.020936719754,-0.432574559668126],[114.020934502026,-0.432600264090865],[114.020934617139,-0.432628281569919],[114.02093009175,-0.432656334122498],[114.020923250608,-0.432684383977119],[114.020909446014,-0.432712468005946],[114.020893324767,-0.432740561028027],[114.020877213413,-0.432770985092816],[114.020858783606,-0.432803747394985],[114.020842695634,-0.432838841639182],[114.020824291008,-0.432878615955303],[114.020808220123,-0.43291837318435],[114.020792139346,-0.432958137607898],[114.020778383316,-0.432997895736264],[114.020764636279,-0.433039984008019],[114.020750888343,-0.433082073179094],[114.020734815659,-0.433121839401338],[114.020721052435,-0.433159255695045],[114.020707255036,-0.433189671665957],[114.020695757203,-0.433215407564944],[114.020681943617,-0.433241151557866],[114.02067043859,-0.433262208284248],[114.020658932664,-0.43328561314047],[114.020647435731,-0.433311340046259],[114.020638245559,-0.433332396772641],[114.020626739632,-0.433355792635666],[114.02060599587,-0.43338857292423],[114.020587542681,-0.433414334004283],[114.020578360603,-0.433437721773373],[114.020573844208,-0.43346809637552],[114.020571618386,-0.433491458963601],[114.020496667987,-0.433886394441515],[114.020480571022,-0.433921479692458],[114.020471397937,-0.433947208396887],[114.020459925285,-0.433977613575962],[114.02044848501,-0.434017365409034],[114.02043938477,-0.434061776629619],[114.020428011044,-0.434115530906979],[114.020418983649,-0.434178627341737],[114.020412307082,-0.434246368774836],[114.020412601161,-0.434321088047739],[114.020415194805,-0.434388798004591],[114.020420080822,-0.434449486954236],[114.020429597448,-0.434510162414028],[114.020441446915,-0.434570827981304],[114.02045559505,-0.43462915441188],[114.020472084119,-0.434692125840911],[114.020488590276,-0.434757446299045],[114.02050277978,-0.434825105893879],[114.020521591798,-0.434890408365618],[114.020538080868,-0.434953389687109],[114.020556870403,-0.435009358994648],[114.020575616771,-0.435058318986194],[114.020596648317,-0.435095605777519],[114.020615338927,-0.435128229584109],[114.020636329103,-0.435156165224782],[114.020654986439,-0.435181768024108],[114.020673651868,-0.435209720751971],[114.02069232629,-0.435237663587259],[114.020708684958,-0.435267957250403],[114.020725058914,-0.435302920193578],[114.020739143197,-0.435342562309359],[114.020753216688,-0.435382213418393],[114.020767309064,-0.435424194670816],[114.020779076693,-0.435466184916436],[114.020790836228,-0.43550583512615],[114.020795607132,-0.435538508395382],[114.0207980371,-0.435566517780501],[114.020809747172,-0.435594494790053],[114.020826154404,-0.435636450861466],[114.020835539728,-0.435664444958093],[114.020847266888,-0.435694753010409],[114.020858993148,-0.435727401098632],[114.02087074369,-0.435764721164901],[114.020884827973,-0.435804363280681],[114.020898895168,-0.435841674353753],[114.020912977652,-0.435883646612979],[114.020927061035,-0.435925618872147],[114.020936521004,-0.435969949153787],[114.020941356658,-0.436018966701909],[114.020941569798,-0.436070339574485],[114.020944122973,-0.436128707373882],[114.02094670043,-0.436194076395452],[114.02095391659,-0.436257098186502],[114.020963426021,-0.43631544080489],[114.020977575055,-0.43637142719956],[114.020998662358,-0.436425058269776],[114.021022050128,-0.436471670131425],[114.021054676632,-0.436508897567535],[114.021091917558,-0.436541438636425],[114.021136091358,-0.436566945208313],[114.021184863391,-0.436583091636351],[114.021233602149,-0.436589895906934],[114.021277677023,-0.436589715143214],[114.021324058658,-0.436589526285559],[114.021365826772,-0.436591692752359],[114.021409934021,-0.436600845152839],[114.021451750698,-0.436617024855764],[114.021493574569,-0.436635537400093],[114.021535431715,-0.436661050267219],[114.021570340699,-0.436691268387278],[114.021600635261,-0.436726172874558],[114.021621674001,-0.436765781715394],[114.021635757384,-0.436807764766456],[114.021645217353,-0.436852094148776],[114.021647704878,-0.43689411677002],[114.021647867655,-0.436933817341753],[114.021645692195,-0.436968854029317],[114.021645829791,-0.43700388172374],[114.021641329584,-0.437036587368539],[114.021639128043,-0.437066952977432],[114.021634602655,-0.437094995637494],[114.021630142917,-0.43713938257639],[114.021625592347,-0.437162755057045],[114.021623391706,-0.437190780629976],[114.02162119826,-0.437223486274831],[114.021621327762,-0.437256174832555],[114.021621459962,-0.437286532347514],[114.021621557989,-0.437312209790605],[114.02162168839,-0.437344907341526],[114.021634016297,-0.437513144416016],[114.02143247283,-0.437587154123833],[114.021341456043,-0.43762482042905],[114.021239719338,-0.437694797576796],[114.021185025269,-0.437764807100109],[114.021138238939,-0.43786421995776],[114.021081682374,-0.437968446886259],[114.021025125809,-0.438072673814816],[114.020978000434,-0.438148471374802],[114.020930870563,-0.438233746889864],[114.020893169184,-0.438300072790071],[114.020846053702,-0.438347440082225],[114.020780104618,-0.438385322224804],[114.020695321932,-0.438413720117069],[114.020610550037,-0.438413685942805],[114.020506942741,-0.438404166618966],[114.020375086841,-0.438375683291099],[114.020252645943,-0.438356677918307],[114.020224389244,-0.438356667126413],[114.020057963404,-0.438399840879924],[114.019819351682,-0.438394414370691],[114.01969690269,-0.438394364907992],[114.019583874097,-0.438394319042516],[114.019461409816,-0.438432178702044],[114.019348363236,-0.438479519913869],[114.019301247754,-0.438526887206024],[114.019147318894,-0.438630058330489],[114.018898509759,-0.439062912823147],[114.018873101213,-0.43908870807735],[114.018856946691,-0.439109788186101],[114.018839104141,-0.439139240983138],[114.01883850969,-0.439140221244145],[114.018820080782,-0.439172982646994],[114.018801677056,-0.439210407933956],[114.018783264336,-0.439247832321541],[114.018764859711,-0.439285265702381],[114.018748787926,-0.439325030125985],[114.018730392294,-0.439364796348229],[114.018711978675,-0.439402237822947],[114.018695906891,-0.439441994152673],[114.018679809925,-0.43947708929619],[114.01866602062,-0.439509827316613],[114.018654556063,-0.439542556343838],[114.018645415354,-0.439577608319894],[114.018636273745,-0.439612669289204],[114.018629464978,-0.439650053207345],[114.018624989052,-0.439689768168193],[114.018625151829,-0.439731789890118],[114.018629980289,-0.439778467402277],[114.018641771301,-0.439827450776193],[114.018660525763,-0.439878722924675],[114.018686244575,-0.439929978885345],[114.018714288134,-0.439983557794903],[114.018742331693,-0.440034808359655],[114.018775005862,-0.440086040038693],[114.018805348988,-0.440132609632201],[114.018835666933,-0.440174508146981],[114.018868300632,-0.440216397668564],[114.018903259078,-0.440258271901655],[114.018940541373,-0.440302468184314],[114.018980131328,-0.440341984394991],[114.019019721283,-0.440381511397561],[114.019061626093,-0.440421018615098],[114.019103538997,-0.440462858673925],[114.019145468988,-0.440509378804734],[114.019189722827,-0.440555890841665],[114.019238650443,-0.440609379818966],[114.019289901008,-0.440665200738351],[114.019338818732,-0.440718688816389],[114.0193854216,-0.440772194880822],[114.019427400154,-0.440830388211793],[114.019460115692,-0.440890962947549],[114.019492848316,-0.440956199768777],[114.019525580042,-0.441021436590006],[114.019558327955,-0.441091336396028],[114.019588769106,-0.441163583432569],[114.019616901699,-0.441238177699688],[114.019647350945,-0.441312773765446],[114.019672858416,-0.441373300837142],[114.01967780019,-0.441385028895922],[114.019708241342,-0.441457285825038],[114.019741005443,-0.441531864803665],[114.019773777638,-0.441606443782291],[114.019806558826,-0.441683352904363],[114.019839348107,-0.441762603861036],[114.019867496888,-0.441841879998719],[114.01989565556,-0.441921155237083],[114.019923797146,-0.441998099432681],[114.019951912651,-0.442070354563157],[114.019977713301,-0.442142626780765],[114.019998875248,-0.442212584143419],[114.020015403888,-0.442287228772557],[114.020029633861,-0.442364231424108],[114.020039240419,-0.442445920442822],[114.020048854171,-0.44252994140362],[114.020056127888,-0.442609288587732],[114.020063386316,-0.442683974585691],[114.020070626758,-0.442756319648367],[114.020077868099,-0.442826327373041],[114.020087424295,-0.44289866524116],[114.020094690817,-0.442973352138438],[114.020101965433,-0.443052709215124],[114.020106906309,-0.443129732551085],[114.020109524235,-0.443204437434815],[114.020114448923,-0.443276781598172],[114.020117040769,-0.443346803711961],[114.020117318659,-0.443416833020365],[114.020117595651,-0.443486883013179],[114.020117889729,-0.443559262250119],[114.020118208089,-0.443638643608494],[114.02011852465,-0.443720355110258],[114.020118852004,-0.443802068410662],[114.020123809966,-0.443881424588028],[114.02012872656,-0.443951449399833],[114.020135927431,-0.444012131154864],[114.020147742724,-0.444068115750895],[114.020161873771,-0.444121754015669],[114.020176013812,-0.44417771343069],[114.020190152953,-0.444236011982298],[114.020206607849,-0.444291972296639],[114.020220781164,-0.444354943725614],[114.020239576096,-0.444417889074259],[114.02025838002,-0.444480834422905],[114.020279475418,-0.444536760562983],[114.020300536641,-0.444585692675503],[114.020321591568,-0.444629974393763],[114.020340299266,-0.444667259386449],[114.020352015633,-0.444697568338086],[114.020361377576,-0.444718542326825],[114.020386392218,-0.444803164934058],[114.020394672276,-0.444827954746245],[114.020397729971,-0.444837078368437],[114.020400788566,-0.444846201091252],[114.02040384716,-0.444855325612764],[114.020406905754,-0.444864449234899],[114.020409964348,-0.444873571058395],[114.020413022943,-0.444882693781267],[114.020416080638,-0.444891817403402],[114.020419140131,-0.444900940126217],[114.020422197826,-0.44491006284909],[114.020425254622,-0.444919185571905],[114.020428314116,-0.44492830919404],[114.02043137181,-0.444937431916912],[114.020434431304,-0.444946554639728],[114.020437488999,-0.44495567826192],[114.020439582621,-0.444965855889507],[114.020436483557,-0.444981712735796],[114.020432320595,-0.444997181074996],[114.020425987569,-0.445011852614869],[114.020419025018,-0.445026140144194],[114.020410973388,-0.445039765772549],[114.020402421734,-0.445053059551014],[114.020392480629,-0.445065433323066],[114.020382139324,-0.445077448265579],[114.020370941866,-0.445088687992495],[114.020359508784,-0.445099684003139],[114.020347691693,-0.445110283412816],[114.020334943803,-0.445119692120045],[114.020321326268,-0.445131475936819],[114.020311177419,-0.445140752443706],[114.020296415947,-0.445148170951256],[114.020282577179,-0.445156519357852],[114.020268738412,-0.44516579316678],[114.02025397694,-0.44517321257365],[114.020240139071,-0.445178776679143],[114.020227223907,-0.445184340784635],[114.020215232347,-0.44518897589046],[114.020198623668,-0.445199178699113],[114.020182020384,-0.445205670005635],[114.020167258912,-0.445213087613865],[114.020152498339,-0.445221435121084],[114.020133127842,-0.445223284127223],[114.020110988331,-0.445227915635769],[114.020096227759,-0.445232550741594],[114.020083314394,-0.445235329646721],[114.020059330374,-0.445245529757358],[114.020013203247,-0.4452668589783],[114.01997260695,-0.445291902399333],[114.019953025112,-0.44529885595739],[114.019918311281,-0.445320010709906],[114.019883598349,-0.445338835318921],[114.019853516027,-0.445357632948344],[114.019828099387,-0.445381087267322],[114.019805005697,-0.445406871729688],[114.019784244847,-0.445434971946327],[114.019763483998,-0.4454630802569],[114.019749661418,-0.445488815256567],[114.019738156391,-0.445509879177507],[114.019719726584,-0.445542642378996],[114.019719823711,-0.44556831892271],[114.019719954113,-0.445600999386556],[114.019720117789,-0.445640690065773],[114.019715640065,-0.445682736069386],[114.019708840291,-0.445722451929555],[114.01969971487,-0.445759844840893],[114.019685933659,-0.445794913004761],[114.019669819607,-0.445827658219798],[114.0196513898,-0.445860410629393],[114.019628322189,-0.445890849982675],[114.019602911845,-0.445918964588486],[114.019577495205,-0.445942409914267],[114.019549727738,-0.445961198550435],[114.019521954874,-0.445975319705212],[114.019489524422,-0.445987115213143],[114.019452445374,-0.445996594966857],[114.01941071863,-0.446003752671004],[114.019364360377,-0.446013264800285],[114.019313354428,-0.446020472866508],[114.019260031825,-0.446027688127231],[114.019204401562,-0.446037252417227],[114.019153420794,-0.446049120770283],[114.019104753981,-0.446060990022602],[114.019051447566,-0.446072868268232],[114.019000474892,-0.446087067663996],[114.018951817073,-0.446101269757719],[114.01890780695,-0.44611779480033],[114.018863813914,-0.446136650885705],[114.018824468574,-0.446157821825977],[114.018782815575,-0.446183662945657],[114.018738854914,-0.446211852195177],[114.018694910442,-0.446244713422743],[114.018648666403,-0.446282252024275],[114.018604771393,-0.446324464402437],[114.018560876383,-0.446369006024781],[114.01851697238,-0.446411209409746],[114.018477699886,-0.446451054772297],[114.018440744045,-0.44649089204097],[114.018406103059,-0.446530714021208],[114.018380743077,-0.446568171683737],[114.018360022697,-0.446607954093736],[114.018346273862,-0.446650033372293],[114.018334856968,-0.446696773837004],[114.018325764822,-0.446743500811863],[114.01831668077,-0.446792548037592],[114.018312227327,-0.446841588068764],[114.018307791871,-0.446890636193871],[114.01830567127,-0.446942018059644],[114.018303566856,-0.446995730068863],[114.018301422872,-0.447040099920628],[114.018299261802,-0.447079789700467],[114.01829707465,-0.447114817394834],[114.018294882103,-0.447145183003727],[114.018294997216,-0.4471732013821],[114.018292778589,-0.447198895012946],[114.01829060133,-0.447233931700566],[114.018288382703,-0.447259627130052],[114.018286164975,-0.447285319861578],[114.018279323832,-0.447313372414158],[114.018263178303,-0.447336783565675],[114.018244674752,-0.447350871445508],[114.018228521129,-0.447371942561062],[114.018207775568,-0.447404712957109],[114.0181939377,-0.447423445835284],[114.018173136381,-0.44744221108914],[114.018150002221,-0.447458656092067],[114.018119936986,-0.447479793757452],[114.018085256429,-0.447507950631348],[114.018045942566,-0.447538463729074],[114.018006662877,-0.447575978948237],[114.017965067434,-0.447615834203361],[114.017921147243,-0.447653364710959],[114.017881834279,-0.447683859822234],[114.017844828976,-0.447712015796867],[114.017807806585,-0.44773550878665],[114.017773092754,-0.447756655445232],[114.017745327985,-0.447773114837332],[114.017705958363,-0.447789614698934],[114.016141707274,-0.449487869269717],[114.015296426389,-0.450405561767241],[114.014765838972,-0.452080803586171],[114.014815796312,-0.45332472785384],[114.015343354812,-0.454103016441024],[114.015900182647,-0.454924483278205],[114.017042122896,-0.455920064259487],[114.017037083994,-0.455952397585008],[114.017046859625,-0.455989761718058],[114.017061622896,-0.456012192608569],[114.017078862899,-0.456034643284113],[114.017103497129,-0.456062092391619],[114.017135540873,-0.456094558816801],[114.017170052356,-0.456132023673888],[114.017209496621,-0.456171984149705],[114.017251379847,-0.456221901019887],[114.017298188661,-0.456274314408063],[114.017345008266,-0.456324233976147],[114.017391835965,-0.456371659724255],[114.017441142195,-0.45641911514997],[114.017490446627,-0.456469052704563],[114.017534776909,-0.456526452833486],[114.017571682387,-0.456588791139779],[114.017601144178,-0.45665858122851],[114.017615761758,-0.456730803983362],[114.017622953636,-0.456807973908838],[114.017622724309,-0.456887625963134],[114.017615080072,-0.456969742159799],[114.017607466412,-0.457041919049288],[114.01759738681,-0.457109108298653],[114.017589784841,-0.457173804627359],[114.017584650611,-0.45724100466856],[114.017581983222,-0.457310681442721],[114.01758177368,-0.457382861030169],[114.017581553346,-0.457462522976982],[114.017581290744,-0.45755213232502],[114.017581029041,-0.457644233694396],[114.017580797016,-0.457726370575472],[114.017585532846,-0.457798561854077],[114.017595214947,-0.457868279997058],[114.017614806678,-0.457933068056604],[114.017636876041,-0.457997867807308],[114.017666370207,-0.45805770959555],[114.017698330314,-0.45812003710995],[114.01773275816,-0.458182375416243],[114.017767196799,-0.458242219003182],[114.017804113069,-0.45829957056867],[114.017843528556,-0.458347002612015],[114.017885431567,-0.458389457807186],[114.017929832896,-0.45842694514738],[114.017981648235,-0.458461959351894],[114.01803838916,-0.458499478168335],[114.018097606819,-0.458536988890899],[114.018159283224,-0.458577003326013],[114.018225883418,-0.458624483033418],[114.018292481813,-0.458674473647989],[114.018354134835,-0.458726930203625],[114.018408355861,-0.458781858995565],[114.018460100154,-0.458836768002413],[114.018511842648,-0.458894161836042],[114.018568520621,-0.458954060281599],[114.018627668132,-0.459011474799695],[114.01868930137,-0.459068910002145],[114.0187509454,-0.459121364759142],[114.018817542895,-0.459173841099812],[114.018889066877,-0.459228813059212],[114.018958114126,-0.459283784119293],[114.019019747363,-0.459341200436029],[114.019078893976,-0.459398614954068],[114.019130625678,-0.459460996427822],[114.019177403914,-0.459523357217108],[114.019224178553,-0.459590714639717],[114.019266020411,-0.45965555935652],[114.019310329108,-0.459720412167258],[114.019347234587,-0.45978025665346],[114.01938165434,-0.459842576973301],[114.019411128721,-0.459904876608732],[114.019435676615,-0.459964671632235],[114.019452804204,-0.460021970137745],[114.019469958772,-0.460076782917156],[114.019487135823,-0.460121649194718],[114.019509278031,-0.460161565603698],[114.019536355718,-0.460201484710694],[114.019575782896,-0.460243921020094],[114.019622612394,-0.460291346768201],[114.019671908732,-0.460338783308146],[114.019721195177,-0.460388703775607],[114.019770501408,-0.460436141214871],[114.019819796846,-0.460486069776266],[114.019866636236,-0.460531029583308],[114.019915953259,-0.460573497368955],[114.019967747913,-0.460613491119659],[114.020017084721,-0.460648477445204],[114.020063945695,-0.460683470965364],[114.020108359613,-0.460710974032168],[114.020150318383,-0.460731002833484],[114.020184893718,-0.460741065347861],[114.020217031891,-0.46074116067598],[114.020244216597,-0.460741244312942],[114.020271411197,-0.460741327949904],[114.020308485748,-0.460741443063114],[114.020335679448,-0.460741517706822],[114.020367860788,-0.460724201260859],[114.020392629916,-0.460706856036552],[114.020417418829,-0.460684541158628],[114.020447163006,-0.460657250331792],[114.020476908982,-0.460627482772054],[114.020509130792,-0.460600210830989],[114.020546269195,-0.460577928328689],[114.020590797327,-0.460568107731945],[114.020640231262,-0.460568255220778],[114.020692130238,-0.460573391248943],[114.020748944009,-0.460586000643389],[114.020810671675,-0.460608587116553],[114.020874858988,-0.460633659315874],[114.020941531127,-0.460658750400967],[114.02100078206,-0.460681326981614],[114.021055128991,-0.460693943570618],[114.02110210328,-0.460694091059395],[114.021149077568,-0.460691751023433],[114.021505204602,-0.460805987406331],[114.021537343674,-0.460806090828385],[114.021564506797,-0.460813637938998],[114.02160153908,-0.460831162128386],[114.021638540786,-0.460856160583319],[114.021675530801,-0.460886135886426],[114.021705089718,-0.460918576231279],[114.021729722149,-0.460948509266245],[114.021749410107,-0.460978433308014],[114.021766620433,-0.46100834565857],[114.02178136212,-0.461038249015928],[114.021793627074,-0.461068150574647],[114.021805891129,-0.461100537859465],[114.021815688343,-0.461130430424987],[114.021823016019,-0.461162796126075],[114.021832803341,-0.461195181612311],[114.021840131917,-0.461225063385939],[114.021847462291,-0.461252452238853],[114.021857269398,-0.461279859078161],[114.021864608765,-0.461304763104295],[114.021876873719,-0.461334664663013],[114.021889138673,-0.461367051048512],[114.021898934988,-0.461399428440814],[114.021911199942,-0.461429329999532],[114.021923474789,-0.461456737738217],[114.021938238059,-0.461479179420564],[114.021953010323,-0.461501618404895],[114.021970241334,-0.461524060087243],[114.021987483136,-0.461544025936007],[114.022002266192,-0.461561487172844],[114.022021921774,-0.461601366709658],[114.022036653569,-0.461633754893853],[114.022048917623,-0.461666142178672],[114.022066108164,-0.461703526996132],[114.022073458323,-0.461725937202175],[114.022083275323,-0.46175085921476],[114.022090615589,-0.461773267622164],[114.022097954957,-0.461800666367594],[114.022151914279,-0.461860003636218],[114.022171600439,-0.461892438585153],[114.022186370904,-0.461917399268486],[114.02220607595,-0.461947350289961],[114.02222822895,-0.461982279958193],[114.022257776175,-0.462022208957706],[114.022287310811,-0.462067106711572],[114.022319303293,-0.462119469737672],[114.022348786667,-0.462179303432038],[114.022380735982,-0.462246617687185],[114.022415143144,-0.462316418567809],[114.022452038731,-0.462381251593456],[114.022491422741,-0.462438622944035],[114.022533296075,-0.462491026439693],[114.022580133666,-0.462538488160646],[114.022634395161,-0.462583469551419],[114.022686188917,-0.462625956222837],[114.022740450412,-0.462670936714289],[114.022792224382,-0.462718393039381],[114.022841518921,-0.462768341385811],[114.02288834662,-0.462818270846469],[114.022935144641,-0.462875661982139],[114.02297946503,-0.462935528951448],[114.023021305989,-0.462997879848217],[114.023060690898,-0.463055241306279],[114.023100084801,-0.463110127830078],[114.023139490395,-0.463162530426416],[114.023186318094,-0.463212458987755],[114.023235612633,-0.463262388448413],[114.023292322982,-0.463309855565342],[114.023351520856,-0.463354829761556],[114.023415654209,-0.463399815648927],[114.023482254403,-0.463447296255652],[114.023551323235,-0.463494794848827],[114.023617923428,-0.463542274556289],[114.023674622086,-0.463594712226154],[114.023723907632,-0.46364712561433],[114.023773194078,-0.463699550693661],[114.023822490416,-0.463749490046894],[114.023874274278,-0.463794451652575],[114.023930995419,-0.463836932028755],[114.023990202286,-0.463879412404935],[114.024051868799,-0.463919417846796],[114.024113555996,-0.463956930367999],[114.024177719926,-0.463991959861005],[114.024239417016,-0.464026997447945],[114.024296177726,-0.464059518731744],[114.024345517232,-0.464092031022346],[114.024389930251,-0.464122027909241],[114.02442940869,-0.464147053343765],[114.02446395165,-0.464169556180025],[114.024498497308,-0.464189574189447],[114.024535529591,-0.464204615350695],[114.024575040406,-0.46421966640446],[114.024621942748,-0.46423971678945],[114.024668845991,-0.46425976717444],[114.024723151552,-0.464284817790087],[114.024782390795,-0.464314856945066],[114.024841610252,-0.464349874746858],[114.024900819817,-0.464387386368742],[114.02495261627,-0.46442486831296],[114.024996997813,-0.464464829688097],[114.025033976137,-0.464502287350626],[114.025068477728,-0.464539743214516],[114.025100490895,-0.464582157940185],[114.025130038121,-0.464622068053927],[114.02515959434,-0.464659496038848],[114.025189141566,-0.464696904238679],[114.025221176316,-0.464731845598124],[114.025250734334,-0.464766788756265],[114.025277832706,-0.464799228201798],[114.025304922085,-0.464836661582638],[114.02532952214,-0.464879055623896],[114.025349166031,-0.464926416620756],[114.025366313405,-0.464978737378772],[114.02538099124,-0.465033532171731],[114.025388266755,-0.465080841907309],[114.025390599597,-0.465125638937025],[114.025390485383,-0.465165465413861],[114.025387910624,-0.465202796271967],[114.025382870823,-0.465237642303293],[114.025375372276,-0.465270002608463],[114.025365405989,-0.465299860100401],[114.025350486236,-0.465332180835446],[114.025333097844,-0.465361997857883],[114.025313242612,-0.465389312067032],[114.025290930432,-0.465414148644015],[114.025266148714,-0.465438975328425],[114.025238881269,-0.465466285940295],[114.025209145186,-0.46549357676713],[114.02518186695,-0.465523363212583],[114.025152100289,-0.465560602339906],[114.025124769892,-0.46560531393402],[114.025102383968,-0.46565503295335],[114.025084922731,-0.465709742310707],[114.025069949019,-0.465761975834482],[114.025059910786,-0.465814221049413],[114.025054817926,-0.465866477955558],[114.025049726863,-0.465916240142349],[114.025044643895,-0.465965993335885],[114.025037084194,-0.466015754623356],[114.025027045961,-0.466067991744353],[114.025012053364,-0.466122710994284],[114.024992112696,-0.466182388206619],[114.024964730138,-0.466249506409554],[114.024934849264,-0.466321594266105],[114.024907455015,-0.466391196396557],[114.024882559982,-0.466453345845196],[114.024860153373,-0.466510538230693],[114.02484516887,-0.466565265574502],[114.024832662897,-0.466617509890114],[114.024832536093,-0.466662315013764],[114.024842300032,-0.466707150714399],[114.024859458198,-0.46675448383229],[114.024886495415,-0.466806827073356],[114.024918447428,-0.46686664278127],[114.024952865382,-0.466931447927948],[114.024982319079,-0.466998726210193],[114.025006877765,-0.467053542586882],[114.025024056615,-0.467093412231122],[114.025033873614,-0.467118327049093],[114.025058527629,-0.467140799308368],[114.025088096439,-0.467170753027801],[114.025127522717,-0.467213190236521],[114.025169405943,-0.467263099012769],[114.02521622285,-0.467315522293461],[114.025263040657,-0.467367935681636],[114.025309859363,-0.467420349069812],[114.025356667276,-0.467472756162692],[114.025401028135,-0.467520190004734],[114.025440443622,-0.467567613954145],[114.02547738957,-0.467617511938556],[114.025509373059,-0.467667389238557],[114.025533941638,-0.467719730680983],[114.025553577436,-0.467767083583965],[114.025568275955,-0.467814433789044],[114.025578029103,-0.467864248136493],[114.025585303719,-0.467914050792785],[114.025590094407,-0.467963846254463],[114.025597369923,-0.468013640816821],[114.025607104185,-0.468063438077138],[114.025619315179,-0.468115738150743],[114.025633964236,-0.468175519684451],[114.025653545175,-0.468242785376219],[114.025673116221,-0.468315028815482],[114.025692688167,-0.468384767642874],[114.025714746738,-0.468449542212568],[114.025731873427,-0.468509324645595],[114.025751466957,-0.468569116971139],[114.025771070379,-0.468628911095323],[114.025788204262,-0.468688695326989],[114.025807807684,-0.468746002825696],[114.025824944266,-0.468803293237329],[114.025844547688,-0.468860591742839],[114.025864161902,-0.468915398227011],[114.025883755431,-0.468975183357998],[114.025908303326,-0.469034978381501],[114.0259377867,-0.469094803082669],[114.025969760296,-0.469149659029483],[114.026006675668,-0.469207018688905],[114.02604606957,-0.469261906112024],[114.026087913227,-0.469321764088079],[114.026124819605,-0.469379106660369],[114.02616418383,-0.469441438671424],[114.026201071322,-0.46950625371062],[114.026237947124,-0.469573561670472],[114.026269876654,-0.469643335571448],[114.026301807083,-0.469713126559498],[114.026331289557,-0.4697754450807],[114.026355838351,-0.46983524999672],[114.02637794009,-0.469885096719793],[114.026400042728,-0.469932449622831],[114.026422156158,-0.469977308705779],[114.026444268688,-0.470022168688104],[114.026463902687,-0.470071995626029],[114.026481049161,-0.470124308290167],[114.026495698218,-0.47018408083062],[114.026507866945,-0.470248813132173],[114.02651506242,-0.470321006209417],[114.026522265091,-0.470393199286661],[114.026529488445,-0.470460413717092],[114.026541667964,-0.470520186257545],[114.026551401326,-0.470574978352545],[114.026563633005,-0.470619815851762],[114.026578343216,-0.47065968459674],[114.026595541851,-0.470694577392806],[114.026615218118,-0.470729469289552],[114.026632408659,-0.470764361186298],[114.026649618085,-0.470796768256207],[114.026664369665,-0.470824177793531],[114.02668162136,-0.470841649822262],[114.026701319211,-0.47086659521716],[114.026718517845,-0.470901487113906],[114.026738132958,-0.470953798878668],[114.02676267186,-0.471013594801491],[114.026789677602,-0.471075892638282],[114.026819171767,-0.471133216324802],[114.026848666833,-0.471188053385902],[114.026851576139,-0.471192587767689],[114.026880650322,-0.471237921692705],[114.026917578284,-0.47128779359673],[114.026949571665,-0.471335177076696],[114.026981564148,-0.471385047182139],[114.027011069106,-0.471437409308919],[114.027040562372,-0.471497234010087],[114.027070025062,-0.471564521285586],[114.02709947606,-0.471639272034736],[114.027126419749,-0.471718981645665],[114.027153394014,-0.471793720703602],[114.027180379971,-0.471860999885166],[114.027204918872,-0.471920794908726],[114.02723195609,-0.47197314714299],[114.027261490725,-0.472018036802922],[114.027293513785,-0.472057958607877],[114.027328016275,-0.472095406377832],[114.02736500629,-0.472125380781677],[114.027399519572,-0.47215534709153],[114.027434052639,-0.472180335653945],[114.027456239814,-0.472200312294547],[114.027473480717,-0.472220270049377],[114.02750060337,-0.472242751301906],[114.027520331798,-0.472257740302439],[114.027547474237,-0.472275243807417],[114.027577082616,-0.472292748211714],[114.027606664016,-0.472315221370309],[114.027638720351,-0.472340191046953],[114.027668308945,-0.472365167018779],[114.027695428901,-0.472390133997465],[114.027725007603,-0.472417594796127],[114.027754597097,-0.472442571667273],[114.027789110379,-0.472472537977183],[114.027823633554,-0.472500009567739],[114.027855679096,-0.472529974978329],[114.027882780166,-0.472559919704509],[114.02790002017,-0.472582362286118],[114.027930399269,-0.47262553514031],[114.027954397677,-0.472646958790051],[114.027986408146,-0.472676417882326],[114.028023739904,-0.472705869780043],[114.028063730057,-0.472732630006817],[114.028111702593,-0.472748662220965],[114.028157006841,-0.472751282845365],[114.028210290772,-0.472751216295535],[114.028263572906,-0.472753832423393],[114.028316867629,-0.472769845751714],[114.02836752734,-0.472801961441291],[114.028412881949,-0.472852856773898],[114.028452919767,-0.472914484615728],[114.028490311779,-0.472992203127603],[114.028519717811,-0.473067259646257],[114.028546441165,-0.473139634386598],[114.028570517815,-0.473209322851915],[114.028594570183,-0.473273654055845],[114.028626620222,-0.473335296286848],[114.028663987053,-0.473388880592324],[114.028711986569,-0.473426360737903],[114.028762637286,-0.473455800944407],[114.028813296996,-0.473485232157714],[114.028866621397,-0.473517337954718],[114.028919950296,-0.473560178959019],[114.028973316066,-0.473619109734102],[114.02902135695,-0.473686090340777],[114.029064073848,-0.473758442598012],[114.029106793444,-0.473825428600605],[114.029152162442,-0.473884375563443],[114.029200182642,-0.473935263701435],[114.029253521433,-0.473978102907097],[114.029314856096,-0.474018254938471],[114.029378841061,-0.474053031722008],[114.029448147314,-0.474090484887938],[114.02951479787,-0.474125262570738],[114.029584097828,-0.474157348582708],[114.029674650565,-0.47419912478972],[114.029714727053,-0.474221545787657],[114.029770734132,-0.474253653383357],[114.02981873005,-0.474280418106787],[114.029856069902,-0.474312553581456],[114.029888085767,-0.474347370834437],[114.029914785739,-0.474390245113682],[114.029938837208,-0.474435810164437],[114.029960240173,-0.47448405699356],[114.029978968555,-0.474529620245733],[114.029997698735,-0.474572508914093],[114.030013748036,-0.474610037623108],[114.030024458062,-0.474644890848992],[114.030032490807,-0.474666335183201],[114.030053849705,-0.474690449604509],[114.030067204638,-0.474709204066471],[114.030085881758,-0.474730633112188],[114.030104557979,-0.474752063956544],[114.030123242294,-0.47477886105554],[114.030147255092,-0.474808324644414],[114.030168611292,-0.474840481702813],[114.030192654667,-0.474880679599664],[114.030214026157,-0.47491819391945],[114.030232749142,-0.474958399010859],[114.030248796645,-0.474998612196146],[114.030267516932,-0.475044184441515],[114.030288892918,-0.475089739599753],[114.030315600085,-0.475137980133638],[114.030347630339,-0.475183530795277],[114.030382327083,-0.475226398779228],[114.03041703282,-0.475266574192972],[114.030451731362,-0.47530676039861],[114.030489079308,-0.475341580349607],[114.030523753568,-0.475371031347947],[114.030555755943,-0.475397805963951],[114.030587752023,-0.475419225117093],[114.030614409727,-0.475432598935242],[114.030638396445,-0.475443289176383],[114.030659716673,-0.475451311129063],[114.030694363055,-0.475464672356679],[114.030726344745,-0.475475356302582],[114.030750325167,-0.475478004806007],[114.030782294268,-0.475477965235882],[114.030811602274,-0.475485972799333],[114.030823990435,-0.475489356948231],[114.030840920172,-0.475493982161481],[114.030883540843,-0.475496602785938],[114.030907522165,-0.475496576705609],[114.030947478144,-0.475496521846935],[114.030979446344,-0.47549648137749],[114.031019411317,-0.475499110095825],[114.031064711068,-0.475509773357317],[114.031091348987,-0.475509740082373],[114.031067420725,-0.475552681810768],[114.031062097638,-0.475576812419888],[114.031056798832,-0.475606327270157],[114.031051511718,-0.475630466872474],[114.031046195825,-0.475657290051856],[114.031040889825,-0.47568142875491],[114.031032909241,-0.475708251034916],[114.031024920564,-0.475729715154159],[114.031019616362,-0.475753853857213],[114.03101429957,-0.475780677036596],[114.031009001664,-0.475807499316602],[114.031003719046,-0.475842373226897],[114.030998418442,-0.475877236345355],[114.030990469335,-0.475912109356329],[114.030979881616,-0.475968439291989],[114.030977259193,-0.475995263370635],[114.030971974777,-0.476030127388412],[114.030958702582,-0.476067698365512],[114.030942756703,-0.476105258550774],[114.030929460227,-0.476137454280035],[114.030916169146,-0.476177690847692],[114.030897545985,-0.476199167557468],[114.030878922824,-0.47622064516662],[114.030860296965,-0.476247489030357],[114.030836348918,-0.476277013773142],[114.030809741576,-0.476309231086077],[114.030783136033,-0.476341448399069],[114.030753880187,-0.476376346591053],[114.030727282738,-0.476408562105405],[114.030700685288,-0.476440780317716],[114.030703364369,-0.476494404193375],[114.030708726127,-0.476526571144291],[114.030719434355,-0.476566789725496],[114.030727457206,-0.476588234959024],[114.030732813569,-0.476612361071545],[114.030738169031,-0.476639169861755],[114.030748845783,-0.476668655933679],[114.030758261684,-0.476706995831137],[114.030767549883,-0.476730301761961],[114.030778228433,-0.476757105156253],[114.030788914177,-0.476783906751848],[114.030799583734,-0.476808026569131],[114.030815577277,-0.476829455614848],[114.030831569921,-0.476850884660564],[114.03084755627,-0.476869631028592],[114.030866222598,-0.476891060074308],[114.030884890725,-0.476912490918664],[114.030900893262,-0.476933919065061],[114.030932865959,-0.476966052741091],[114.030962132596,-0.476987462001716],[114.03099405763,-0.477003495115184],[114.031031339924,-0.477024888187998],[114.031055317649,-0.477032902946064],[114.031081960964,-0.477040911408892],[114.031111277963,-0.47704891987172],[114.031140586869,-0.477056929233868],[114.031172559566,-0.47706761228045],[114.031204532263,-0.477080980702624],[114.031236503162,-0.477097022809289],[114.031263141981,-0.477113072110569],[114.031289781698,-0.47712913040499],[114.031311099228,-0.477145185102188],[114.03132976106,-0.477158565215575],[114.031359085254,-0.477174624409315],[114.031385742058,-0.477190681804473],[114.031404411984,-0.477206744595549],[114.031425744802,-0.47722816734597],[114.031444430016,-0.477252281767335],[114.031463113432,-0.477279069873134],[114.031479131257,-0.477305875066008],[114.03149780478,-0.477332663171808],[114.031513829799,-0.477362142948493],[114.031529855718,-0.477391621825859],[114.031545872644,-0.477421100703168],[114.031561897664,-0.477450581379173],[114.031577914589,-0.477480060256539],[114.031593939609,-0.477509531039971],[114.031609958333,-0.477536327239648],[114.031628622863,-0.477563124338644],[114.031652326294,-0.477597267100123],[114.031673931607,-0.477616685261751],[114.031703184754,-0.477630051885342],[114.031732430707,-0.477638043261038],[114.031764359338,-0.477648718213743],[114.031785669673,-0.477659415649441],[114.031806995297,-0.477678154822911],[114.031830993706,-0.477699577573389],[114.031857656806,-0.477723677605582],[114.031884336093,-0.477753143892414],[114.031908347992,-0.477785291957616],[114.031932359891,-0.477817440022818],[114.031953705299,-0.477852270765652],[114.031975050708,-0.477887109602364],[114.031993720634,-0.477921940345198],[114.032009726768,-0.477956777383326],[114.032025723009,-0.477991614421398],[114.032041712955,-0.478021085204887],[114.032055029216,-0.478047887699802],[114.032065705068,-0.478077364778528],[114.032073723424,-0.478112208111895],[114.032081757068,-0.478149753008665],[114.032084475718,-0.478192651569543],[114.032087195268,-0.478235551929117],[114.032089914818,-0.478275777704937],[114.032092634368,-0.478318687057708],[114.032095344924,-0.478358902041634],[114.032098047387,-0.478399127817454],[114.03210341544,-0.478439346398659],[114.032109330281,-0.478483220724002],[114.032114129963,-0.478525139023873],[114.032119486325,-0.478570713967201],[114.032124834593,-0.478613606232898],[114.032132867338,-0.478656508391111],[114.032138218304,-0.478694040697349],[114.032146242055,-0.478734252083996],[114.032154255914,-0.478777145249012],[114.032164935364,-0.478822713897102],[114.032172949222,-0.478865606162742],[114.032183635866,-0.478911174810833],[114.032194325208,-0.478954069774431],[114.032207671147,-0.478994272167881],[114.032221007194,-0.479037150044405],[114.032234353133,-0.479080036014807],[114.032247706267,-0.479125605562217],[114.032261068394,-0.47917117600889],[114.032271755038,-0.479216743757661],[114.032278934325,-0.479261375312149],[114.032282467762,-0.479307902637572],[114.032285168426,-0.479353486574098],[114.032285210694,-0.479399068711984],[114.032285243969,-0.479447335326199],[114.032285268251,-0.479495600141775],[114.032285306022,-0.479551915688319],[114.03228536178,-0.479610905818618],[114.032285418437,-0.479667222264425],[114.032285449914,-0.479718170657009],[114.032285483189,-0.479766436371904],[114.03228817396,-0.47981202030843],[114.032293547409,-0.479860277929447],[114.032306924825,-0.479911214630818],[114.032322959737,-0.479959459661302],[114.032344302448,-0.480002340235785],[114.032370960152,-0.480037164683381],[114.03240027895,-0.480063939299328],[114.03243492803,-0.480090706720716],[114.032472246297,-0.480112109686047],[114.032514885853,-0.480133506356196],[114.032557508322,-0.480152217650698],[114.032610049414,-0.480168880289568],[114.032650735643,-0.48018159580397],[114.032696018307,-0.480194942642413],[114.032735987776,-0.4802056121992],[114.032773291654,-0.480216289849864],[114.032810596432,-0.480226968399847],[114.032847905706,-0.480245686888907],[114.03288255029,-0.480264414371163],[114.032919850571,-0.480283132860222],[114.032954503248,-0.480304543020225],[114.032981165449,-0.480331325730049],[114.033005183642,-0.480366148379005],[114.033021204165,-0.480409036148046],[114.033034559098,-0.480449239440816],[114.033045249339,-0.480489449928143],[114.033055923392,-0.480524294160773],[114.033063942647,-0.480553779333377],[114.0330719637,-0.480580589922226],[114.033702920853,-0.48151920784511],[114.033815266861,-0.482768510058634],[114.033313545884,-0.485659593015782],[114.033250523193,-0.486022753647092],[114.033016314551,-0.487372338362661],[114.032691421872,-0.488014795146626],[114.032028170963,-0.489326332244389],[114.031677082831,-0.491056326588136],[114.031580617052,-0.493138874059753],[114.031758601878,-0.494027585904291],[114.031922016788,-0.494843551588588],[114.032366086726,-0.495478210351052],[114.032870127055,-0.496198573605227],[114.035529988918,-0.500000000699401],[114.036808984047,-0.50147782064488],[114.037569302381,-0.502356333278101],[114.040762533264,-0.507720961053451],[114.045819692725,-0.508467083588982],[114.05039810259,-0.509590090410313],[114.051683848031,-0.509905461967435],[114.051972894633,-0.509976360020971],[114.046893537207,-0.518833405137514],[114.046729810233,-0.525497916595555],[114.049989159272,-0.530061005610889],[114.051602034007,-0.532319030598728],[114.05519474644,-0.535536779698589],[114.055766857355,-0.53604918102485],[114.057009427243,-0.537162065976531],[114.057668834449,-0.537752651663482],[114.058051119164,-0.538095038854919],[114.065440281844,-0.541090667100548],[114.066271894832,-0.541932983820118],[114.066542490943,-0.542207063005492],[114.066990273282,-0.542660608200435],[114.070160474326,-0.545871609686969],[114.07200806582,-0.54721111390171],[114.077242089551,-0.551005779892762],[114.078713315667,-0.55207241900689],[114.078507929397,-0.552277806175766],[114.073248476436,-0.557537260036497],[114.07322524335,-0.557560493122196],[114.070730664289,-0.560482714205875],[114.069661559234,-0.563761302442117],[114.069633449124,-0.563849647343318],[114.06865388327,-0.566928283913114],[114.066169149087,-0.574737447974769],[114.063222809085,-0.577170026875194],[114.065075721867,-0.593374075353267],[114.066131343387,-0.594124595573589],[114.067686175876,-0.595230045829908],[114.073576338677,-0.59941781178253],[114.080741786005,-0.606711123819252],[114.083551829254,-0.611692563960617],[114.085991453443,-0.612870314313511],[114.087255976682,-0.613480774118386],[114.091854230089,-0.613991689764646],[114.09530139894,-0.618516099838075],[114.09594156605,-0.619356319338635],[114.10079527728,-0.621272256609302],[114.105265799977,-0.625742781104407],[114.102896805843,-0.630932008705201],[114.102583487438,-0.631618326324656],[114.102308410005,-0.634231553843108],[114.101817111271,-0.638898893169312],[114.102586611683,-0.640738025639337],[114.1045483856,-0.645426730159443],[114.104708935269,-0.645810448393433],[114.104970628092,-0.64643590169544],[114.105301656846,-0.647227071272255],[114.106025347592,-0.648956715779775],[114.107110204273,-0.651549556566749],[114.10854579835,-0.654980674318608],[114.108779986307,-0.656219919413729],[114.110039229627,-0.662883420933099],[114.110837425607,-0.667107209230267],[114.111139970134,-0.668708172444155],[114.111201428004,-0.669033385282432],[114.111482988649,-0.670523310102624],[114.112000373119,-0.673261136891881]]]},"properties":{"Kecamatan":"MANDAUTALAWANG"}},{"type":"Feature","geometry":{"type":"Polygon","coordinates":[[[114.164725183021,-1.26553759608316],[114.165977040208,-1.26584146710996],[114.167629995928,-1.26638753095972],[114.169483443806,-1.26646509838554],[114.174858936291,-1.26942355495305],[114.175147331784,-1.26958227630098],[114.17532795702,-1.26980121175649],[114.178644823999,-1.27382158689664],[114.178646787219,-1.27382396740211],[114.179973969823,-1.27377444623363],[114.181229444983,-1.27412388860654],[114.181644419155,-1.27440192840623],[114.182921508621,-1.27525759556153],[114.183422282612,-1.27559312182507],[114.189905592369,-1.27840003903054],[114.190365270041,-1.27859905360339],[114.192802422894,-1.28263987842757],[114.193166186071,-1.2832430006639],[114.193424114331,-1.28367064898123],[114.199497952868,-1.28971900342924],[114.200599384954,-1.29406609597351],[114.204332840388,-1.30880117113708],[114.205540818754,-1.31491525973138],[114.207058604571,-1.32259741703712],[114.207178998612,-1.32320678326641],[114.208215741563,-1.32413833881321],[114.210024923012,-1.32576396143764],[114.210245418791,-1.32596208568168],[114.21590889398,-1.33105095074075],[114.216872077784,-1.33191641241245],[114.223308512178,-1.33553061234784],[114.225014151982,-1.33989291332722],[114.224651576809,-1.34630420537474],[114.225304279569,-1.34823402458051],[114.227243234987,-1.35028295179671],[114.226724456568,-1.35425432377798],[114.22903788609,-1.35946834928484],[114.23112519727,-1.36381045418904],[114.23137216999,-1.36432421708889],[114.232367869682,-1.36527880517269],[114.24051357714,-1.37308817787704],[114.24280929901,-1.37528911120347],[114.250000002898,-1.38218291470969],[114.256451845376,-1.39009515097041],[114.262710966738,-1.39546259182509],[114.263345853928,-1.39600703329791],[114.264392385101,-1.39690447396225],[114.268731667932,-1.40062557810791],[114.2741735097,-1.40529217009754],[114.275258956336,-1.40622298280437],[114.27734638173,-1.4080130320757],[114.277987289882,-1.40856263565706],[114.27993190923,-1.40913458289464],[114.294004379199,-1.41327354443848],[114.302484014825,-1.42288379874827],[114.302604614811,-1.42320683612655],[114.305176425851,-1.43009561242252],[114.307760232948,-1.43701652419321],[114.307614147075,-1.4388530306428],[114.307216499242,-1.44385203634238],[114.306661913417,-1.45082396935067],[114.306441178418,-1.45359892285194],[114.309789438931,-1.45784005277619],[114.312929510888,-1.46181747809408],[114.314920814044,-1.46433979494554],[114.314199790688,-1.46762765968867],[114.312178909729,-1.47684287779651],[114.310209905263,-1.4858215391327],[114.322269830988,-1.49750459226306],[114.330749466615,-1.49788146485764],[114.337910047711,-1.49976582872995],[114.33807484218,-1.50000001129143],[114.345070627907,-1.50994139238128],[114.35373870118,-1.52181288225864],[114.358072738266,-1.53161157061743],[114.364008481406,-1.54364009111725],[114.36887502776,-1.56213298704768],[114.369033451433,-1.56273497613819],[114.379753384611,-1.60527971498681],[114.384108357914,-1.64346948233072],[114.386788342108,-1.65854438881246],[114.399183266195,-1.69103919030636],[114.397843275447,-1.73023395003673],[114.395498288715,-1.74095388591303],[114.394636737296,-1.74999999999994],[114.394254056879,-1.75401807017772],[114.395817826831,-1.77472958100532],[114.395769779652,-1.77510015924491],[114.395896427578,-1.77799377109562],[114.395902757007,-1.77971927512442],[114.395904133869,-1.7800950757271],[114.3959050206,-1.78033722358396],[114.395891996618,-1.78115023589464],[114.395914841197,-1.79737899414522],[114.395783961061,-1.80415138467862],[114.39572722733,-1.81060771927076],[114.395794993944,-1.81307560285671],[114.395864850582,-1.81408003496557],[114.395935699173,-1.81439100344198],[114.405548227869,-1.86389813439132],[114.435363045169,-1.92185277988182],[114.45244794092,-1.9469776264163],[114.459147900056,-1.95836755631763],[114.468527844285,-1.96640750710071],[114.476688109968,-1.98128799364594],[114.479917773287,-1.98717738033179],[114.500000005996,-1.98705120544872],[114.573733940269,-1.98658582157833],[114.582557543196,-1.98655100612399],[114.58271152062,-1.98655797586986],[114.583677056151,-1.98660168292128],[114.587242516429,-1.98667867478099],[114.587429121257,-1.98667959388808],[114.590701103973,-1.98669571243715],[114.594005106151,-1.98677230589715],[114.59455404963,-1.98678450160344],[114.602070287414,-1.98695148322435],[114.602360237835,-1.98695792506817],[114.606668517438,-1.98708379418173],[114.6107986998,-1.98708981064618],[114.616257595412,-1.98732244907171],[114.616706607124,-1.9948722270716],[114.616717938582,-2.00000000039967],[114.616754996946,-2.01676917116026],[114.694242300342,-2.15493693818911],[114.695277250045,-2.16166411530662],[114.691137449434,-2.17046119093118],[114.693724825041,-2.19788737110525],[114.682030027664,-2.23220385282548],[114.682006360205,-2.23351906904975],[114.68176277793,-2.24390755708805],[114.681629903997,-2.25000000259797],[114.681608665608,-2.25247480197049],[114.681466945044,-2.25788953997022],[114.681374637729,-2.2621180389163],[114.681344556306,-2.26309383211463],[114.681344023908,-2.26342868028934],[114.681361128114,-2.26463416033818],[114.68136003184,-2.26532298616684],[114.681321199114,-2.26582041288168],[114.681290595185,-2.26712148636744],[114.681186658737,-2.27266065276689],[114.681093962017,-2.27712210939779],[114.681063019942,-2.27861117176809],[114.680959680645,-2.28374852197663],[114.680880809202,-2.2884100274008],[114.680833576808,-2.29120106437756],[114.680779919658,-2.29498953673766],[114.680652696165,-2.30309646093286],[114.680623909766,-2.30912366422569],[114.680593386775,-2.31598274310903],[114.680552628601,-2.32531426783913],[114.680534689824,-2.32537881667901],[114.680331931374,-2.32577611287724],[114.672092545135,-2.34398012588207],[114.659618346709,-2.37153830225083],[114.65934326478,-2.37214598584853],[114.65801065207,-2.37508985091586],[114.655997840728,-2.37953627897605],[114.654990198039,-2.38171488573334],[114.654223302064,-2.38337296489038],[114.651187992132,-2.3900594180077],[114.64942597383,-2.39394088116666],[114.647621549795,-2.39792713602844],[114.645817107773,-2.4019133782997],[114.644304877069,-2.40526639442851],[114.643944760642,-2.40606485930579],[114.64167821188,-2.41109031496603],[114.637825447886,-2.41975108124734],[114.634058793978,-2.42806753398946],[114.63025409515,-2.43633363908611],[114.62606481384,-2.44554610436916],[114.622794261946,-2.452858768917],[114.618795402186,-2.4618562009029],[114.617734613162,-2.46423989805282],[114.614700965177,-2.47105668541764],[114.61052270326,-2.48053198566254],[114.605285895228,-2.49234908004598],[114.605054998789,-2.49287013015231],[114.603542379577,-2.49626707186781],[114.601916951206,-2.50000000119906],[114.601611422729,-2.50070166484988],[114.600237569808,-2.50385680224957],[114.59769683574,-2.5096876673519],[114.593628049195,-2.51886392503008],[114.590762714728,-2.52528723381874],[114.589788355948,-2.5275430887425],[114.588699391164,-2.53004745422658],[114.587720794779,-2.53232763221439],[114.587701055559,-2.53237362534247],[114.587336741098,-2.5330898472186],[114.587242790722,-2.5333099284104],[114.58717547287,-2.53349850814959],[114.587117417135,-2.53359668443937],[114.58703401221,-2.5336921924407],[114.586932696387,-2.53382951891712],[114.586890794275,-2.53398489388769],[114.586878692997,-2.53409847196684],[114.586884427974,-2.53421208422026],[114.58687830539,-2.53430773611308],[114.586794878881,-2.5344152023996],[114.586723329718,-2.53452866896288],[114.586687406299,-2.53466611774707],[114.586627558215,-2.53488124996966],[114.58657393344,-2.53494691756612],[114.58650253986,-2.53497667883062],[114.586431202038,-2.53497654573096],[114.586336095135,-2.53497038897223],[114.586241044888,-2.5349343360507],[114.586175650686,-2.53493421374293],[114.586133982397,-2.53496402986605],[114.586092213385,-2.5350476578231],[114.586056278275,-2.53519108709895],[114.586008474811,-2.53532253470718],[114.585984506979,-2.53542413201802],[114.585990320197,-2.53549589072276],[114.586037799905,-2.53553783330432],[114.586132796192,-2.53560377969063],[114.586203955948,-2.53569957727365],[114.586209669341,-2.53582514691294],[114.586183269742,-2.5360035202462],[114.586121132884,-2.53617081573049],[114.586020887254,-2.5363715210288],[114.585916918431,-2.53660784487607],[114.58576180876,-2.53690052473939],[114.585690259598,-2.53701399220193],[114.585606821398,-2.53712743628211],[114.585517426088,-2.53724684826341],[114.58535062703,-2.53743188287507],[114.585249297717,-2.53757518894378],[114.58517758218,-2.53777833859942],[114.585093876881,-2.5380352794046],[114.585093500065,-2.53823856305917],[114.585057519089,-2.53840590710689],[114.585021628046,-2.53852541981223],[114.58497381379,-2.53866284611343],[114.584890309041,-2.53881216414999],[114.584824671122,-2.53894357758401],[114.584782789694,-2.53908699606797],[114.584770622766,-2.53923644720425],[114.584746643243,-2.53934402320806],[114.584663170869,-2.53947540426645],[114.584096097957,-2.54071796606127],[114.583988735092,-2.54090909178109],[114.58388146126,-2.54105238615864],[114.583762185077,-2.54125544588209],[114.583678468087,-2.54151836358159],[114.583164783428,-2.54282081392938],[114.582012902074,-2.54524610742186],[114.581027692074,-2.54755213012663],[114.579803763333,-2.55034797128178],[114.578752540397,-2.55297672379675],[114.577873578103,-2.55480143743637],[114.577811112993,-2.55493111338012],[114.577709067819,-2.55516017789984],[114.575269925667,-2.56063538991128],[114.573582528611,-2.56456517004654],[114.571843273049,-2.56847248691571],[114.57060046484,-2.57121794984846],[114.569658944804,-2.57333761413952],[114.569578304395,-2.57350400040923],[114.569547205839,-2.57356816433929],[114.569512106199,-2.57364058584432],[114.568147674576,-2.57644593643079],[114.567823425811,-2.57711260925947],[114.567181483439,-2.57839112594968],[114.566891158001,-2.57896934685783],[114.566234523405,-2.58039564824054],[114.565955941314,-2.58100076157586],[114.565316231959,-2.58242861518841],[114.565236575408,-2.58260641295556],[114.564464352748,-2.58437323543643],[114.564229648579,-2.58491022782471],[114.56361101034,-2.58628146012126],[114.563371865319,-2.58681152862908],[114.562686467706,-2.58831714571966],[114.562490587271,-2.58874743444647],[114.561926564859,-2.58999593536407],[114.561813297945,-2.59024666095462],[114.561217163441,-2.59156624068942],[114.561158820823,-2.59169538693249],[114.560169044066,-2.59397573669082],[114.560100451874,-2.59413376915808],[114.560047528571,-2.59425569834178],[114.559960719712,-2.59444808940776],[114.558901503602,-2.59679552859075],[114.558269758642,-2.59826756859337],[114.557682631748,-2.59963563527629],[114.557402438072,-2.60026723634383],[114.55652275632,-2.60225017220762],[114.556455723553,-2.60240127090191],[114.55568991126,-2.60415406305953],[114.555564454936,-2.60444120579695],[114.554810255589,-2.60616043435653],[114.554685989967,-2.606443698318],[114.553947564728,-2.60813578084156],[114.55384089704,-2.60838020758047],[114.553036657616,-2.61014777200205],[114.552964859341,-2.61030557334351],[114.552122806123,-2.61224341719992],[114.551940473974,-2.61266370366695],[114.551310856811,-2.61411502059167],[114.551151598567,-2.61448219040074],[114.550898523048,-2.61506366775404],[114.550786660876,-2.61532068859884],[114.550005028609,-2.61711660055062],[114.549168767924,-2.61914775626389],[114.548076061961,-2.62159094176849],[114.547378056752,-2.62326408726778],[114.547344576791,-2.62333982007658],[114.545729325148,-2.62687755875231],[114.544851470819,-2.62888469986893],[114.543997684146,-2.63074241682904],[114.543024300231,-2.63295264195079],[114.542414886338,-2.63448798343364],[114.541955141217,-2.63549150722724],[114.541569409401,-2.63615817106268],[114.541445615922,-2.63637212427409],[114.541322811698,-2.63658436787421],[114.540845510912,-2.6374443652652],[114.539812219558,-2.63987567342355],[114.538784300755,-2.64259396693797],[114.537834320797,-2.64497760203466],[114.536997540304,-2.64723590401371],[114.536059080662,-2.64979891698636],[114.535264090765,-2.65196163542112],[114.534391572113,-2.65424377033366],[114.53341704606,-2.6568323123613],[114.533327719099,-2.65706958319464],[114.532538572097,-2.65927415337944],[114.53157044472,-2.66178925497007],[114.530440656111,-2.66487200593826],[114.530071736222,-2.6659659682548],[114.528563571352,-2.67002187830701],[114.527511386142,-2.67293138567487],[114.52657868306,-2.67554817360929],[114.525676446311,-2.6780474911987],[114.52520959115,-2.67934785422005],[114.524408493058,-2.68155236864686],[114.524161031107,-2.68221284514664],[114.523356470625,-2.68436021575133],[114.522549365961,-2.68658862426554],[114.521695769944,-2.6888719390887],[114.520954467775,-2.69089361324961],[114.51997868267,-2.69361789804753],[114.519314080081,-2.69533839734913],[114.517866462068,-2.69932015200334],[114.513140798109,-2.69720768588593],[114.508028431967,-2.69504677688718],[114.507813195423,-2.69495272938491],[114.502594077954,-2.69267220695673],[114.50251621735,-2.69263825485154],[114.500053084882,-2.69162084372692],[114.500000025781,-2.69159892814798],[114.4999999997,-2.69159891735609],[114.49730434392,-2.69048545773762],[114.497304268377,-2.69048542806001],[114.491975066696,-2.68836304961502],[114.488864784782,-2.6870620723567],[114.483669387832,-2.68493819564117],[114.47712814195,-2.68221798117486],[114.471893512975,-2.6800746098553],[114.466812215711,-2.67794451342849],[114.465742331843,-2.68056771532775],[114.465654552616,-2.68053113180622],[114.465105031772,-2.68196101518868],[114.464647732807,-2.6831509207783],[114.464211710002,-2.68424245222735],[114.463381708599,-2.6863202458826],[114.463012731153,-2.68724392606629],[114.462463534065,-2.6886357177641],[114.462249123099,-2.68917908274841],[114.430098434595,-2.69518055104157],[114.420770836305,-2.69645249638558],[114.392152066065,-2.69634650138988],[114.353357732174,-2.70164627275722],[114.337708325279,-2.70518109942816],[114.337577473921,-2.70206358066969],[114.337435570795,-2.69868286991846],[114.337271686439,-2.69477871686422],[114.337132832914,-2.69147113538452],[114.336954640344,-2.68722668965995],[114.336276093767,-2.67207095660933],[114.33615132992,-2.6692846788448],[114.336035981975,-2.66670880017097],[114.335895224585,-2.66283687791952],[114.335672452622,-2.65670950543927],[114.335463464567,-2.65096197961162],[114.334956137216,-2.63801293015257],[114.334896545439,-2.63603341890712],[114.33462549517,-2.62703113507877],[114.334523055195,-2.62362937209781],[114.334020225353,-2.60842073372982],[114.333751639227,-2.60317943268461],[114.333738509125,-2.6029232248269],[114.333643395926,-2.60106722107537],[114.332813218256,-2.58561857433767],[114.332771207325,-2.58483690429966],[114.332736682352,-2.58419450777029],[114.332572587555,-2.58114135708792],[114.33255785666,-2.58087742675178],[114.331639513053,-2.56442594779918],[114.331091710814,-2.55340651070185],[114.330466521013,-2.54297991838848],[114.329786623654,-2.53136722641631],[114.329415052563,-2.5247287089627],[114.32882898417,-2.51335727991449],[114.328825012764,-2.51328024938397],[114.328076463858,-2.50000002278279],[114.328076462959,-2.50000000029974],[114.328041172662,-2.49937395164648],[114.327932173931,-2.49762264606824],[114.327710339061,-2.49405845833115],[114.32727845044,-2.48711978135276],[114.327251432108,-2.48653850544764],[114.327251934829,-2.48628865130019],[114.327267208915,-2.48578654811064],[114.327269450025,-2.48467315324336],[114.327195595001,-2.48317814815294],[114.327153689291,-2.48232989770656],[114.32705879103,-2.48101955670711],[114.326889183389,-2.47972312911907],[114.326709110337,-2.47683007125073],[114.326605459874,-2.47504483694962],[114.326279847737,-2.46994655868667],[114.326017425564,-2.46567147485865],[114.325755616728,-2.46106591715829],[114.325500487158,-2.45674406138926],[114.325394986789,-2.45495698527662],[114.325361501432,-2.45438974958722],[114.325087203712,-2.44917804343191],[114.324831064202,-2.44468248001237],[114.324785339972,-2.44372441514957],[114.324506390957,-2.44044616325976],[114.324349479945,-2.43853669211461],[114.323763511377,-2.43140622211939],[114.323667333381,-2.43028927942663],[114.323600996689,-2.42951891836333],[114.323578431799,-2.42902154470846],[114.323578679113,-2.42889613334984],[114.323579139566,-2.42866201284158],[114.323579600918,-2.42842789323265],[114.323614279675,-2.42727321678547],[114.323673169082,-2.42531232780163],[114.323757628911,-2.42249969810251],[114.323761247783,-2.42236897085127],[114.323829008102,-2.41992073565336],[114.323869995604,-2.41843964577299],[114.323924276884,-2.41647819111557],[114.323987903919,-2.41417886296409],[114.324032443742,-2.41246011194454],[114.324048317676,-2.41184751535053],[114.324055454696,-2.41157211416169],[114.324078137396,-2.41069682829595],[114.324121982044,-2.40900467022931],[114.32416773865,-2.40723869760774],[114.324180650217,-2.40674037067151],[114.324193561784,-2.40624204643325],[114.324300732193,-2.40413660222237],[114.324350808243,-2.40315281584975],[114.324352761571,-2.40311443098614],[114.324423888052,-2.40171703920993],[114.32449513864,-2.40031719857978],[114.324516099139,-2.39932216528564],[114.324523854892,-2.39914630106091],[114.324535321248,-2.39888635202345],[114.324707629553,-2.39497939668178],[114.324708082812,-2.39496909494773],[114.324754814283,-2.39390946604897],[114.32476793809,-2.39341971774576],[114.324836836051,-2.39084838604413],[114.32484408099,-2.39062771759507],[114.324847532588,-2.39052259584111],[114.324947932002,-2.38746449439088],[114.32505116428,-2.38568661474545],[114.325101088345,-2.38467814108327],[114.325103166678,-2.38463616612614],[114.325199619867,-2.38268779480586],[114.325368346172,-2.3790246987308],[114.325621162687,-2.37343079779305],[114.325622446019,-2.37340241428996],[114.325625200643,-2.37331439584267],[114.325629055137,-2.37319123099047],[114.325520598697,-2.37319848492211],[114.323957793717,-2.37330300592896],[114.320989821423,-2.37349813812853],[114.318494154182,-2.37369406263082],[114.314842870702,-2.37388776490837],[114.307610035375,-2.37440447308791],[114.302717175757,-2.37471050518565],[114.299292493554,-2.37496209592393],[114.294513674267,-2.3753543909923],[114.290933679146,-2.37561987895418],[114.286031606873,-2.37598318437642],[114.284318649286,-2.37610331581533],[114.280990944577,-2.37633668359103],[114.275123014815,-2.37682479782609],[114.271706946319,-2.37708338978655],[114.268475332371,-2.37733524492558],[114.265828978325,-2.37756670344055],[114.262614198786,-2.37782961844209],[114.26259966844,-2.37604523130233],[114.262551439597,-2.37012528475407],[114.262549941327,-2.36994135361056],[114.26254987028,-2.36993055275275],[114.262504220693,-2.36295995433835],[114.26249341444,-2.35633665071583],[114.262409799972,-2.34839038141092],[114.262393147226,-2.34680827877901],[114.26237900089,-2.34185890216656],[114.262370597625,-2.34105539389128],[114.262370526579,-2.34104863818408],[114.262338907315,-2.33802505181467],[114.262340241009,-2.33733694634293],[114.262334811802,-2.33709363656203],[114.262340962266,-2.3369018678269],[114.262353182254,-2.33672854508626],[114.262359608809,-2.33652808530286],[114.262363019038,-2.33631430116401],[114.262512572697,-2.32568858456051],[114.262514070968,-2.32491151455469],[114.261736494644,-2.25693745380039],[114.261672964736,-2.2500000196851],[114.261672964736,-2.24999999990001],[114.261610622832,-2.24319642987132],[114.261724047127,-2.23195120088718],[114.260605888551,-2.2303554159696],[114.26046576968,-2.23035316316788],[114.254590520336,-2.23024172457588],[114.250000005596,-2.23016141961375],[114.240962174265,-2.22993080376352],[114.234545024933,-2.2298708666471],[114.22736362633,-2.229772873819],[114.213643463975,-2.21694190264662],[114.208696885153,-2.21223443377204],[114.204177129071,-2.20806574333932],[114.2007964453,-2.20483166524912],[114.196810473724,-2.20120195920299],[114.190892771884,-2.19570816539948],[114.184698518622,-2.18993190623246],[114.184697931365,-2.18993135674668],[114.184691276381,-2.18992515142457],[114.183390001447,-2.1887116853959],[114.181048546353,-2.18652822769553],[114.173913147174,-2.17993335074351],[114.174401535702,-2.15826882744437],[114.174409715036,-2.15790589883812],[114.17447240228,-2.15512377324347],[114.174624100822,-2.14838999240419],[114.170559822578,-2.14835940106548],[114.170547939836,-2.14049253290403],[114.170531037078,-2.13174567362387],[114.170534219778,-2.13145304592126],[114.170581210255,-2.12713091675835],[114.170993676217,-2.0891279772743],[114.170995133119,-2.08808793740832],[114.170492073051,-2.08701116023678],[114.169661886387,-2.08614298890774],[114.168563926584,-2.08551341311346],[114.167227957604,-2.08509260324098],[114.161108271629,-2.08511333890942],[114.160878284405,-2.0851141177223],[114.151907486741,-2.08514447164004],[114.151765706822,-2.07578901595031],[114.151626303811,-2.0665951963112],[114.151580665915,-2.06004190940655],[114.152023457017,-2.05113613002834],[114.144031350167,-2.05080449513127],[114.141698525866,-2.05075024442817],[114.140287980606,-2.05064174032401],[114.139999612992,-2.05054143803687],[114.116007941014,-2.01974120299406],[114.099531227085,-2.00000000129899],[114.093490528565,-1.99276248500064],[114.08548708666,-1.97489258272645],[114.08548825398,-1.97422320743505],[114.085482596345,-1.97395981309484],[114.084764272753,-1.97244807881572],[114.084357141569,-1.97155804586708],[114.083779634722,-1.97026608701026],[114.083386743404,-1.96938564173394],[114.083003271584,-1.96855302690062],[114.082364536194,-1.96694539971037],[114.081995520077,-1.96599806196093],[114.081626827716,-1.96486425608049],[114.081158914952,-1.96340037023083],[114.080605563896,-1.96187896104516],[114.080137301296,-1.96061588841246],[114.07983946382,-1.959726054214],[114.079229210859,-1.95813282786764],[114.079002530442,-1.95731483780946],[114.078420091714,-1.95612328825911],[114.077922620033,-1.95526179259758],[114.077212250045,-1.95385486530972],[114.076416766421,-1.95220394565553],[114.075919988117,-1.95094083165401],[114.075664272188,-1.95042401105923],[114.075451596914,-1.94974948714906],[114.075438107982,-1.94970316307047],[114.075125642135,-1.94863010909222],[114.074671333415,-1.94753919637674],[114.073989201241,-1.9462901046046],[114.07292270422,-1.94472478422136],[114.071856281842,-1.94311643397617],[114.071771610671,-1.94261425884093],[114.07158043369,-1.93866044162604],[114.0308594552,-1.90493918969179],[114.006342412772,-1.85991418269333],[114.000088885194,-1.84642232582962],[114.000000021384,-1.84614803170626],[113.9999999998,-1.84614796605575],[113.999999979116,-1.84614790040524],[113.994371590077,-1.82877426921709],[113.985902922582,-1.80263087931161],[113.977073017206,-1.75000000629518],[113.974495502665,-1.73463320955494],[113.979381489664,-1.7237337033477],[113.986334623244,-1.70738444403679],[113.984185881174,-1.68896992222409],[113.981492399055,-1.66708538158503],[113.999999970123,-1.64252493877484],[113.9999999998,-1.64252489920466],[114.000000030377,-1.64252485963453],[114.008258875247,-1.63156508895764],[114.02340971059,-1.61237403133646],[114.026505638425,-1.60373588390388],[114.030960372623,-1.58723686678792],[114.02387867556,-1.57682502335609],[114.019020065724,-1.57210931399362],[114.002729435915,-1.56653620358287],[114.000000014189,-1.56435267123874],[113.999999995304,-1.56435265595024],[113.998442427076,-1.5631065957927],[113.992154815193,-1.55153167444718],[113.990154211248,-1.54524406256337],[113.987031380194,-1.53666569936252],[113.985012496629,-1.53388973412387],[113.983123697301,-1.5321233568074],[113.983124489604,-1.53212312927894],[113.995191544254,-1.52264885605979],[113.999999977317,-1.50420831506165],[113.9999999998,-1.50420823052536],[114.000000023183,-1.50420814598908],[114.000607698686,-1.50187776514667],[114.001097345366,-1.50000000139892],[114.001280230598,-1.49924767174264],[114.001409316587,-1.49869250225714],[114.001474458979,-1.49849276103203],[114.001666983145,-1.49790243884644],[114.000513686258,-1.49594800519623],[114.000378692623,-1.49570425115024],[114.00055326722,-1.495347136661],[114.001099977682,-1.49467781083223],[114.000939518844,-1.49426085635338],[114.00088162139,-1.49411040607032],[114.000590878666,-1.49329618956745],[114.000859361371,-1.49267693799027],[114.002186544873,-1.49159545916308],[114.00219913808,-1.49092706772996],[114.00220748109,-1.4904841543202],[114.003620646975,-1.4899175409617],[114.003804339799,-1.48966431525588],[114.004081571108,-1.48887791118659],[114.003540197222,-1.48685938735082],[114.00333456274,-1.48416279267872],[114.00286105979,-1.4825371817455],[114.002262632015,-1.48147189701041],[114.002481292278,-1.48051843038121],[114.002608546347,-1.48028030609123],[114.002817096432,-1.47989005698048],[114.002816547845,-1.47948349326856],[114.002703784552,-1.47907708244134],[114.002671854123,-1.47869766476538],[114.003307254826,-1.47721961729144],[114.00491799457,-1.47001673118717],[114.00590683783,-1.46766635841567],[114.00713074229,-1.4595029783797],[114.009143166924,-1.45537994472863],[114.009370660328,-1.45393528188771],[114.011922383212,-1.45157975779955],[114.01301467189,-1.45089462458719],[114.014037237928,-1.45025322630528],[114.014889495754,-1.44971865129469],[114.017885792196,-1.44817500727072],[114.019807366417,-1.44357667562304],[114.02081684642,-1.4393231566383],[114.021033776388,-1.43840910729443],[114.020964430564,-1.4380918363691],[114.0197415927,-1.43249707208219],[114.020002363718,-1.42951577003669],[114.020079568717,-1.42863310343495],[114.019500077966,-1.42196490295788],[114.017458421769,-1.41481768578751],[114.016402445916,-1.40843786461573],[114.01573026474,-1.40388714937239],[114.015454414789,-1.4020196208088],[114.015857726553,-1.39804901594925],[114.016308517124,-1.39361100014747],[114.0169814951,-1.39225219558233],[114.019142652312,-1.38788862296155],[114.019104674841,-1.38616514420602],[114.019047706387,-1.38357971743],[114.019032256933,-1.38287862215066],[114.018353242708,-1.38185972084938],[114.017822952967,-1.38106398901186],[114.017444432814,-1.38049599699264],[114.017043013225,-1.37989364187803],[114.016496638209,-1.3790737713374],[114.015134442301,-1.37700443310803],[114.014013863649,-1.37530494196943],[114.012666278126,-1.37326116606994],[114.011618710935,-1.36903840479852],[114.011702098773,-1.36730522235808],[114.011745119642,-1.36641103993747],[114.01188816131,-1.36343798557454],[114.012010398961,-1.36312536324488],[114.016005745069,-1.35290727874786],[114.016312912111,-1.35212170115551],[114.016720325683,-1.35107974123702],[114.01752039585,-1.34903356324827],[114.017705216423,-1.34723211417071],[114.018022523321,-1.34413932227187],[114.018190640786,-1.3425006720683],[114.018292857729,-1.34150435813956],[114.018566114035,-1.33603878955847],[114.018631955201,-1.3347218673203],[114.019818410991,-1.3310513644289],[114.020407761009,-1.32516061796809],[114.020477983672,-1.32375390112162],[114.020514660723,-1.32301918918421],[114.019863190034,-1.31999066373811],[114.01954652795,-1.31861334932654],[114.019198787094,-1.317100854221],[114.017899127343,-1.31144800542108],[114.016568305183,-1.30565961799692],[114.015586802189,-1.30139058930422],[114.015480139897,-1.30092666683214],[114.016068720995,-1.2942782892116],[114.01606047691,-1.29369803223835],[114.016034952351,-1.29190153302926],[114.016008488901,-1.29003902088408],[114.016087610355,-1.28873315401182],[114.016816750093,-1.2869207107222],[114.017212832206,-1.28603397468811],[114.017356739922,-1.28571179796108],[114.017340472085,-1.28546631541809],[114.017293200121,-1.28475297856704],[114.017591504345,-1.28301441188557],[114.018419306906,-1.28217490824539],[114.019655151664,-1.28104073544154],[114.019832753379,-1.2799691986196],[114.019763518172,-1.27900338609732],[114.018902530627,-1.27867123858675],[114.01798924211,-1.27831891388672],[114.016445050399,-1.27772320296339],[114.016077841919,-1.27775355238447],[114.015833047357,-1.27777378263391],[114.014781478183,-1.27766995410502],[114.014282001014,-1.27718088568929],[114.013761906887,-1.27667163019152],[114.012583667302,-1.27661716275179],[114.012221904218,-1.27639452119013],[114.011464043731,-1.27592810579739],[114.011298252812,-1.27582607321466],[114.011309833382,-1.27547771002827],[114.011360590219,-1.27395073134113],[114.011498774649,-1.27364950342178],[114.011707084614,-1.27319540874106],[114.011513089158,-1.27177840904631],[114.011220260906,-1.27124677661737],[114.010712266258,-1.2706952170106],[114.010028048556,-1.27028119432163],[114.008600224621,-1.27006307904782],[114.007329221766,-1.26956966330926],[114.006681676618,-1.26907084894049],[114.006047766991,-1.26858253865316],[114.005284875696,-1.26798560375255],[114.004427248019,-1.26731454043363],[114.00427619519,-1.26719634703375],[114.003878659772,-1.26665160878468],[114.002814028844,-1.26519276003779],[114.002677543234,-1.26479905573177],[114.002815633235,-1.26379567493041],[114.003305483162,-1.26310754068044],[114.003716791697,-1.26267511696301],[114.004382592183,-1.26208557179166],[114.004885635164,-1.26146928887653],[114.005540089803,-1.2606675090982],[114.006349967077,-1.25977068087218],[114.005693748867,-1.25809658209153],[114.004058374894,-1.25623085307137],[114.00257394673,-1.254256941005],[114.002251696259,-1.25343301362261],[113.9999999998,-1.25000000009987],[113.999078037322,-1.24889876406667],[113.997471483922,-1.24697982395963],[113.99651048637,-1.24626762475106],[113.995667637252,-1.246223963565],[113.994979976944,-1.24494032163847],[113.994588139631,-1.24371457087068],[113.994147006879,-1.24204743823861],[113.993691100964,-1.24031035813647],[113.993678133639,-1.24026095028256],[113.993945776377,-1.239503838931],[113.994614968206,-1.23847377704311],[113.994861341078,-1.23794109960204],[113.995531389062,-1.23767414034927],[113.995652927041,-1.23576756412172],[113.995700638774,-1.23338856413091],[113.995052140344,-1.23270988715154],[113.995517828185,-1.23204544464153],[113.995695220358,-1.2312636370072],[113.995749785824,-1.23102315199679],[113.996365663145,-1.23051391988145],[113.996818353984,-1.2298192448622],[113.996550339826,-1.22954265836694],[113.996386851172,-1.22782722314776],[113.99648155518,-1.22718560722996],[113.99643061668,-1.22630284170276],[113.996459642299,-1.22566547418222],[113.996459973249,-1.22565819776759],[113.996458030714,-1.22547772092003],[113.99625839381,-1.22399620386165],[113.99686018415,-1.22315246171667],[113.99672164269,-1.22268976681926],[113.996145915602,-1.22213499393479],[113.995370872668,-1.22160878171985],[113.995167097983,-1.22111782023114],[113.994992449642,-1.22060359238185],[113.994998949042,-1.22013903229043],[113.994942015662,-1.21949360144851],[113.994967077968,-1.21846293161894],[113.995061840432,-1.21791552688001],[113.994136933573,-1.21778735640135],[113.993734932121,-1.21761456695867],[113.993387427788,-1.21740017397877],[113.992975507714,-1.21690979255283],[113.992903231899,-1.21684590741268],[113.99233389899,-1.21634267107737],[113.991855233932,-1.2160544743345],[113.991062745949,-1.2157018456636],[113.990666319395,-1.21552545083881],[113.990044321288,-1.2153914032906],[113.989851207168,-1.21519185901701],[113.989718673178,-1.21505491115516],[113.989120882123,-1.21408337085086],[113.989075708277,-1.21383872467737],[113.989018875621,-1.21353093800235],[113.989018288363,-1.21299539442185],[113.988958087746,-1.21238794734586],[113.989100515177,-1.21127419634706],[113.989200117791,-1.2110206720663],[113.989606480954,-1.20998633480144],[113.989732764655,-1.20956115872048],[113.990247541091,-1.2089485369454],[113.990989541134,-1.20857288473081],[113.991075974077,-1.20852912731732],[113.991374725263,-1.20813979731372],[113.991433159613,-1.20785903076961],[113.991708455581,-1.20780701757974],[113.99206867363,-1.20819442843009],[113.992505496831,-1.20766809480671],[113.992728223829,-1.20688667298151],[113.993092504116,-1.20651805076739],[113.993143958827,-1.20622031761354],[113.993275728392,-1.20592897414281],[113.993403933944,-1.20564550963252],[113.993491518019,-1.205451860415],[113.99336954297,-1.20519768682374],[113.993216822798,-1.20487944463059],[113.993416334696,-1.20445536122588],[113.993516021847,-1.20424346656267],[113.993569214947,-1.20410921127103],[113.993852460922,-1.20339431229763],[113.993789009255,-1.20310385016251],[113.993784578296,-1.20308356595376],[113.993686698782,-1.20263551201924],[113.993821613277,-1.2022408562305],[113.992451092344,-1.20226768210779],[113.991853574683,-1.20196795155965],[113.990971381124,-1.2013624029525],[113.990577839596,-1.20076205602402],[113.990182381612,-1.19959233122108],[113.99034140693,-1.19935434182935],[113.990479415992,-1.1991478053269],[113.990988846858,-1.19805820292368],[113.991981877362,-1.19736809196382],[113.993069148722,-1.19661248787594],[113.993216166293,-1.19637519725751],[113.993312599697,-1.19629346057468],[113.993023679,-1.19455422569689],[113.993012354736,-1.19453869530452],[113.992230770134,-1.19346675468694],[113.991401784964,-1.19267239161752],[113.990663167271,-1.19167296513518],[113.989930480607,-1.19112541200809],[113.98951579242,-1.19089735922569],[113.98887520083,-1.19038124190075],[113.988285397553,-1.18929814069656],[113.98805960117,-1.1889068681574],[113.988013339144,-1.18882670169086],[113.987629316939,-1.18816125014155],[113.987508282581,-1.18732093261491],[113.987076531557,-1.18672797361705],[113.986834627416,-1.18639574516743],[113.986788494893,-1.18633238792933],[113.986524407176,-1.18596969404609],[113.986091255907,-1.18487996843572],[113.985932527364,-1.1845813215707],[113.9858068579,-1.18434487811356],[113.985575799584,-1.18391014763517],[113.985299645662,-1.18339056971899],[113.984871271592,-1.18252966131479],[113.984474041044,-1.18176471686814],[113.984243861365,-1.18063582038673],[113.983931700388,-1.1799011030534],[113.983271133956,-1.17952293363641],[113.982322273654,-1.17902371007614],[113.982259501875,-1.17882831527447],[113.982308665113,-1.17861204990612],[113.982660390864,-1.17779574068084],[113.982606180631,-1.17657224181545],[113.982512733876,-1.17595220333146],[113.98292946892,-1.17486232393708],[113.982504534757,-1.17419035859814],[113.981771527934,-1.17354579560191],[113.981210146831,-1.17299663898365],[113.97984630876,-1.17278431984045],[113.979845396848,-1.17192212900301],[113.979477136161,-1.17101106271031],[113.978643445738,-1.16992805593497],[113.978127139556,-1.16947735439635],[113.977759089311,-1.16876335834229],[113.977611104969,-1.16775351771065],[113.977683682956,-1.16691588106301],[113.977455782159,-1.16561405394538],[113.976925319748,-1.16355167377066],[113.97617200983,-1.16062288403884],[113.976033228251,-1.16008331509289],[113.975994945011,-1.15788118926542],[113.976341201086,-1.15785651816373],[113.977013534247,-1.15792625519248],[113.977923722802,-1.15777030375648],[113.978868214197,-1.15754194340593],[113.979540470916,-1.15754123204215],[113.980492908721,-1.15761067319397],[113.981221275042,-1.15769443874728],[113.981935548087,-1.15769368241746],[113.982957730115,-1.15749534323544],[113.983732585091,-1.15694201466221],[113.984208043167,-1.15625111589623],[113.984543492988,-1.15560263275523],[113.984584788957,-1.15491219264351],[113.98441561299,-1.1538652477829],[113.984050813794,-1.15323159716041],[113.98370041814,-1.15297835166956],[113.982985884291,-1.15272549108852],[113.982201132276,-1.15228953663274],[113.981947205099,-1.15206065917204],[113.981795388746,-1.15182516360039],[113.981671025997,-1.15148567582321],[113.981698384273,-1.15109534217623],[113.981739455412,-1.15083885103212],[113.981890440791,-1.15027727837366],[113.982208156881,-1.14929876292751],[113.982394837252,-1.14861100999008],[113.982548401887,-1.14787893216692],[113.982769320348,-1.14715247510657],[113.982956126624,-1.14658670801009],[113.98323094775,-1.14585450518121],[113.983628197184,-1.14492895710566],[113.984101377277,-1.14414109883262],[113.984274503965,-1.14348472863725],[113.984256335861,-1.14297018962253],[113.983955810312,-1.14229625566765],[113.983390840015,-1.1417290586491],[113.982720250639,-1.1413571476142],[113.988469623674,-1.14151389405095],[113.990418086725,-1.14165494911657],[113.992366547079,-1.1417960041822],[113.994330075573,-1.14186980164999],[113.996293602268,-1.14194359911778],[113.996828795113,-1.14135491459757],[113.997366112156,-1.1414689117608],[113.997949441214,-1.14150657087151],[113.998272616188,-1.14134039324449],[113.998595789364,-1.14117421741616],[113.998830228232,-1.14103364708512],[113.999064667101,-1.14089307585471],[113.999337224633,-1.14082900725282],[113.999609783964,-1.14076493685229],[113.999786637443,-1.14080858634713],[113.999999969223,-1.14085174840943],[113.9999999998,-1.14085175470467],[114.000000031276,-1.14085176099991],[114.006735347259,-1.14255824526674],[114.009195776364,-1.14318162832944],[114.011682991777,-1.1438117985756],[114.012174322887,-1.14393628543115],[114.01506087416,-1.1446676321055],[114.017078693827,-1.14517887420561],[114.017206082795,-1.14521114997456],[114.01810686534,-1.1454393754268],[114.021582313373,-1.14638925735829],[114.024301838059,-1.14713253623751],[114.027841178428,-1.14809988120453],[114.02863247301,-1.1483161519688],[114.031939808076,-1.14922008663763],[114.033689485881,-1.14969829484039],[114.03723045672,-1.15066608497182],[114.037432505606,-1.15080130793399],[114.038468227827,-1.15149447299149],[114.045373417649,-1.15611582728354],[114.049006454784,-1.15854726674291],[114.054327119201,-1.16210816475996],[114.057175305396,-1.16401433719187],[114.057499862629,-1.16423155044566],[114.059925957417,-1.16615446465676],[114.063572334196,-1.16904457184944],[114.06448472519,-1.16976773019655],[114.065930233394,-1.17091343500698],[114.067202346012,-1.17192170812029],[114.073444442307,-1.17686917277405],[114.075062941402,-1.17815199002229],[114.075841501584,-1.17876907513266],[114.077948986357,-1.18048809235154],[114.080249182354,-1.18236430027218],[114.080725857213,-1.18275311136694],[114.081308638583,-1.18322846961814],[114.083784482968,-1.18524794763465],[114.08544539409,-1.18660270794857],[114.085645144308,-1.18676563902295],[114.089061660667,-1.18955239882411],[114.089169545138,-1.18964039658698],[114.091287782205,-1.19136818579307],[114.092060175737,-1.19201438825337],[114.092660000159,-1.19251621355238],[114.092881620091,-1.19270162677861],[114.096395172399,-1.19564114272453],[114.097581803557,-1.19663390612982],[114.100010048625,-1.19866542966582],[114.100187375147,-1.19881378542783],[114.101624974713,-1.20001651355119],[114.101741355979,-1.20011388135049],[114.102872130245,-1.20105991238501],[114.103425189921,-1.20151418872877],[114.106967516038,-1.20442381390785],[114.11039578204,-1.20723975131341],[114.110525613566,-1.20734639382096],[114.113490770982,-1.20978193958479],[114.114559259103,-1.21021057805569],[114.116105756675,-1.21083097536916],[114.119800801166,-1.21231328922687],[114.123139443431,-1.21365262796638],[114.123362650666,-1.21376460435295],[114.125495999041,-1.21483483625866],[114.128033956002,-1.21610804604944],[114.134719364107,-1.21946189764839],[114.135131698769,-1.22001374593759],[114.136766829026,-1.22220211843296],[114.138317979691,-1.22427809635701],[114.140515091798,-1.22721859436257],[114.142015927193,-1.22894042915743],[114.143811107996,-1.23099995128666],[114.14640852903,-1.23397984319519],[114.147275208384,-1.23497414084386],[114.149449449832,-1.23800384440187],[114.152623592605,-1.24242686131055],[114.153605356402,-1.24621362765674],[114.154587016777,-1.25000000369715],[114.154847412778,-1.25058882401498],[114.155540487004,-1.25215603926972],[114.156181542644,-1.25408318209315],[114.156257083897,-1.25455993699143],[114.156828253221,-1.25816473001822],[114.157031910994,-1.25846207466498],[114.158218495387,-1.2601945151647],[114.160597579015,-1.26372170659141],[114.162045271672,-1.26423084877462],[114.163681142071,-1.26547470739177],[114.164725183021,-1.26553759608316]]]},"properties":{"Kecamatan":"MANTANGAI"}},{"type":"Feature","geometry":{"type":"Polygon","coordinates":[[[114.370959901778,-2.93400417635161],[114.370762298242,-2.93714094599784],[114.370834598338,-2.93876712440323],[114.371001401893,-2.94066133944921],[114.371530564784,-2.94219295234285],[114.372230608756,-2.94387800666465],[114.373253841192,-2.94567860768154],[114.376666075879,-2.95106210233411],[114.378542883647,-2.95399338138941],[114.380058898699,-2.95661773711885],[114.380986424384,-2.95866680822655],[114.381656634246,-2.96060667196031],[114.381670775186,-2.96120285232973],[114.381460498403,-2.96203938101257],[114.380807351378,-2.96297947472294],[114.380024064359,-2.96389310588211],[114.378849717041,-2.96501506499322],[114.377463153102,-2.96628101095985],[114.376471074081,-2.96740339724892],[114.375686793311,-2.96873552882153],[114.375058867773,-2.97001571915007],[114.373798958056,-2.97346958255514],[114.372725089292,-2.9775860511553],[114.371285763028,-2.98236424361488],[114.369051075447,-2.98799057500497],[114.367510224717,-2.99096209602385],[114.365460043846,-2.99407941423351],[114.363755422075,-2.99546894593504],[114.362400665358,-2.99705340389141],[114.36192323417,-2.99777916307789],[114.361521729145,-2.99858162274364],[114.361330259884,-2.99907852065718],[114.361023764635,-3.0000000001998],[114.361023754743,-3.00000002897809],[114.360754200046,-3.00125786665717],[114.360636590307,-3.00269227992476],[114.360652629715,-3.00393572485376],[114.360764313822,-3.00496897933488],[114.361047475261,-3.0059070037052],[114.361558556382,-3.00701774737109],[114.36250630782,-3.0085312677038],[114.363359796817,-3.0096811039997],[114.364156939691,-3.01052473372943],[114.365068159768,-3.01140690030815],[114.367954740719,-3.01376683197367],[114.364496908605,-3.01712448680559],[114.36155553556,-3.01871441893525],[114.357183224226,-3.02054283958034],[114.334924179807,-3.02873098874409],[114.325305093256,-3.0323878309336],[114.310622269602,-3.03865835389985],[114.310361691039,-3.03888921526504],[114.309959560985,-3.0392840203412],[114.308061260319,-3.04088491520662],[114.306468032174,-3.04228493030524],[114.304807960119,-3.04367730026712],[114.3044580492,-3.04398261380652],[114.303944334863,-3.0444368775598],[114.302574554972,-3.04559845900161],[114.301652352374,-3.04636344661571],[114.300601836306,-3.04724394315343],[114.299351150935,-3.04830872696613],[114.298227105397,-3.04923193410644],[114.29655060003,-3.05058125981725],[114.295800310036,-3.0512421868774],[114.294609513219,-3.05224731775945],[114.293003118999,-3.05366659004108],[114.291838062577,-3.05470480068595],[114.290167676197,-3.05622772343065],[114.289831669696,-3.05648510130635],[114.28964559277,-3.05670699463207],[114.274964201737,-3.05983955455173],[114.274820294921,-3.05960817607644],[114.27483264621,-3.05957617010409],[114.27530151945,-3.05836109159105],[114.276259098679,-3.05590080817569],[114.276941586085,-3.05406147965351],[114.277328906104,-3.05310106036558],[114.278006509293,-3.05146995457471],[114.278617181338,-3.04980976111153],[114.279179922216,-3.04829290609268],[114.279778305025,-3.04678809119741],[114.281331055584,-3.04286627365957],[114.280483588447,-3.04151940759454],[114.279532954682,-3.04008655015411],[114.278210606834,-3.03805353194491],[114.277165661166,-3.03645234479984],[114.276454598701,-3.03538551862675],[114.275655173348,-3.03412847055245],[114.275064327757,-3.03318094844195],[114.275063960833,-3.03318035668804],[114.274593892394,-3.03242652426462],[114.273437776132,-3.03062863020705],[114.272204162592,-3.02871887757408],[114.270826143112,-3.0265845507364],[114.269836932029,-3.02505097102545],[114.268942298149,-3.02368612211677],[114.267969977233,-3.02217534021975],[114.266619736012,-3.0201028255849],[114.265536059242,-3.01841194725353],[114.264507995648,-3.01686167702474],[114.26296346759,-3.01445237707549],[114.262257449422,-3.01337348829583],[114.260673784667,-3.01097520144435],[114.259779149888,-3.00959908313115],[114.258545319611,-3.00773401421333],[114.257428091833,-3.00604855070003],[114.256005379645,-3.00394775868205],[114.254738394062,-3.00203804112266],[114.253787497695,-3.00063292776736],[114.253344520433,-3.00000002088422],[114.253344505145,-3.0000000001998],[114.253310992808,-2.99995211759608],[114.250061747652,-2.99521060668411],[114.250000022683,-2.99512488240737],[114.2500000002,-2.99512485003174],[114.249502776732,-2.99443429390749],[114.249005742121,-2.99371661962624],[114.248166694437,-2.99248042233359],[114.247051180767,-2.99090774819399],[114.246710636287,-2.99036983310128],[114.245928080417,-2.98919768732338],[114.244827008959,-2.98757495062341],[114.244543205405,-2.98711587459786],[114.24378901595,-2.98595071115636],[114.242630403171,-2.98423355103751],[114.242325063551,-2.98375979088161],[114.240981857727,-2.98171234215084],[114.240135996779,-2.98038298768466],[114.238956577284,-2.97861627312244],[114.23814679264,-2.97727325705512],[114.236987020635,-2.97549672189615],[114.236333032743,-2.97454830406093],[114.234827039736,-2.97223603286659],[114.234208804393,-2.97126622465652],[114.232858665695,-2.96918306564589],[114.232012757083,-2.96782481955972],[114.231003694365,-2.96631640108097],[114.230577889658,-2.96561324185757],[114.229205601557,-2.96344243671905],[114.228445456792,-2.96228625480677],[114.227479224287,-2.96069879761137],[114.227108988689,-2.96013021293891],[114.226377635719,-2.95901049493835],[114.226151377084,-2.95863615933126],[114.225908432428,-2.958234216336],[114.225318043693,-2.95735703919593],[114.224239266429,-2.95564941279014],[114.223699312573,-2.95471548663033],[114.223030936429,-2.95366602906392],[114.222633040383,-2.95300510739975],[114.221985322565,-2.95199053993144],[114.221218251221,-2.95084903135768],[114.220436815906,-2.94954676267292],[114.219640188344,-2.9483266848286],[114.219171644256,-2.94760905101685],[114.21861834626,-2.94671259780807],[114.218170375063,-2.94595047903135],[114.217927981691,-2.94557572344081],[114.216855407951,-2.94389543012994],[114.216337208695,-2.94304856014287],[114.215846365018,-2.9422358203268],[114.215163407266,-2.94119305911232],[114.214460096057,-2.94010865209259],[114.213565383935,-2.93870165735558],[114.212925873331,-2.93763837271268],[114.21241166077,-2.93683697604558],[114.212559565971,-2.93670380263831],[114.213886060593,-2.93550943191468],[114.214956507437,-2.93451827919517],[114.216095565358,-2.93346359027242],[114.217261095723,-2.93238343524729],[114.218555339757,-2.93118166400257],[114.218977259393,-2.93077387631331],[114.220350114966,-2.92951491268303],[114.221000871593,-2.92888534228467],[114.221386925366,-2.92855636128701],[114.223024478397,-2.92699679656488],[114.223639421322,-2.92642451298082],[114.224940907597,-2.9251725298883],[114.227250374705,-2.92307666615517],[114.228494520206,-2.92193211967151],[114.229280990825,-2.92123114400204],[114.231769375356,-2.91889899868977],[114.232605938214,-2.91813358569635],[114.233864183286,-2.91705361323363],[114.235183352929,-2.9158790186018],[114.235294116131,-2.91578039534892],[114.236502453326,-2.91468594470052],[114.237682181288,-2.91362011227829],[114.2389119853,-2.91249701732346],[114.239927276722,-2.9115742283679],[114.24127852968,-2.91037969576632],[114.242165161393,-2.90955700495175],[114.242851652582,-2.90889162085159],[114.243874177252,-2.90792580293339],[114.244753652159,-2.90711026172914],[114.245404435766,-2.90645913098405],[114.246398419551,-2.9054932366235],[114.247342220267,-2.90462763735553],[114.248357706843,-2.90361875270321],[114.249437415804,-2.90260285243966],[114.249940873373,-2.90210978923534],[114.250000011891,-2.90205187019762],[114.251334829739,-2.90068710582523],[114.253079733943,-2.89895553227194],[114.253344291106,-2.89870871423574],[114.260064848314,-2.89229874329232],[114.261209035069,-2.89116102626031],[114.264724525417,-2.88786999500422],[114.268192378675,-2.88460273013186],[114.270551982988,-2.8823608920415],[114.273376145593,-2.87976150778729],[114.27617677294,-2.87705445310047],[114.287577424559,-2.86539131725544],[114.303898989247,-2.88461212085264],[114.304084142569,-2.88475602497056],[114.304639162767,-2.88537424142805],[114.306605116733,-2.88804274757467],[114.307924940184,-2.88980329098905],[114.308806713759,-2.89096491559832],[114.310690719701,-2.89342394535873],[114.314554379881,-2.89815183873634],[114.314896019736,-2.89849696886],[114.315451152349,-2.89907215185826],[114.317600239759,-2.90141575363407],[114.319683745009,-2.90350226261927],[114.322269500937,-2.9060751654365],[114.326339809135,-2.91018253559548],[114.327365995844,-2.9111952225814],[114.328741213037,-2.91261642570743],[114.329642796878,-2.91352301067838],[114.329742394096,-2.91364519526951],[114.329813452229,-2.91376731061285],[114.329863123584,-2.91388220170222],[114.329912846201,-2.91397557381362],[114.329984006857,-2.91405465030181],[114.330382580092,-2.91446448035146],[114.330574758019,-2.91465861790084],[114.330660205304,-2.91473055467134],[114.330745736227,-2.91476662557926],[114.330824199377,-2.91477398563086],[114.33090984901,-2.91475984289241],[114.330988396697,-2.91473133708149],[114.331074030142,-2.91472436733562],[114.331173863883,-2.91474612643253],[114.331273664348,-2.9147822306154],[114.33137342974,-2.91483268078355],[114.333024743297,-2.91650083144816],[114.333209838164,-2.91667343203324],[114.33328808188,-2.91677404458642],[114.333337789208,-2.91687459058983],[114.333429466996,-2.91706608593108],[114.333505706123,-2.91700888095505],[114.333715214885,-2.91691373538055],[114.333972197059,-2.91685696117975],[114.335347444829,-2.91692639064036],[114.338482425723,-2.91710657520821],[114.340907849618,-2.91727015559314],[114.341635488387,-2.91731492474395],[114.342434373248,-2.91740290541969],[114.344488564196,-2.917666023668],[114.346899428066,-2.91795868104822],[114.347726823234,-2.91806107066185],[114.348422583735,-2.91817908959325],[114.348831440719,-2.91826614037001],[114.349050172028,-2.91829535214873],[114.349221405643,-2.91829575774295],[114.34938319368,-2.91826744708499],[114.34954033312,-2.91819369368397],[114.349671388624,-2.91808640366457],[114.349778691234,-2.91796710140056],[114.349874212725,-2.91779994621049],[114.349993461029,-2.91765675975159],[114.350112625697,-2.91754944095391],[114.350255545057,-2.91745413260207],[114.350434082067,-2.91738282086044],[114.350802906629,-2.9173000049912],[114.35101700643,-2.91727660013493],[114.351219101181,-2.91730098974881],[114.351456843259,-2.91733742038559],[114.351658965889,-2.9173498553115],[114.351908711218,-2.91733848878016],[114.352194212693,-2.91729134272123],[114.352456044911,-2.91719631585727],[114.352801200215,-2.91706561918295],[114.353098677062,-2.91698263334183],[114.353336615193,-2.91693537216963],[114.353550658336,-2.91693587758863],[114.353788400414,-2.91697230732609],[114.355197197393,-2.91762125091992],[114.355387234034,-2.91771734617856],[114.355520193402,-2.91781330743817],[114.355681556958,-2.91796672278599],[114.355805025781,-2.91805309637323],[114.355985526911,-2.91815873433808],[114.356422647787,-2.91836540663815],[114.358133321995,-2.91908679691812],[114.359485170304,-2.91960599981701],[114.359988408438,-2.91979927761452],[114.360625251654,-2.92004386892938],[114.363321079205,-2.92098650862044],[114.36333409779,-2.92103559091976],[114.363383825803,-2.92112896572911],[114.363462043439,-2.92124392696559],[114.363582781021,-2.9214809378949],[114.363678156821,-2.92170774511629],[114.364490014403,-2.92406554628786],[114.365120929288,-2.92581737796957],[114.365404699567,-2.92651387861258],[114.365454244118,-2.92668616083762],[114.36549653114,-2.9269086414206],[114.365531852913,-2.92705936869487],[114.365574361168,-2.92718859227966],[114.365652544629,-2.92731790130006],[114.365752096882,-2.92746160576843],[114.365823062384,-2.92762676356426],[114.365907990761,-2.92792108019364],[114.3660157853,-2.9286099959545],[114.370959901778,-2.93400417635161]]]},"properties":{"Kecamatan":"BASARANG"}},{"type":"Feature","geometry":{"type":"Polygon","coordinates":[[[114.400204196367,-3.03545385810901],[114.396116996203,-3.0382562319395],[114.385623446665,-3.05661994295593],[114.396116996203,-3.06633840009704],[114.393672476104,-3.06848480842712],[114.396653599184,-3.07128706174848],[114.393195497274,-3.07385082835299],[114.383298172173,-3.06586142036821],[114.378111019308,-3.069975369068],[114.401959994958,-3.08947190570382],[114.396653598285,-3.09656697568533],[114.405298851261,-3.10366204656617],[114.395461150312,-3.11111485066976],[114.404583383017,-3.12226424699736],[114.398561516301,-3.12572234890723],[114.401125281107,-3.13365213273971],[114.397369068328,-3.13168459236999],[114.393255119628,-3.13353288803233],[114.394209079086,-3.13761702510556],[114.393881154792,-3.14030003461886],[114.395341903806,-3.14253587692912],[114.399634719567,-3.14256568765632],[114.396534352678,-3.14667963635611],[114.400946414046,-3.14676906943697],[114.405805642616,-3.15016754899312],[114.411439962684,-3.15523545625126],[114.417828608004,-3.16616446022164],[114.416666385345,-3.16626865387525],[114.415153038582,-3.16640219690379],[114.414209236067,-3.16645061190616],[114.411284753189,-3.16776969431589],[114.409481334596,-3.16842972115467],[114.406446700955,-3.16945767413233],[114.403611616083,-3.17044912362809],[114.402364905716,-3.17084750890535],[114.400106771011,-3.17162916365493],[114.397549386895,-3.17249782691312],[114.394828131013,-3.17341720923679],[114.392370426854,-3.17424252876964],[114.391643782734,-3.17448148673117],[114.391095449895,-3.17472702593147],[114.39070389317,-3.17493620374279],[114.389464922368,-3.17552810963451],[114.386730772008,-3.17687764129005],[114.384687182268,-3.17785930076604],[114.383613395342,-3.17837180821232],[114.381174560757,-3.17953040120699],[114.379451375181,-3.18035687996598],[114.377746024959,-3.18118688496673],[114.376563963256,-3.18174276131936],[114.375317816764,-3.18233110499648],[114.374381444448,-3.18277864272017],[114.372697322723,-3.18356198189991],[114.371860719397,-3.18398768408429],[114.37123056264,-3.18429800864612],[114.370368518393,-3.18457683805059],[114.368391375062,-3.18517475501091],[114.366656300448,-3.18564642334371],[114.365359569788,-3.18603779300969],[114.364148164106,-3.1863500268322],[114.362128211248,-3.1869749918024],[114.360578755805,-3.18741573784598],[114.359706744371,-3.18764087502632],[114.358554792869,-3.18791731403275],[114.358277611023,-3.18798215335363],[114.355261008789,-3.18571872883621],[114.3521606419,-3.18730866006655],[114.347549840253,-3.18762664685221],[114.343734004221,-3.18659319092296],[114.340951623219,-3.18667268829387],[114.335545855957,-3.18444678439153],[114.317231131911,-3.18524964605427],[114.305973127158,-3.18571872883621],[114.291504748645,-3.19533781628712],[114.285463007812,-3.20193603242188],[114.2732205341,-3.22244614996981],[114.272874984893,-3.22305548382349],[114.272080259396,-3.22492564919929],[114.27151865706,-3.22622436556196],[114.271483412629,-3.22631284176418],[114.270858847858,-3.22773084420305],[114.270609104327,-3.22824695883003],[114.269979367554,-3.22945373570127],[114.269306369793,-3.23058759374243],[114.26887196397,-3.23128390732643],[114.268913816619,-3.23130699921859],[114.269050206002,-3.23138225268877],[114.267911429569,-3.23314285635769],[114.267498382644,-3.23383341158262],[114.266633326567,-3.23522405664482],[114.265456678783,-3.23727610720653],[114.264546232123,-3.23898748468463],[114.264096770749,-3.23985605441334],[114.263423304442,-3.24104053709107],[114.262403019983,-3.24295148582235],[114.261206839824,-3.24524762317924],[114.260528172737,-3.24655413396607],[114.25998115021,-3.2476754869341],[114.258872698017,-3.24999999970015],[114.258872681829,-3.25000003387441],[114.258151163845,-3.2515045753758],[114.25728976621,-3.2533611888677],[114.25645226536,-3.255176024354],[114.255698046228,-3.25697912818418],[114.255261465844,-3.257880515973],[114.254472076925,-3.2594922422731],[114.253868165084,-3.260692036808],[114.252911210884,-3.26268585177058],[114.251678275432,-3.2651644579733],[114.251613488272,-3.26529470138934],[114.250886615725,-3.26678998437023],[114.2507159253,-3.26711952564557],[114.250000010992,-3.26850169100021],[114.249837141971,-3.26883581342202],[114.248982764443,-3.27058853992912],[114.248975614833,-3.2706032069724],[114.248142518862,-3.27231226240093],[114.247691177006,-3.27323816121213],[114.247371775587,-3.27388888096704],[114.246541986424,-3.27557941665668],[114.24578485169,-3.27712191494436],[114.24498782213,-3.27874568586469],[114.244191118126,-3.28036877959545],[114.243968913634,-3.28082146413919],[114.24339044901,-3.28201243992214],[114.242614540029,-3.28360991286712],[114.241857025781,-3.28516950456896],[114.241718711849,-3.28545385131412],[114.24098145573,-3.28696949764418],[114.240263415424,-3.28844563226005],[114.239758295909,-3.28948404165516],[114.239433964406,-3.29013289891412],[114.238644991873,-3.29171130623178],[114.238513816759,-3.29197372930412],[114.237896961875,-3.29324056470023],[114.236868423439,-3.29535286084581],[114.236258264907,-3.29663507734688],[114.236208190656,-3.29667797410917],[114.236108238205,-3.29669204040528],[114.235986975419,-3.29667018418161],[114.232699417344,-3.29492520983052],[114.219216981778,-3.28813922784303],[114.217915140272,-3.28750439101481],[114.21434565283,-3.28580882721553],[114.214288721247,-3.28575128679239],[114.214246071799,-3.2856902003424],[114.212869580267,-3.28496639268485],[114.210030538379,-3.28365541226742],[114.207726369177,-3.28247742719145],[114.206752330556,-3.28202043219716],[114.204899442955,-3.28109475192122],[114.202512037001,-3.27991653212223],[114.199958326616,-3.27866611834662],[114.195874177851,-3.2766463003864],[114.194404372664,-3.27591939996029],[114.192522980151,-3.28066242712924],[114.185024964431,-3.29936125611704],[114.180101625889,-3.31171960297723],[114.175825030301,-3.3224300357175],[114.17208698023,-3.33192262722741],[114.17164786106,-3.33301365415679],[114.141179429987,-3.26693967382681],[114.142402815538,-3.24999999970015],[114.142860095617,-3.24366824369446],[114.146826129223,-3.22526243541301],[114.146828463863,-3.22525396559797],[114.14704735705,-3.22445994517028],[114.147134287318,-3.22420617357602],[114.147224131389,-3.2239733310044],[114.147263306756,-3.22378517124861],[114.147429062601,-3.22298474405068],[114.147745191388,-3.22156912571455],[114.147808267138,-3.22133919604704],[114.147892198166,-3.22109438170031],[114.14793720294,-3.22094807639257],[114.148000263402,-3.22072412272001],[114.148114215599,-3.22030367437503],[114.148308852272,-3.21959417493116],[114.148391999092,-3.2192035229242],[114.148527507139,-3.21848167488935],[114.148761388427,-3.21723579279757],[114.149198808778,-3.21517859991241],[114.149394267432,-3.21434500391877],[114.146459393786,-3.18757153279995],[114.146892634088,-3.18733805530695],[114.146930839986,-3.18731715596192],[114.150354972704,-3.18544410825893],[114.153100144256,-3.18391114098631],[114.15427091587,-3.18327859742931],[114.154501719679,-3.18315344867267],[114.154584204597,-3.1831087235887],[114.1570923922,-3.18174424160344],[114.159047359148,-3.18068229515177],[114.159583972922,-3.18039080239356],[114.159724047727,-3.18031404165964],[114.16082978037,-3.17970810004874],[114.162811532726,-3.17865925132332],[114.163040203343,-3.17853556486438],[114.163230818248,-3.1784117713861],[114.163431132341,-3.17822106205233],[114.16343345529,-3.17821824357702],[114.165206923761,-3.17606684221096],[114.166247115612,-3.17485764886135],[114.166435671069,-3.17463845709909],[114.197569377425,-3.18554611835862],[114.197928586435,-3.18503746990325],[114.198387591414,-3.18428176958793],[114.198509715751,-3.18432737600756],[114.202217986571,-3.18590261681226],[114.203229094347,-3.18634947374915],[114.204396722831,-3.18681400506222],[114.204923504316,-3.18701631025448],[114.206691459943,-3.18773551787979],[114.207900382597,-3.18824473830398],[114.209378557774,-3.18887611004442],[114.210951320947,-3.18952333863115],[114.211023907028,-3.18955320961288],[114.212696901441,-3.19024539171141],[114.21453504016,-3.19101355932827],[114.214668165004,-3.19107045763548],[114.215936105667,-3.19161238280515],[114.217408738323,-3.19224615213818],[114.217903638842,-3.19244799328021],[114.218031676221,-3.19248955904584],[114.218113717774,-3.1924969550704],[114.218205910874,-3.1925005532579],[114.219643734371,-3.19241756112149],[114.222026814586,-3.19233349159731],[114.222556612398,-3.19229943427143],[114.224858422678,-3.19215146521788],[114.226258455763,-3.18770040744778],[114.227256627691,-3.18452690499265],[114.228028532891,-3.18229115621182],[114.228865434792,-3.17966554502885],[114.22926937788,-3.17844306689398],[114.229560997442,-3.17752993305993],[114.229816058664,-3.17673126493588],[114.231039466698,-3.17290039133997],[114.232224241655,-3.16935071416407],[114.233417898317,-3.16568032638588],[114.2348529546,-3.1615535299714],[114.236114654867,-3.1580902668523],[114.237220597053,-3.15512674170571],[114.237989514704,-3.15308502705233],[114.239397626399,-3.14938929727822],[114.240468377214,-3.14674472928579],[114.240743459143,-3.14583881790708],[114.242679201284,-3.14089908922153],[114.244639944578,-3.13593430632312],[114.247220304573,-3.12954874837601],[114.248198471083,-3.12693958939047],[114.2500000002,-3.12238812501192],[114.25000002628,-3.12238806026073],[114.252032048041,-3.11723832009233],[114.253061281653,-3.11474247928197],[114.254318137272,-3.11160166988111],[114.254928549413,-3.11009696740109],[114.256173581645,-3.10692024986957],[114.257167194011,-3.10438842898276],[114.25841213811,-3.10123560643802],[114.259489469264,-3.09851271379068],[114.260686480397,-3.09549125521721],[114.261515188575,-3.09350004918787],[114.262757072281,-3.09034409160648],[114.263843949739,-3.08756254877255],[114.264409042343,-3.08611634809097],[114.265304011671,-3.0838932635632],[114.265534063646,-3.08332181544938],[114.266473951412,-3.08089430602735],[114.267592888801,-3.07809088538602],[114.268454608394,-3.07594122240943],[114.268639419973,-3.07546005363849],[114.269194871846,-3.07402163479054],[114.269692821067,-3.07273996058069],[114.269755078434,-3.0725905337261],[114.269938890867,-3.07214934971267],[114.270800910833,-3.06987415217031],[114.271722368792,-3.06760507631316],[114.272739711569,-3.06503736977874],[114.273625416979,-3.0627921052714],[114.274379788996,-3.0607497341129],[114.274820294921,-3.05960817607644],[114.274964201737,-3.05983955455173],[114.28964559277,-3.05670699463207],[114.290400790364,-3.05787573108006],[114.290976155026,-3.05891011421033],[114.292529981174,-3.06123784475068],[114.292782083626,-3.06124326676331],[114.292840304836,-3.06126373893034],[114.293181103825,-3.06179312485278],[114.295472097959,-3.06057652468684],[114.297222726348,-3.05959824486308],[114.298487608417,-3.0588339236466],[114.299285034577,-3.05825067462888],[114.29948984528,-3.05805622861203],[114.299760013314,-3.05773087458016],[114.300074376731,-3.05731721611659],[114.300361614797,-3.05675980911786],[114.300720920934,-3.05595943767787],[114.300759813015,-3.05586699816337],[114.302450146357,-3.05417542285744],[114.307458430362,-3.04558979223509],[114.310678041958,-3.04326451684392],[114.319740653209,-3.03879283402205],[114.32123121385,-3.04278753711509],[114.333871170818,-3.04028339466288],[114.335537462584,-3.040828501634],[114.33577112174,-3.04094052118808],[114.336704441757,-3.04152387902377],[114.33769495326,-3.04206433739921],[114.33858546195,-3.04264758821557],[114.339355038804,-3.04307989861837],[114.339789724316,-3.04331769825313],[114.34014597096,-3.04353378285776],[114.340701097278,-3.04412337569318],[114.341135166755,-3.04461224176151],[114.341355875673,-3.04481364313506],[114.341704970008,-3.0450368836452],[114.342175527678,-3.04519586489721],[114.343181092933,-3.04542073318026],[114.345038194757,-3.0458005609471],[114.345713495681,-3.04588353239905],[114.346887932932,-3.04611120656688],[114.348328838405,-3.04631084616858],[114.349132545431,-3.0464084801672],[114.349974203847,-3.04654924655046],[114.350169290181,-3.04653060090646],[114.350226526633,-3.04646857286627],[114.350288555572,-3.04639220873338],[114.350374334708,-3.04633025173968],[114.350474304246,-3.04630180528403],[114.350597952034,-3.04631645793813],[114.350669283561,-3.04632619939451],[114.350835768756,-3.04633139208005],[114.351086643634,-3.04632420110096],[114.351938167612,-3.04644406993782],[114.352051001053,-3.04650412756337],[114.352163776937,-3.04658809636351],[114.352377319158,-3.04680382843389],[114.352608786666,-3.04698373511121],[114.353284900578,-3.04770872897461],[114.353616976143,-3.04808615465225],[114.354548243906,-3.04903296090237],[114.355248248308,-3.04971616776686],[114.355384605315,-3.04988388503324],[114.355437889247,-3.04997966373043],[114.355493592356,-3.05012127997304],[114.355616328231,-3.05011597487231],[114.355817146844,-3.05011647129805],[114.35600127314,-3.05010010183815],[114.35607391408,-3.05004981085006],[114.356224651247,-3.04999971321615],[114.356459106303,-3.04993299701016],[114.356835771154,-3.04988030123485],[114.357881292388,-3.04962421838292],[114.358719562158,-3.04943071305689],[114.359083739023,-3.04935275082875],[114.359730528741,-3.04919031528078],[114.359969155752,-3.04912781509654],[114.360559386207,-3.04899678297511],[114.361102618991,-3.04883724594208],[114.361413439079,-3.04876545935844],[114.361661478395,-3.04870298165724],[114.362239144421,-3.04857822680367],[114.363036622742,-3.04838461535769],[114.363617479563,-3.04823778574519],[114.363736862766,-3.04817814540502],[114.36378725178,-3.0481025618837],[114.363831366225,-3.04802696397314],[114.363866028794,-3.04796711409102],[114.363922669895,-3.04790101122262],[114.364026471445,-3.04779716920393],[114.36408614416,-3.04777523473922],[114.364236874133,-3.04772829012842],[114.364481730747,-3.04768472966651],[114.364924422924,-3.0475785673969],[114.365181878141,-3.04751611217881],[114.365348282397,-3.04747551228502],[114.365542917272,-3.04743813825945],[114.365693563607,-3.04742589129182],[114.365856777069,-3.04740736615696],[114.366051452413,-3.04735421802269],[114.366792450611,-3.04716046268516],[114.367041355974,-3.04708588820313],[114.36712510444,-3.04705510171152],[114.367208866396,-3.04701988965616],[114.372702060352,-3.04652122277616],[114.373506349239,-3.04565150371388],[114.378847493017,-3.04023177537607],[114.382302131638,-3.03589777426282],[114.384535283177,-3.0330720153612],[114.386137952405,-3.03129684627237],[114.38841074516,-3.02938795159264],[114.389747136821,-3.02833014022377],[114.400204196367,-3.03545385810901]]]},"properties":{"Kecamatan":"BATAGUH"}},{"type":"Feature","geometry":{"type":"Polygon","coordinates":[[[114.738065241118,-2.57948887171403],[114.744775734912,-2.58363466900471],[114.742553396822,-2.58722905597608],[114.738271960183,-2.59420560070788],[114.732599517853,-2.60363121880567],[114.726218794662,-2.61405283966678],[114.724453533404,-2.61699157500112],[114.721972597957,-2.62112490588964],[114.720207459007,-2.62397990444896],[114.716068625167,-2.63081290569102],[114.711476747954,-2.63824296773873],[114.707600230167,-2.64462190127966],[114.702710206111,-2.65243397195019],[114.700443869589,-2.65616092978303],[114.698320838236,-2.65955329125137],[114.696245821687,-2.66269459078268],[114.691987785408,-2.66947922108915],[114.687872698167,-2.67609664224619],[114.685952403681,-2.67913054024217],[114.68076390543,-2.68736026956077],[114.678207740795,-2.69143930028343],[114.675860405034,-2.69512766011337],[114.673131268393,-2.69946582328907],[114.667062059566,-2.70917412258763],[114.66188972663,-2.71746815523113],[114.655743230066,-2.72765443070739],[114.652173631108,-2.73355972729951],[114.648251871127,-2.73993724890488],[114.64366791784,-2.73700049028037],[114.643236298117,-2.73671908521754],[114.638205628187,-2.73344826262718],[114.633538853635,-2.73037193012044],[114.630316106103,-2.72823966273023],[114.628498558262,-2.72703256390167],[114.62568370364,-2.72516363239566],[114.623798802873,-2.72391214123229],[114.619085757302,-2.72077742833562],[114.614606756697,-2.71781350389006],[114.614340427869,-2.71763331482555],[114.609490410154,-2.71435196297267],[114.609396690905,-2.71428855537249],[114.605067220576,-2.71140549976394],[114.604808151075,-2.71123298281583],[114.600343232954,-2.70829839965137],[114.587925654046,-2.71722760367095],[114.563860288921,-2.71843520432117],[114.561930884303,-2.71765275097363],[114.5589070776,-2.71640300719298],[114.556477900834,-2.71539410365489],[114.55123551161,-2.71327651499911],[114.54836826968,-2.71211507115356],[114.544984491341,-2.71073065929244],[114.540829997606,-2.70902493405339],[114.538388128709,-2.70800043986839],[114.535664405088,-2.70691086714277],[114.535569448371,-2.70687229611951],[114.530311597103,-2.70473667695603],[114.528056314148,-2.70380495233661],[114.52520506756,-2.70264065764019],[114.519933471053,-2.70051924506708],[114.517750048426,-2.69964461840436],[114.517866462068,-2.69932015200334],[114.519314080081,-2.69533839734913],[114.51997868267,-2.69361789804753],[114.520954467775,-2.69089361324961],[114.521695769944,-2.6888719390887],[114.522549365961,-2.68658862426554],[114.523356470625,-2.68436021575133],[114.524161031107,-2.68221284514664],[114.524408493058,-2.68155236864686],[114.52520959115,-2.67934785422005],[114.525676446311,-2.6780474911987],[114.52657868306,-2.67554817360929],[114.527511386142,-2.67293138567487],[114.528563571352,-2.67002187830701],[114.530071736222,-2.6659659682548],[114.530440656111,-2.66487200593826],[114.53157044472,-2.66178925497007],[114.532538572097,-2.65927415337944],[114.533327719099,-2.65706958319464],[114.53341704606,-2.6568323123613],[114.534391572113,-2.65424377033366],[114.535264090765,-2.65196163542112],[114.536059080662,-2.64979891698636],[114.536997540304,-2.64723590401371],[114.537834320797,-2.64497760203466],[114.538784300755,-2.64259396693797],[114.539812219558,-2.63987567342355],[114.540845510912,-2.6374443652652],[114.541322811698,-2.63658436787421],[114.541445615922,-2.63637212427409],[114.541569409401,-2.63615817106268],[114.541955141217,-2.63549150722724],[114.542414886338,-2.63448798343364],[114.543024300231,-2.63295264195079],[114.543997684146,-2.63074241682904],[114.544851470819,-2.62888469986893],[114.545729325148,-2.62687755875231],[114.547344576791,-2.62333982007658],[114.547378056752,-2.62326408726778],[114.548076061961,-2.62159094176849],[114.549168767924,-2.61914775626389],[114.550005028609,-2.61711660055062],[114.550786660876,-2.61532068859884],[114.550898523048,-2.61506366775404],[114.551151598567,-2.61448219040074],[114.551310856811,-2.61411502059167],[114.551940473974,-2.61266370366695],[114.552122806123,-2.61224341719992],[114.552964859341,-2.61030557334351],[114.553036657616,-2.61014777200205],[114.55384089704,-2.60838020758047],[114.553947564728,-2.60813578084156],[114.554685989967,-2.606443698318],[114.554810255589,-2.60616043435653],[114.555564454936,-2.60444120579695],[114.55568991126,-2.60415406305953],[114.556455723553,-2.60240127090191],[114.55652275632,-2.60225017220762],[114.557402438072,-2.60026723634383],[114.557682631748,-2.59963563527629],[114.558269758642,-2.59826756859337],[114.558901503602,-2.59679552859075],[114.559960719712,-2.59444808940776],[114.560047528571,-2.59425569834178],[114.560100451874,-2.59413376915808],[114.560169044066,-2.59397573669082],[114.561158820823,-2.59169538693249],[114.561217163441,-2.59156624068942],[114.561813297945,-2.59024666095462],[114.561926564859,-2.58999593536407],[114.562490587271,-2.58874743444647],[114.562686467706,-2.58831714571966],[114.563371865319,-2.58681152862908],[114.56361101034,-2.58628146012126],[114.564229648579,-2.58491022782471],[114.564464352748,-2.58437323543643],[114.565236575408,-2.58260641295556],[114.565316231959,-2.58242861518841],[114.565955941314,-2.58100076157586],[114.566234523405,-2.58039564824054],[114.566891158001,-2.57896934685783],[114.567181483439,-2.57839112594968],[114.567823425811,-2.57711260925947],[114.568147674576,-2.57644593643079],[114.569512106199,-2.57364058584432],[114.569547205839,-2.57356816433929],[114.569578304395,-2.57350400040923],[114.569658944804,-2.57333761413952],[114.57060046484,-2.57121794984846],[114.571843273049,-2.56847248691571],[114.573582528611,-2.56456517004654],[114.575269925667,-2.56063538991128],[114.577709067819,-2.55516017789984],[114.577811112993,-2.55493111338012],[114.577873578103,-2.55480143743637],[114.578752540397,-2.55297672379675],[114.579803763333,-2.55034797128178],[114.581027692074,-2.54755213012663],[114.582012902074,-2.54524610742186],[114.583164783428,-2.54282081392938],[114.583678468087,-2.54151836358159],[114.583762185077,-2.54125544588209],[114.58388146126,-2.54105238615864],[114.583988735092,-2.54090909178109],[114.584096097957,-2.54071796606127],[114.584663170869,-2.53947540426645],[114.584746643243,-2.53934402320806],[114.584770622766,-2.53923644720425],[114.584782789694,-2.53908699606797],[114.584824671122,-2.53894357758401],[114.584890309041,-2.53881216414999],[114.58497381379,-2.53866284611343],[114.585021628046,-2.53852541981223],[114.585057519089,-2.53840590710689],[114.585093500065,-2.53823856305917],[114.585093876881,-2.5380352794046],[114.58517758218,-2.53777833859942],[114.585249297717,-2.53757518894378],[114.58535062703,-2.53743188287507],[114.585517426088,-2.53724684826341],[114.585606821398,-2.53712743628211],[114.585690259598,-2.53701399220193],[114.58576180876,-2.53690052473939],[114.585916918431,-2.53660784487607],[114.586020887254,-2.5363715210288],[114.586121132884,-2.53617081573049],[114.586183269742,-2.5360035202462],[114.586209669341,-2.53582514691294],[114.586203955948,-2.53569957727365],[114.586132796192,-2.53560377969063],[114.586037799905,-2.53553783330432],[114.585990320197,-2.53549589072276],[114.585984506979,-2.53542413201802],[114.586008474811,-2.53532253470718],[114.586056278275,-2.53519108709895],[114.586092213385,-2.5350476578231],[114.586133982397,-2.53496402986605],[114.586175650686,-2.53493421374293],[114.586241044888,-2.5349343360507],[114.586336095135,-2.53497038897223],[114.586431202038,-2.53497654573096],[114.58650253986,-2.53497667883062],[114.58657393344,-2.53494691756612],[114.586627558215,-2.53488124996966],[114.586687406299,-2.53466611774707],[114.586723329718,-2.53452866896288],[114.586794878881,-2.5344152023996],[114.58687830539,-2.53430773611308],[114.586884427974,-2.53421208422026],[114.586878692997,-2.53409847196684],[114.586890794275,-2.53398489388769],[114.586932696387,-2.53382951891712],[114.58703401221,-2.5336921924407],[114.587117417135,-2.53359668443937],[114.58717547287,-2.53349850814959],[114.587242790722,-2.5333099284104],[114.587336741098,-2.5330898472186],[114.587701055559,-2.53237362534247],[114.587720794779,-2.53232763221439],[114.588699391164,-2.53004745422658],[114.589788355948,-2.5275430887425],[114.590762714728,-2.52528723381874],[114.593628049195,-2.51886392503008],[114.59769683574,-2.5096876673519],[114.600237569808,-2.50385680224957],[114.601611422729,-2.50070166484988],[114.601916951206,-2.50000000119906],[114.603542379577,-2.49626707186781],[114.605054998789,-2.49287013015231],[114.605285895228,-2.49234908004598],[114.61052270326,-2.48053198566254],[114.614700965177,-2.47105668541764],[114.617734613162,-2.46423989805282],[114.618795402186,-2.4618562009029],[114.622794261946,-2.452858768917],[114.62606481384,-2.44554610436916],[114.63025409515,-2.43633363908611],[114.634058793978,-2.42806753398946],[114.637825447886,-2.41975108124734],[114.64167821188,-2.41109031496603],[114.643944760642,-2.40606485930579],[114.644304877069,-2.40526639442851],[114.644429534795,-2.40531058171791],[114.64887720392,-2.40688718319689],[114.653867611201,-2.40865972086937],[114.65872734609,-2.41038419337576],[114.665030714996,-2.4126612507161],[114.670027198996,-2.41440986372419],[114.674779990105,-2.41615206996204],[114.679223955821,-2.4177322984068],[114.684333276859,-2.41959469543878],[114.689603048642,-2.4215111767993],[114.694961952232,-2.42346966189535],[114.699596031931,-2.42518174174393],[114.700545458806,-2.42553790564978],[114.704678038761,-2.42708817677789],[114.711996613653,-2.42982107438303],[114.712150536218,-2.42987855005498],[114.712223044058,-2.4299059595923],[114.716523228864,-2.43153156782756],[114.720154319866,-2.43300154028879],[114.72186848794,-2.43370542166781],[114.721897470392,-2.43371732239649],[114.726928741069,-2.43578327917493],[114.727780827124,-2.43613316311496],[114.731999669149,-2.43785725610746],[114.737156287333,-2.43996457090816],[114.736327928991,-2.44183095373546],[114.735568575629,-2.44354184917694],[114.734611293177,-2.44569868694481],[114.734391134643,-2.44619471521389],[114.733619348154,-2.44788736520968],[114.732578703944,-2.45016964401384],[114.731652832113,-2.45220019808062],[114.73122170162,-2.45314571560226],[114.730707364054,-2.45428947517911],[114.730018656935,-2.45582098015404],[114.729728591401,-2.45646600899909],[114.728798511642,-2.45853424735759],[114.728300473388,-2.45964173817561],[114.727999138449,-2.4602959877696],[114.727755436564,-2.46084756266481],[114.727699783818,-2.4609917060024],[114.727593016305,-2.4612682493302],[114.727401360884,-2.4621002814028],[114.727282180029,-2.46262287114854],[114.740434600377,-2.45859028861088],[114.742935480088,-2.45954999293775],[114.749931238836,-2.45877461006017],[114.7500000001,-2.45876698920512],[114.754702505616,-2.45799568565235],[114.759140245326,-2.45775391910803],[114.759166302283,-2.45837944615448],[114.759192556192,-2.45867847703005],[114.759242681704,-2.45892373114521],[114.759367012977,-2.45923488668063],[114.759589349669,-2.45960002582046],[114.759921156336,-2.46027629621403],[114.76015761778,-2.46108396025653],[114.760595148747,-2.46253179500627],[114.761020934569,-2.46389290633249],[114.761550253042,-2.465559157629],[114.76230037756,-2.46805995280454],[114.762395714691,-2.46837779479932],[114.763501450931,-2.47198545576413],[114.763793201795,-2.4729366426119],[114.764246493381,-2.47441449673158],[114.76499148367,-2.47687343925776],[114.765635986412,-2.4789853873657],[114.766327657695,-2.48133062590762],[114.766619216104,-2.48227503006854],[114.767149594878,-2.48399301576501],[114.767708435396,-2.48583900916287],[114.767865016358,-2.48635623984853],[114.768081690917,-2.48708190460616],[114.768361633683,-2.48801946042971],[114.76928403593,-2.49104081288317],[114.770052724254,-2.49354764790559],[114.769944473759,-2.49369558098624],[114.769363731151,-2.49458411206706],[114.7684006103,-2.49596977488517],[114.767578586782,-2.49721679192135],[114.765743908654,-2.50000000119906],[114.765728640864,-2.50002339616276],[114.765218340354,-2.500805449312],[114.764154973873,-2.50242456084476],[114.762914530881,-2.50433834333984],[114.761555997911,-2.50640260939286],[114.760578807166,-2.50798559965563],[114.759087840931,-2.51035694281859],[114.758261968315,-2.51161609710516],[114.757240403222,-2.51290111679305],[114.756156242617,-2.51411910731093],[114.755405515552,-2.5150051391758],[114.753378691873,-2.51743947085487],[114.752699584119,-2.51826005096052],[114.751954872619,-2.51914973317361],[114.751654446895,-2.51959928358002],[114.751308859916,-2.5200352020629],[114.75041510917,-2.52115783206824],[114.750224882772,-2.52138705936522],[114.750000019885,-2.52168186162857],[114.7500000001,-2.52168188860821],[114.749098838041,-2.52291709574735],[114.748415823631,-2.52385328909799],[114.74673053009,-2.52631136737568],[114.74656330835,-2.52655526711186],[114.744389425731,-2.52942888703348],[114.743977474181,-2.53007514525171],[114.743134886766,-2.53134094103154],[114.741811404872,-2.53314462222647],[114.741168225034,-2.53402116264647],[114.739859382305,-2.53587016697458],[114.739117718608,-2.5368524298957],[114.738636547139,-2.53748969669209],[114.737592174339,-2.53905213384883],[114.736571454609,-2.54030665033162],[114.736455335945,-2.54044936644505],[114.735844646813,-2.54110179311323],[114.735047191875,-2.54195374966577],[114.733596098881,-2.5435369854435],[114.733546444613,-2.54359499891001],[114.732130506118,-2.5452493476792],[114.731558220735,-2.54590890237392],[114.731272620335,-2.54623805424274],[114.730239910843,-2.54737573620122],[114.729744772903,-2.54791021318573],[114.728450902987,-2.54948924912952],[114.727152688446,-2.55107357668419],[114.726961961126,-2.55134112409354],[114.726771133081,-2.55166607522915],[114.726711703183,-2.55177024460107],[114.72658028795,-2.55200059155402],[114.724776571681,-2.55528854712873],[114.724617128178,-2.55558434584083],[114.722551823408,-2.55941586155274],[114.722447809619,-2.5596088227889],[114.720445432211,-2.56319997040225],[114.720396030652,-2.56328856801298],[114.718367088171,-2.5668879821946],[114.717820996442,-2.56781707539767],[114.718053124053,-2.56774325274887],[114.718376664152,-2.56768642908537],[114.718623931849,-2.5677251431008],[114.719042142681,-2.56792680617713],[114.723270878149,-2.57047929708187],[114.731614316847,-2.57555537288209],[114.737724655269,-2.57927845373763],[114.738065241118,-2.57948887171403]]]},"properties":{"Kecamatan":"DADAHUP"}},{"type":"Feature","geometry":{"type":"Polygon","coordinates":[[[114.517866462068,-2.69932015200334],[114.517750048426,-2.69964461840436],[114.516888613019,-2.70204184855243],[114.516401241624,-2.70335340273732],[114.515635985113,-2.70544196937135],[114.51489947633,-2.70742536568804],[114.514086276061,-2.70969557828823],[114.513416616584,-2.71154518606141],[114.512765949889,-2.71340918028937],[114.511914613868,-2.7157127847172],[114.511289398887,-2.71748818942837],[114.510460280618,-2.71981829238024],[114.510167257213,-2.72063323193805],[114.509642278868,-2.7220932587968],[114.509068277579,-2.72367042415073],[114.508900778848,-2.72414130557672],[114.508843136801,-2.72430335081896],[114.508451143006,-2.72540533508811],[114.508001780558,-2.72659514265166],[114.507579871714,-2.72776749077701],[114.506284159087,-2.73140335627983],[114.505464334412,-2.73373168486933],[114.504858362224,-2.73547061667557],[114.504126504734,-2.73746833289721],[114.503370433898,-2.73967165931958],[114.502470992243,-2.74219991709248],[114.501843963328,-2.74398378442407],[114.504110825055,-2.74479375163031],[114.506107179703,-2.74552726836868],[114.508261159425,-2.7463177778431],[114.50924267501,-2.74667862901549],[114.511823213071,-2.74763548608877],[114.512009301688,-2.74798922272441],[114.512030512198,-2.74808253458127],[114.512051603099,-2.74823324117108],[114.512044143223,-2.74839106229763],[114.512008232394,-2.74850577622055],[114.511950887124,-2.74863479386062],[114.511369899901,-2.74936275998334],[114.510808049352,-2.74999999980008],[114.51080802507,-2.75000002677979],[114.510705049099,-2.75012341376447],[114.510651013334,-2.75018815955588],[114.507322608951,-2.75393768857344],[114.507263992939,-2.75400438679299],[114.504790723313,-2.75681864426497],[114.504683543011,-2.75694059862968],[114.502287860596,-2.75966654087813],[114.500000020385,-2.76227213225303],[114.4999999997,-2.76227215473608],[114.498708612812,-2.76375886807728],[114.497952745223,-2.76462906018293],[114.495728586005,-2.76714251601425],[114.492840450127,-2.77043116136895],[114.492773555855,-2.7705203354451],[114.490070795431,-2.77357605279258],[114.489756635261,-2.77393123733668],[114.488351120808,-2.77554525510936],[114.485866535013,-2.77837306086803],[114.483890091355,-2.78057098236491],[114.482900150022,-2.78171128224983],[114.48026591524,-2.78467096099598],[114.47927646044,-2.78584061655118],[114.478871169269,-2.78630606697135],[114.47844219715,-2.78672363658649],[114.478345018208,-2.78687326758717],[114.478287103667,-2.78696244256264],[114.477688597651,-2.78881448390126],[114.476683392125,-2.79178959771173],[114.47655187437,-2.79212410864068],[114.476444471036,-2.7923032311092],[114.474942557353,-2.79399787310331],[114.471447987035,-2.7980887820716],[114.46817147983,-2.80186279693049],[114.465000577315,-2.80550273816078],[114.463236193795,-2.80757938068382],[114.459218884444,-2.81218592763838],[114.458088030139,-2.81344534992292],[114.456250795238,-2.8154914487713],[114.455708307992,-2.81612061087742],[114.454784437152,-2.81721000194],[114.454581974579,-2.81735303911142],[114.454499138025,-2.81739781096019],[114.454524595134,-2.81744956604462],[114.45458913588,-2.81750776117417],[114.455320253227,-2.81814546683978],[114.458866491395,-2.82131462736811],[114.462444424371,-2.82457065161424],[114.451435528227,-2.83901910474782],[114.438914815966,-2.85541527629391],[114.419859718751,-2.86208518098624],[114.421862799429,-2.87318276287414],[114.41643715625,-2.88594196365068],[114.420252993181,-2.88945968791421],[114.417391114808,-2.8901751570578],[114.413277167008,-2.89762796206077],[114.406182097026,-2.92219240685404],[114.400134489915,-2.94389429068895],[114.379657640088,-2.93505882390554],[114.373352566967,-2.9355954268874],[114.370959901778,-2.93400417635161],[114.3660157853,-2.9286099959545],[114.365907990761,-2.92792108019364],[114.365823062384,-2.92762676356426],[114.365752096882,-2.92746160576843],[114.365652544629,-2.92731790130006],[114.365574361168,-2.92718859227966],[114.365531852913,-2.92705936869487],[114.36549653114,-2.9269086414206],[114.365454244118,-2.92668616083762],[114.365404699567,-2.92651387861258],[114.365120929288,-2.92581737796957],[114.364490014403,-2.92406554628786],[114.363678156821,-2.92170774511629],[114.363582781021,-2.9214809378949],[114.363462043439,-2.92124392696559],[114.363383825803,-2.92112896572911],[114.36333409779,-2.92103559091976],[114.363321079205,-2.92098650862044],[114.360625251654,-2.92004386892938],[114.359988408438,-2.91979927761452],[114.359485170304,-2.91960599981701],[114.358133321995,-2.91908679691812],[114.356422647787,-2.91836540663815],[114.355985526911,-2.91815873433808],[114.355805025781,-2.91805309637323],[114.355681556958,-2.91796672278599],[114.355520193402,-2.91781330743817],[114.355387234034,-2.91771734617856],[114.355197197393,-2.91762125091992],[114.353788400414,-2.91697230732609],[114.353550658336,-2.91693587758863],[114.353336615193,-2.91693537216963],[114.353098677062,-2.91698263334183],[114.352801200215,-2.91706561918295],[114.352456044911,-2.91719631585727],[114.352194212693,-2.91729134272123],[114.351908711218,-2.91733848878016],[114.351658965889,-2.9173498553115],[114.351456843259,-2.91733742038559],[114.351219101181,-2.91730098974881],[114.35101700643,-2.91727660013493],[114.350802906629,-2.9173000049912],[114.350434082067,-2.91738282086044],[114.350255545057,-2.91745413260207],[114.350112625697,-2.91754944095391],[114.349993461029,-2.91765675975159],[114.349874212725,-2.91779994621049],[114.349778691234,-2.91796710140056],[114.349671388624,-2.91808640366457],[114.34954033312,-2.91819369368397],[114.34938319368,-2.91826744708499],[114.349221405643,-2.91829575774295],[114.349050172028,-2.91829535214873],[114.348831440719,-2.91826614037001],[114.348422583735,-2.91817908959325],[114.347726823234,-2.91806107066185],[114.346899428066,-2.91795868104822],[114.344488564196,-2.917666023668],[114.342434373248,-2.91740290541969],[114.341635488387,-2.91731492474395],[114.340907849618,-2.91727015559314],[114.338482425723,-2.91710657520821],[114.335347444829,-2.91692639064036],[114.333972197059,-2.91685696117975],[114.333715214885,-2.91691373538055],[114.333505706123,-2.91700888095505],[114.333429466996,-2.91706608593108],[114.333337789208,-2.91687459058983],[114.33328808188,-2.91677404458642],[114.333209838164,-2.91667343203324],[114.333024743297,-2.91650083144816],[114.33137342974,-2.91483268078355],[114.331273664348,-2.9147822306154],[114.331173863883,-2.91474612643253],[114.331074030142,-2.91472436733562],[114.330988396697,-2.91473133708149],[114.33090984901,-2.91475984289241],[114.330824199377,-2.91477398563086],[114.330745736227,-2.91476662557926],[114.330660205304,-2.91473055467134],[114.330574758019,-2.91465861790084],[114.330382580092,-2.91446448035146],[114.329984006857,-2.91405465030181],[114.329912846201,-2.91397557381362],[114.329863123584,-2.91388220170222],[114.329813452229,-2.91376731061285],[114.329742394096,-2.91364519526951],[114.329642796878,-2.91352301067838],[114.328741213037,-2.91261642570743],[114.327365995844,-2.9111952225814],[114.326339809135,-2.91018253559548],[114.322269500937,-2.9060751654365],[114.319683745009,-2.90350226261927],[114.317600239759,-2.90141575363407],[114.315451152349,-2.89907215185826],[114.314896019736,-2.89849696886],[114.314554379881,-2.89815183873634],[114.310690719701,-2.89342394535873],[114.308806713759,-2.89096491559832],[114.307924940184,-2.88980329098905],[114.306605116733,-2.88804274757467],[114.304639162767,-2.88537424142805],[114.304084142569,-2.88475602497056],[114.303898989247,-2.88461212085264],[114.287577424559,-2.86539131725544],[114.287670829046,-2.86250102660102],[114.287668290259,-2.85953614707546],[114.287740513914,-2.85713572793145],[114.287786850583,-2.85596451744846],[114.287851746561,-2.85432414324458],[114.287971359091,-2.85165444639551],[114.288085034297,-2.84880939164009],[114.288211011329,-2.84578503814896],[114.288519083089,-2.84318958663005],[114.291167651266,-2.83049243997408],[114.291226958857,-2.83026187088859],[114.291275294719,-2.82992723855119],[114.291422359954,-2.82904208262596],[114.290845113012,-2.82316514705383],[114.290788175134,-2.82310762821442],[114.285926459039,-2.81862594673004],[114.283399229191,-2.81636165796408],[114.28122684844,-2.81460595110372],[114.281712591163,-2.81411439336449],[114.282461185935,-2.81328168230374],[114.282690163221,-2.81298094991087],[114.282919404907,-2.81256544963577],[114.283148880417,-2.81204952656435],[114.283637624177,-2.81047259683282],[114.283752393858,-2.81020028931187],[114.283943488101,-2.80982803563529],[114.284172430313,-2.80954164832838],[114.284363146842,-2.80933481684826],[114.284482373563,-2.80919163488602],[114.284553958698,-2.80908420637098],[114.284637545287,-2.80892898518448],[114.284685365837,-2.80881552311786],[114.284727283238,-2.80868411507981],[114.284757309802,-2.80855267916274],[114.284763517822,-2.80843911996936],[114.284757958213,-2.80832103268943],[114.284683257826,-2.80771832144336],[114.284479106326,-2.80550853878799],[114.284361742101,-2.80394393876173],[114.284360421896,-2.80392507728044],[114.304152930813,-2.7885624336094],[114.306453470351,-2.78654330542918],[114.308226208573,-2.78474784403772],[114.311696455827,-2.78121701575265],[114.314852062673,-2.77801062509025],[114.317302199037,-2.7755103623133],[114.320333717427,-2.77248536760561],[114.322440509722,-2.77038599471786],[114.323422331076,-2.76944135133726],[114.325557477196,-2.76741854223189],[114.326272240372,-2.76679847496962],[114.328226164106,-2.76499522275128],[114.328693194635,-2.76456588101053],[114.329522392944,-2.76381216639834],[114.335935503421,-2.75639301312702],[114.34310600224,-2.74999999980008],[114.34336905214,-2.74973252343716],[114.348095672078,-2.74492637375312],[114.348466895131,-2.74160188232099],[114.348887355167,-2.73818858463545],[114.349051199953,-2.73626548066733],[114.349223103563,-2.73419012957078],[114.348062379176,-2.72865361797005],[114.348025894579,-2.72861064296677],[114.340772702198,-2.7202638219178],[114.338519270048,-2.71774813576781],[114.338377230225,-2.71746088601105],[114.338306366346,-2.71724552805864],[114.338283374278,-2.71688680468225],[114.338267229649,-2.71656913715589],[114.338027274339,-2.71184721887403],[114.337953072177,-2.71038716503557],[114.337838305194,-2.70812888194229],[114.33780236109,-2.70742164699135],[114.337709843335,-2.70521727375814],[114.337708325279,-2.70518109942816],[114.353357732174,-2.70164627275722],[114.392152066065,-2.69634650138988],[114.420770836305,-2.69645249638558],[114.430098434595,-2.69518055104157],[114.462249123099,-2.68917908274841],[114.462463534065,-2.6886357177641],[114.463012731153,-2.68724392606629],[114.463381708599,-2.6863202458826],[114.464211710002,-2.68424245222735],[114.464647732807,-2.6831509207783],[114.465105031772,-2.68196101518868],[114.465654552616,-2.68053113180622],[114.465742331843,-2.68056771532775],[114.466812215711,-2.67794451342849],[114.471893512975,-2.6800746098553],[114.47712814195,-2.68221798117486],[114.483669387832,-2.68493819564117],[114.488864784782,-2.6870620723567],[114.491975066696,-2.68836304961502],[114.497304268377,-2.69048542806001],[114.49730434392,-2.69048545773762],[114.4999999997,-2.69159891735609],[114.500000025781,-2.69159892814798],[114.500053084882,-2.69162084372692],[114.50251621735,-2.69263825485154],[114.502594077954,-2.69267220695673],[114.507813195423,-2.69495272938491],[114.508028431967,-2.69504677688718],[114.513140798109,-2.69720768588593],[114.517866462068,-2.69932015200334]]]},"properties":{"Kecamatan":"KAPUAS BARAT"}},{"type":"Feature","geometry":{"type":"Polygon","coordinates":[[[114.519454826679,-2.98321589529729],[114.519271376673,-2.98344843389805],[114.506713694182,-2.99937892659614],[114.507432735432,-3.0000000001998],[114.507432769607,-3.00000002987741],[114.519079071042,-3.01005951173704],[114.530960995753,-3.02325943877202],[114.526449803016,-3.02817227143311],[114.51628622463,-3.01706761188075],[114.503825134722,-3.0096744292315],[114.4999999997,-3.00698197144078],[114.499148453239,-3.00638257959235],[114.496895716264,-3.00515709142655],[114.489515750052,-3.00168502304535],[114.486556986816,-3.00790811396826],[114.480207196705,-3.01179847861687],[114.478038431229,-3.01416847099807],[114.459100853821,-3.03116086518173],[114.454226719887,-3.02552654511391],[114.439962051308,-3.03764480626273],[114.432270755991,-3.03053482911901],[114.420107778751,-3.04099856792953],[114.406826881256,-3.03675046915879],[114.403115384567,-3.03540896395248],[114.400204196367,-3.03545385810901],[114.389747136821,-3.02833014022377],[114.390408733876,-3.02780645510376],[114.391915375294,-3.02639449610905],[114.392868950742,-3.02549770115792],[114.395734049587,-3.02097084492851],[114.398218136258,-3.01661521422074],[114.400681893754,-3.01279514777781],[114.402742451003,-3.01048536410821],[114.405298280192,-3.00794719310841],[114.407147607376,-3.0064403403494],[114.40869211385,-3.00508579407409],[114.410160595235,-3.00369279998267],[114.411858583607,-3.00180296463509],[114.413137490603,-3.00000002178353],[114.413137506791,-3.0000000001998],[114.414652239409,-2.9979419556567],[114.415963948278,-2.99645052537142],[114.417036396113,-2.99555634115217],[114.418525087963,-2.99466313899262],[114.42120738881,-2.99191951607276],[114.423535265041,-2.98815874103303],[114.424252730679,-2.98648653172802],[114.426646710677,-2.97985633839926],[114.428739714566,-2.97477974998543],[114.432384933018,-2.96701655207215],[114.434653203982,-2.96325553601412],[114.434707903447,-2.96318566678502],[114.437456203741,-2.95967509123244],[114.441213051441,-2.95502073991514],[114.444610626279,-2.95144161623756],[114.447650314111,-2.94833990396336],[114.450004187044,-2.94545558390803],[114.46080009315,-2.94937378617124],[114.479894178673,-2.95572357538265],[114.48356096017,-2.95456093813675],[114.4999999997,-2.96625337749134],[114.503205235633,-2.96853313459644],[114.519453609896,-2.98321492402948],[114.519454826679,-2.98321589529729]]]},"properties":{"Kecamatan":"KAPUAS HILIR"}},{"type":"Feature","geometry":{"type":"MultiPolygon","coordinates":[[[[114.257163761299,-3.38189235504808],[114.256706565756,-3.38203451268259],[114.256325933995,-3.38202386830682],[114.25603178374,-3.38171699084643],[114.25589903841,-3.38154446580438],[114.255851966995,-3.38136262018872],[114.255852343811,-3.38122872822316],[114.255900382896,-3.38106628098404],[114.256005574798,-3.38088486704294],[114.256130150686,-3.38057918028488],[114.256207088586,-3.38029248540983],[114.25637067077,-3.37965217620695],[114.256523981796,-3.37927962395543],[114.256753854807,-3.37875426789509],[114.257144236118,-3.37825884486972],[114.257392388748,-3.37800132580048],[114.257907083345,-3.37771587288915],[114.258421347168,-3.37758343782536],[114.259030561411,-3.37752778238121],[114.259439635131,-3.37757676125847],[114.259887858138,-3.37766331830744],[114.260305725429,-3.37797054470485],[114.260447828205,-3.37820047886896],[114.260437291748,-3.37856387512267],[114.260340542682,-3.37912786605813],[114.260063115321,-3.37964352472886],[114.259719285617,-3.38008248471886],[114.259070607323,-3.38063534744327],[114.258317300103,-3.38116878121423],[114.257163761299,-3.38189235504808]]],[[[114.355790985566,-3.23416846210478],[114.381627375703,-3.24863683971836],[114.38437000757,-3.24827910559623],[114.385013701821,-3.25000000149885],[114.386317674721,-3.25348613167961],[114.38202485896,-3.25618901531078],[114.389338545138,-3.26938544937894],[114.372187157112,-3.2837743314202],[114.375218039681,-3.28734906280897],[114.360016677728,-3.31635271860301],[114.357761431645,-3.3216436712184],[114.357875143723,-3.32179356302248],[114.358140857415,-3.32213606982373],[114.358384885754,-3.32244844034318],[114.358618025102,-3.32276351422473],[114.358821295267,-3.32305663475586],[114.358975659399,-3.32332501493744],[114.359213897004,-3.32376861812719],[114.359454879339,-3.32420402489578],[114.35972556898,-3.32472154156585],[114.360034049932,-3.32535126934556],[114.360212696659,-3.32569627626208],[114.360383129878,-3.3260604009667],[114.360510303008,-3.32632324042515],[114.360821534087,-3.32694203784473],[114.361083996729,-3.32748414197954],[114.361365329846,-3.328091922704],[114.361522227369,-3.32843140328657],[114.361817090786,-3.32906656297143],[114.362093158373,-3.3296087057771],[114.362174479569,-3.32972103199995],[114.361637113962,-3.33049988356271],[114.36114987027,-3.33120635498926],[114.360414244622,-3.3322660459412],[114.35997491591,-3.33284830390608],[114.359726661656,-3.3331537019817],[114.359455273242,-3.33338909682931],[114.349269486098,-3.3483473531478],[114.354777119568,-3.3526980609667],[114.355304194233,-3.35311554964284],[114.356330004126,-3.35387154583515],[114.357320048881,-3.35465613777052],[114.358502065618,-3.35572101511269],[114.359057442847,-3.35623183722947],[114.359448999572,-3.35661309222036],[114.360851868219,-3.35783638604033],[114.362550803577,-3.3590956797218],[114.36255883812,-3.35910163413308],[114.362448828551,-3.35919937515098],[114.36241835862,-3.35922589975542],[114.362316851242,-3.35931426803899],[114.362046408915,-3.35954970155746],[114.36159652486,-3.35989122270172],[114.361323904375,-3.36013343890704],[114.360990752321,-3.36041019897146],[114.360475927322,-3.36082095892004],[114.359965407378,-3.36123606799009],[114.359580347355,-3.36155173182692],[114.359138810808,-3.36195416765065],[114.358732741723,-3.36230040483974],[114.358460202177,-3.36251225004025],[114.358173064835,-3.36274659807697],[114.357830279244,-3.36302961472489],[114.357516488695,-3.36328151662866],[114.357101044178,-3.36365783524087],[114.356764703129,-3.36394300306711],[114.356679390741,-3.36400612108559],[114.355493280291,-3.36501267379583],[114.354305730025,-3.36599936857596],[114.35256053624,-3.36731451555238],[114.351988384856,-3.3677290121841],[114.351624868093,-3.36797908936342],[114.351502614254,-3.36808268226991],[114.356381287067,-3.37613659502779],[114.356694035302,-3.37662524256086],[114.357054213781,-3.37717140803403],[114.357281566891,-3.37756417794441],[114.360231777575,-3.3824473257834],[114.362421429805,-3.38620199532579],[114.362746460081,-3.38677513326576],[114.355052038721,-3.41069398803705],[114.354866439335,-3.41129888373644],[114.354865366444,-3.41169102771869],[114.354855036831,-3.41198750092241],[114.354709754052,-3.41290768723991],[114.35461366329,-3.41324218108173],[114.354522669885,-3.41345234994594],[114.35434114173,-3.4137053076538],[114.354169249811,-3.41391525258678],[114.354068949323,-3.41404887925233],[114.353949756776,-3.41412984791413],[114.353711568634,-3.4142200526133],[114.353582911622,-3.41428186571551],[114.353439845672,-3.41439146339525],[114.352948394952,-3.41486354721491],[114.352509931388,-3.41510144667438],[114.35193363413,-3.4152767955876],[114.351507506566,-3.41535452309273],[114.351117866297,-3.41535942169992],[114.35071616432,-3.41542406496859],[114.350269774131,-3.41551548465185],[114.349817140848,-3.41571448663422],[114.349584830675,-3.41583041104457],[114.349459659436,-3.41592272015737],[114.34923610776,-3.41609844678584],[114.349018389087,-3.41631603325828],[114.348872289724,-3.41644714002342],[114.34871442633,-3.41653039206392],[114.348601183698,-3.41661077796499],[114.348336042874,-3.41676845519999],[114.348219825285,-3.41684883300718],[114.348154252117,-3.41689946303973],[114.34812436225,-3.41695318044486],[114.348109236552,-3.41704579442785],[114.348109047694,-3.41711453770569],[114.348102960183,-3.41716533321352],[114.348070071077,-3.41722800876556],[114.348007447686,-3.41728761313277],[114.347956770888,-3.41732931739404],[114.347894213147,-3.41736500968739],[114.347819815832,-3.41737974867641],[114.347748386279,-3.4173974842065],[114.347685804257,-3.41744214363996],[114.34764989073,-3.4175227435797],[114.347501990924,-3.41787622031126],[114.347291448841,-3.41829647440272],[114.347023155894,-3.4189508966665],[114.346893365736,-3.41942397873356],[114.346852488851,-3.41972175055827],[114.346834892716,-3.41992116982607],[114.346819445061,-3.42034674610539],[114.346870450111,-3.42083467687877],[114.34692262428,-3.42103349989605],[114.346983476906,-3.4212653927836],[114.347106469088,-3.42153354094012],[114.347527606314,-3.42240508112957],[114.34779693618,-3.4231040369217],[114.348057834901,-3.42405784169597],[114.348112353602,-3.42434830023382],[114.348144415333,-3.42480270158336],[114.348131959722,-3.42586910867237],[114.348087774231,-3.42636155763972],[114.348044206575,-3.42662924264539],[114.347895483889,-3.42706401359328],[114.347718248199,-3.42748435941559],[114.347567483153,-3.42772308175478],[114.347431466089,-3.4279378740336],[114.347154070204,-3.42843923708108],[114.34696748696,-3.42879738579069],[114.346727790655,-3.42943275681625],[114.346631374338,-3.42988202033894],[114.346611679186,-3.43012107722586],[114.346601553719,-3.4303410316133],[114.346600881026,-3.43058492415486],[114.346650918405,-3.43115557636872],[114.346683927122,-3.43153203977175],[114.346706784291,-3.43187164356146],[114.346715442963,-3.43218251401174],[114.346729047008,-3.43242644612354],[114.346795115702,-3.43262748507033],[114.34702642493,-3.43330720796121],[114.347082658638,-3.43365970533108],[114.347157934591,-3.43398204573475],[114.347171097968,-3.43420417108558],[114.34726742795,-3.43443298739243],[114.347356801675,-3.43481103360227],[114.347394412222,-3.4349785170449],[114.347403518757,-3.4351267918679],[114.347436487904,-3.43525122296552],[114.347512140673,-3.43542837681809],[114.347573690274,-3.43554332186676],[114.347601952368,-3.43564861089465],[114.347611192003,-3.43574906336852],[114.347610861952,-3.43586861924132],[114.347634299184,-3.43599780505463],[114.347695820906,-3.43612231529255],[114.347851781335,-3.43651489544601],[114.347984473605,-3.43671611875385],[114.348126856969,-3.43685520160625],[114.348179006856,-3.43692462387224],[114.34832125712,-3.43711398512227],[114.348656623305,-3.43748644294493],[114.348870045916,-3.43775006211564],[114.348994438343,-3.43794169865043],[114.349047627846,-3.43806738070504],[114.349082990088,-3.43818703640255],[114.349159957666,-3.43831876280063],[114.349343787186,-3.43852849999024],[114.349530085345,-3.4387059632096],[114.349702329799,-3.43880208904511],[114.349886439008,-3.43891020374286],[114.349993217313,-3.43901810170399],[114.350046522829,-3.43910194010243],[114.350269596065,-3.43931776390366],[114.350487845338,-3.43955748628889],[114.350696774037,-3.43972544817086],[114.350886786396,-3.439850316339],[114.350939001933,-3.43989828527759],[114.350948388158,-3.43994613370705],[114.350894406352,-3.44010678679871],[114.350888175849,-3.44020839310281],[114.350941475069,-3.44029521904906],[114.351036438081,-3.44037319566638],[114.351365867841,-3.44063415104517],[114.351487534422,-3.44073611258148],[114.351594461115,-3.44079021219846],[114.351746002276,-3.4408444350226],[114.3518619096,-3.44087763619393],[114.351968854279,-3.44092575801727],[114.352138009562,-3.44106372031439],[114.352452709325,-3.44127382172945],[114.352568372932,-3.44136172056693],[114.354340318851,-3.44170004731927],[114.352234103921,-3.44862104092823],[114.352056621816,-3.44911170024471],[114.352010141255,-3.44931740667295],[114.351983523121,-3.44947753815779],[114.351920695584,-3.44982407572047],[114.351764281896,-3.45045489707582],[114.351670044637,-3.4509735091201],[114.351573229021,-3.45156384659418],[114.351551296355,-3.45166520828269],[114.351540538665,-3.45171491830877],[114.351402151888,-3.45233331283208],[114.351269425444,-3.45300245789707],[114.351020461625,-3.45387638308858],[114.350808691968,-3.45473181372216],[114.35056031001,-3.45557500098545],[114.350486628555,-3.45588821776698],[114.350309537655,-3.45625117425226],[114.350146152423,-3.45681980299145],[114.350126638933,-3.45699191074806],[114.350102498432,-3.45711618086699],[114.350021289651,-3.45722594492139],[114.349678072385,-3.4574306189279],[114.349277905551,-3.45757774711529],[114.349087413853,-3.45762503526714],[114.34888743071,-3.45766273125002],[114.348763470858,-3.45774368192531],[114.348710895591,-3.45782483225014],[114.348658254675,-3.45792989374957],[114.348653216673,-3.45803030665326],[114.348586311609,-3.45813054688716],[114.348668468275,-3.45841036914317],[114.348739121713,-3.45867358991421],[114.348839916829,-3.45879342997279],[114.348923016884,-3.45885941772792],[114.348976256749,-3.45896716909954],[114.348969942609,-3.45909866257318],[114.348886361416,-3.45920602903499],[114.348773135872,-3.45927744509794],[114.348505027285,-3.45942613720644],[114.348010568333,-3.45968179467906],[114.347682289706,-3.4600754081535],[114.347538971047,-3.46027227334667],[114.347461188683,-3.46043345523969],[114.347389337348,-3.4606006320135],[114.347305640143,-3.46074984213146],[114.347138539812,-3.46089003114997],[114.346292558355,-3.46048594596959],[114.346007340167,-3.46037036959683],[114.345817086789,-3.46033157734036],[114.345493422583,-3.46034979490707],[114.34499830263,-3.46041535368556],[114.344722281808,-3.46041457757065],[114.34438003581,-3.4602701482487],[114.343866786423,-3.46001046361198],[114.343695729075,-3.45991433777641],[114.343581728314,-3.45983750060014],[114.343467859754,-3.45971284377265],[114.343439651619,-3.45958842616488],[114.343382916988,-3.45945436332818],[114.343308820046,-3.4593634328761],[114.343250118598,-3.45929139538157],[114.343107617423,-3.45919534868636],[114.342964902209,-3.45917581900881],[114.34279363262,-3.4591562065936],[114.342488979183,-3.45918404330888],[114.34232709402,-3.45921228022252],[114.342241459676,-3.45920247581358],[114.342127565035,-3.45908738237677],[114.34200417805,-3.45896269677098],[114.341785372097,-3.45892382267624],[114.341595175377,-3.45886590094051],[114.341433741674,-3.45873154492483],[114.34133936412,-3.45844434463078],[114.341188144018,-3.45806134225711],[114.341188731275,-3.45785092518003],[114.341198648099,-3.45770748691092],[114.341275085976,-3.45760249376002],[114.341380047651,-3.45750714493875],[114.341494555629,-3.45740225700848],[114.341580509233,-3.45729729083723],[114.341705042854,-3.45701070657879],[114.342039447662,-3.45655255505631],[114.342182909314,-3.45630428191703],[114.342173923288,-3.45611296913819],[114.342060320927,-3.45589266581385],[114.341870521707,-3.45569127972874],[114.341670966642,-3.45557594527361],[114.341509216377,-3.45555636163675],[114.34118534173,-3.45565109532174],[114.340747040943,-3.45582202226848],[114.340032587134,-3.45603999275141],[114.339584794003,-3.45620132932783],[114.3389556274,-3.45655344088851],[114.338307078609,-3.45702983605804],[114.337553994421,-3.45744854691287],[114.337119655148,-3.45756305309237],[114.336950779555,-3.45753866527713],[114.336836767103,-3.45746661069546],[114.336751466407,-3.45733725131305],[114.336751906176,-3.45717944007907],[114.336730951073,-3.45701439379917],[114.336609898728,-3.45690645356996],[114.336395968,-3.45682694360852],[114.336174697005,-3.45681914828504],[114.335889121786,-3.45683268937705],[114.33563218098,-3.45681761763888],[114.33538259663,-3.45672366186744],[114.335126070412,-3.45656034318523],[114.334327581253,-3.45619703596441],[114.333923205592,-3.4561480732749],[114.333530719867,-3.45610923065641],[114.333237896112,-3.45616220522157],[114.333054369664,-3.45626517579717],[114.332792163328,-3.45643181387709],[114.332470803185,-3.45647872791091],[114.33209012376,-3.45646569673448],[114.331567212957,-3.45626097776187],[114.331032337572,-3.45608013578959],[114.330639794291,-3.45605511665025],[114.330377954879,-3.45609024416939],[114.329996708881,-3.45628045258076],[114.329472593885,-3.45650612665639],[114.329139002063,-3.45667255879152],[114.328103501076,-3.4568274436316],[114.327875075075,-3.45682679791832],[114.327503960839,-3.45679705643897],[114.326990563963,-3.45659475124671],[114.326576741823,-3.45652184860438],[114.326091696075,-3.45639135787479],[114.3257063078,-3.45636157502662],[114.325363667899,-3.45636060465813],[114.324792724305,-3.45631594972127],[114.32399339428,-3.45625630038791],[114.322880582173,-3.45598056734923],[114.321782209581,-3.45564748724172],[114.320917077061,-3.4552959386566],[114.320522613728,-3.45510831669543],[114.320261374163,-3.45493063763877],[114.320057374648,-3.45470529990962],[114.319962694923,-3.45452809119843],[114.319877545313,-3.45434612777154],[114.319854153946,-3.4542025977716],[114.319788052876,-3.45401590840743],[114.319726455612,-3.45392009014],[114.319612445858,-3.45384803555834],[114.319450968088,-3.4537328063239],[114.319303820115,-3.45359848987835],[114.319247036022,-3.45348355831953],[114.319228724926,-3.45322527122926],[114.319181458358,-3.45311036395208],[114.319096028159,-3.45302882601948],[114.318972484692,-3.45296152615344],[114.318844092081,-3.45292768736283],[114.318573093074,-3.45283605813751],[114.318401908022,-3.45278775195317],[114.318079599994,-3.45267116923901],[114.317708372443,-3.45267866598761],[114.317184603687,-3.45278238839649],[114.31696558999,-3.45282002322546],[114.316851565847,-3.45275275123845],[114.316804355936,-3.45261871718003],[114.316880979074,-3.45244677759666],[114.31688143503,-3.45228418556667],[114.316815187371,-3.45215009934753],[114.316682102097,-3.45209233679185],[114.31614016074,-3.45188995066064],[114.315579238291,-3.45166838109088],[114.3151230356,-3.45143754580607],[114.314686033434,-3.45114937874081],[114.314277608125,-3.45085172922387],[114.313973848614,-3.45056393897454],[114.313565586982,-3.45020890371791],[114.313356655585,-3.45004572083332],[114.31314751015,-3.44995904867113],[114.312947696079,-3.44993935171965],[114.312738684643,-3.44980486080561],[114.312492059061,-3.44950766994299],[114.312321037686,-3.44940197711952],[114.312197470837,-3.44934424244281],[114.311921542645,-3.4493147662634],[114.311683818553,-3.44923757835153],[114.311532047166,-3.44905542696631],[114.311370974091,-3.44879673608045],[114.311219528259,-3.44849981591375],[114.31109612059,-3.44838469279927],[114.310858479235,-3.44827881291684],[114.310563730032,-3.44817277115641],[114.310297883241,-3.44794247366616],[114.30986125879,-3.44752041103811],[114.309405599289,-3.4470982917527],[114.30898784891,-3.44673366612574],[114.30857910704,-3.4465507853904],[114.308350928353,-3.44646406016818],[114.308008352304,-3.44644395942112],[114.307599070841,-3.44645235908905],[114.307208771368,-3.44647994309486],[114.306875657985,-3.44647899700806],[114.306476164743,-3.4463917843533],[114.306181688034,-3.4461900996933],[114.305925684323,-3.44584506309911],[114.305631772388,-3.44544253104795],[114.305470674132,-3.44519340625067],[114.305128958734,-3.44486725362083],[114.304765575971,-3.44463189924272],[114.304509009283,-3.44448770824107],[114.304271447969,-3.44435313279081],[114.304081098364,-3.44435259229823],[114.303928549063,-3.44444779992597],[114.303728332097,-3.44457156372664],[114.303585570118,-3.44457115813242],[114.303395246593,-3.4445610533499],[114.303186319693,-3.44439786776735],[114.303129916013,-3.44414904064564],[114.303149598575,-3.44391955614253],[114.303264426712,-3.44369990842398],[114.303274509911,-3.4434990898111],[114.303246469049,-3.44331729096018],[114.303085236794,-3.44311598581407],[114.302724247126,-3.44287585603587],[114.302353498915,-3.44272177518974],[114.302068269935,-3.442615757711],[114.301878030946,-3.44257696185724],[114.3017358886,-3.44235658209055],[114.301717419224,-3.44215568343799],[114.30171776906,-3.44203134856781],[114.301632677007,-3.44183026105765],[114.301471338631,-3.44166721127272],[114.301290831207,-3.44155192807898],[114.30111959939,-3.44152274867588],[114.30083423731,-3.44146455264695],[114.300491959836,-3.44133924560964],[114.30024515439,-3.44110900477671],[114.300055290419,-3.44093631066215],[114.299798455734,-3.44088775896284],[114.299646124069,-3.44090645496885],[114.299255290399,-3.44112531667997],[114.298807675334,-3.44122924863086],[114.298598724152,-3.44107562823763],[114.298532478291,-3.44094154111917],[114.298561626218,-3.44073121577293],[114.298638626172,-3.44042538242542],[114.298763025793,-3.44018663310658],[114.298877934869,-3.43993829341747],[114.298868982118,-3.43973742084523],[114.298774322177,-3.43955543403598],[114.298584458206,-3.43938273992148],[114.297957767437,-3.43886449390124],[114.297758305901,-3.43872046567691],[114.297530186569,-3.43861461187481],[114.297392147829,-3.43852006884606],[114.297219796357,-3.43846578037142],[114.296987811738,-3.43846512026903],[114.296880656617,-3.43849470166907],[114.296689922102,-3.43863164503432],[114.296600494417,-3.43870312135192],[114.296523149124,-3.43870887701303],[114.29642224609,-3.4386308842079],[114.296339221578,-3.43854098258021],[114.296256367937,-3.43839130661348],[114.296120495664,-3.43816508125343],[114.295947329406,-3.43797808701908],[114.295885676383,-3.43790379132685],[114.295800140964,-3.4378605078561],[114.295719278422,-3.43784832384102],[114.295678815225,-3.43785299132247],[114.295619143409,-3.43791976868232],[114.295540327724,-3.43802475014206],[114.295483084077,-3.43807479831327],[114.295411668913,-3.4380865488551],[114.295285619036,-3.43806706324432],[114.295169273743,-3.4379806545835],[114.295117015938,-3.43789412361485],[114.295124801369,-3.43771830615486],[114.295220569274,-3.43750816786763],[114.295354431562,-3.4372885750077],[114.29536456872,-3.43706863141216],[114.295365216232,-3.43683909474839],[114.295261226724,-3.43659013182906],[114.294698738556,-3.43608641705447],[114.293428899424,-3.43498293361546],[114.293060913031,-3.43469496530037],[114.292527184282,-3.43411960063901],[114.291969796169,-3.43349634977665],[114.291483281828,-3.43305262697709],[114.290984739055,-3.4326566923524],[114.290194636074,-3.43187138365738],[114.289654827009,-3.43134382515734],[114.289381762259,-3.43114578904687],[114.289060876059,-3.43103130175314],[114.28875207315,-3.43085109829951],[114.288544541098,-3.43061738338548],[114.288289658841,-3.43029984805952],[114.288088395063,-3.42995258024735],[114.287918309882,-3.42962333125166],[114.287788056574,-3.4294077709518],[114.287621809699,-3.4292997012202],[114.287479252765,-3.42922756480021],[114.287348797109,-3.42908373442674],[114.287206747393,-3.42883227319084],[114.286922679438,-3.42831739872889],[114.286472435654,-3.42767054426014],[114.286057644045,-3.42710747692848],[114.285867840329,-3.42691565513331],[114.285737283049,-3.42680768882371],[114.285618487104,-3.42674757633955],[114.285511823012,-3.42660381161659],[114.285357809615,-3.4263762291796],[114.285049682097,-3.42595692567153],[114.284563548169,-3.42538170040513],[114.284266812364,-3.42514175498798],[114.284064978416,-3.42499772136767],[114.283970177282,-3.42486594730559],[114.283923130148,-3.42467453200402],[114.283816973275,-3.42435144516304],[114.283615847993,-3.42395635680037],[114.283462206016,-3.42359726919858],[114.283118827772,-3.42302245312368],[114.282526167349,-3.42225564528178],[114.281968995073,-3.42156066988895],[114.281565632048,-3.42116500685955],[114.281185724242,-3.42088895995749],[114.280841235335,-3.42070865577978],[114.280592019706,-3.42049275733484],[114.279972250119,-3.4198687276596],[114.279144550081,-3.41911381335177],[114.278159146727,-3.4184056646896],[114.277328365612,-3.41770991138327],[114.276782049052,-3.41738557088735],[114.276045122984,-3.41715632920119],[114.275367578251,-3.41696311795346],[114.274452008154,-3.41680509537878],[114.27373897977,-3.41654005437994],[114.273109393184,-3.4162154746644],[114.272420527785,-3.41581900044645],[114.271904573238,-3.41541743696507],[114.271225907949,-3.41477950287174],[114.270964868034,-3.41453965997727],[114.270651364369,-3.41434270485189],[114.270252370251,-3.41408812386777],[114.269459195186,-3.41355984680945],[114.2685759764,-3.41290219957682],[114.267607147552,-3.41222996264264],[114.267184497666,-3.41192749635684],[114.267018276872,-3.41181225273323],[114.266889948113,-3.411759286262],[114.266771069429,-3.41173025524705],[114.266714008345,-3.41171574738377],[114.266657055179,-3.41166298236072],[114.266633480351,-3.41158640418917],[114.266619395169,-3.41151941728725],[114.266552979337,-3.41144749940253],[114.26635363831,-3.41126521581702],[114.266158746229,-3.41119293010956],[114.266001773163,-3.41117335456659],[114.265901872873,-3.41116350519155],[114.265768719251,-3.41113443280778],[114.265450444682,-3.41094224768653],[114.265117800746,-3.41078349396304],[114.264899240308,-3.41066810374991],[114.26482322691,-3.41062484905751],[114.26477585782,-3.41054820433612],[114.264752336951,-3.41045249668531],[114.264695384684,-3.41039973436023],[114.264562311102,-3.41034197090516],[114.264443511559,-3.41028424881898],[114.264229845231,-3.41012105244459],[114.2639258474,-3.40992890779279],[114.26351739691,-3.40965517124909],[114.263313109612,-3.40953982240484],[114.263175778639,-3.40930511643791],[114.263104672842,-3.40920927388885],[114.26300488227,-3.4091611700519],[114.262900252445,-3.40914174199776],[114.262824157209,-3.40912718017518],[114.262767218432,-3.40906963525543],[114.262677199893,-3.40893070079119],[114.262421080169,-3.40863588144072],[114.262242925371,-3.40853495322546],[114.261993251987,-3.4084840282153],[114.261743961715,-3.40829682264018],[114.261558791305,-3.408152836684],[114.261437917926,-3.40798751431231],[114.261295512078,-3.40786516784317],[114.261131390301,-3.40785035421044],[114.260974383061,-3.40784273155674],[114.260910142689,-3.40784254899438],[114.260796105956,-3.40778484039799],[114.26039721436,-3.40749678574804],[114.259791759282,-3.40705751009597],[114.259635118966,-3.40692077897074],[114.259578403221,-3.40678433113192],[114.259493057559,-3.40667649522402],[114.259307763942,-3.40657554542503],[114.259072509389,-3.40647445263386],[114.25834575915,-3.40602048475751],[114.257341313551,-3.40532902031799],[114.256507746336,-3.40478867255916],[114.255375234579,-3.40395338404142],[114.254627382648,-3.40339176641686],[114.25407220237,-3.40284504336404],[114.253538413367,-3.40230555355839],[114.252990413277,-3.40174450610402],[114.252477976877,-3.40122659643021],[114.252157642861,-3.40092442332343],[114.251986711418,-3.40079482292271],[114.251346451677,-3.40004701775564],[114.25081984466,-3.3994932062464],[114.250393182,-3.39893250682968],[114.250018821212,-3.39838630178633],[114.250000010092,-3.39835211675671],[114.249412447027,-3.39728438226837],[114.248858004194,-3.39647944227238],[114.24857348298,-3.39613433463177],[114.248460012819,-3.3958757894361],[114.248318321933,-3.39550239901644],[114.248162357007,-3.39512896902664],[114.248006267975,-3.39479857429473],[114.247807518702,-3.39441067421319],[114.247651795694,-3.39395117011037],[114.247467563277,-3.39347723908327],[114.247325587306,-3.39320426696332],[114.247155063256,-3.3929312148037],[114.247041757671,-3.39261528656618],[114.246914462233,-3.39219890225746],[114.246858542388,-3.39178272119557],[114.246888390887,-3.39132374859207],[114.246874970304,-3.39102245322357],[114.246890258779,-3.39066385755092],[114.246933935253,-3.39036272585906],[114.24699156291,-3.39017639892165],[114.247092010888,-3.38999019339269],[114.247278273973,-3.38974685033685],[114.247378846956,-3.38951760865069],[114.247422401123,-3.38925951401529],[114.247423171842,-3.38898695018753],[114.247452248722,-3.38880053961316],[114.247493470048,-3.38858757026009],[114.247498648344,-3.38843934669842],[114.24750897436,-3.38815246566372],[114.247566600219,-3.38796613782694],[114.247683484205,-3.38779701132296],[114.247856315916,-3.3876616696503],[114.248841840678,-3.38705434578139],[114.249213633902,-3.38682587841151],[114.249556873651,-3.38659732830399],[114.250000009193,-3.38628295409501],[114.250567790771,-3.38596967705888],[114.251407305203,-3.38524044379142],[114.25217548631,-3.38449665859389],[114.252485766805,-3.38414368368399],[114.253062849171,-3.38367192092238],[114.253477650673,-3.38337662403194],[114.253982400567,-3.38319850430747],[114.254082552668,-3.3831631618504],[114.255924839959,-3.3828671410057],[114.256205912273,-3.38274839272412],[114.256256064766,-3.38272668219059],[114.256820478382,-3.38248235257845],[114.257897578411,-3.38186854639628],[114.258869981165,-3.38125922333444],[114.25925120378,-3.38105946592157],[114.259597961677,-3.38090242900387],[114.259942305793,-3.38065018176042],[114.26039621881,-3.37998200076868],[114.26093623472,-3.37915147955709],[114.26103242081,-3.37878832791893],[114.261100593018,-3.37823382033451],[114.261159099313,-3.37773188531821],[114.261197807033,-3.37758537766302],[114.261260095877,-3.37734961679132],[114.261556567282,-3.37682922768664],[114.261661557735,-3.37671954187329],[114.262081247052,-3.37637643072765],[114.262529633736,-3.37598080187246],[114.262591797573,-3.37587099285201],[114.262577685412,-3.37581357024004],[114.262501767343,-3.37573684457965],[114.262397420804,-3.37561700182312],[114.261062034585,-3.37432347095137],[114.259566472815,-3.37301616606317],[114.25843467602,-3.3720356586187],[114.257181209046,-3.37109552803616],[114.254755095371,-3.36929693970194],[114.253218576676,-3.36815240490949],[114.251640859138,-3.36725207832069],[114.2500000002,-3.36656762229791],[114.249576808023,-3.36639109257482],[114.2479575517,-3.36585713359977],[114.246701936245,-3.36569068887417],[114.245015370163,-3.36551757927282],[114.244881509674,-3.36576610781958],[114.244559830272,-3.36632546364916],[114.244172922143,-3.36687703944375],[114.243841308829,-3.36730440537394],[114.243385679905,-3.36786973989655],[114.242985385367,-3.36829690887521],[114.242654326936,-3.36861386323915],[114.242267962896,-3.36897191032534],[114.242060882304,-3.36916484997778],[114.241798972745,-3.36931597115512],[114.24146834329,-3.369480852859],[114.241151216256,-3.36972868443121],[114.240944292145,-3.36986621325508],[114.240779092981,-3.36990719805868],[114.240407476024,-3.36990613955663],[114.240035704384,-3.36996049188315],[114.239567621648,-3.37006956975478],[114.239209391101,-3.37019291716933],[114.238768742184,-3.37031602806218],[114.238493056809,-3.37048106444951],[114.238222347383,-3.37070870893973],[114.23802915772,-3.37084647968123],[114.237850223209,-3.37088742581398],[114.237629874019,-3.37091429665742],[114.237464675754,-3.37095528236034],[114.237285625231,-3.37103768184352],[114.237051148592,-3.37120283604202],[114.236803054417,-3.371326494622],[114.236348552344,-3.37149102019436],[114.235618560049,-3.37175141979213],[114.23513633997,-3.37191586532487],[114.234378395846,-3.37225909518105],[114.233841034736,-3.37249254209712],[114.233152213404,-3.37276680744219],[114.232036438931,-3.37317817173516],[114.23122374498,-3.37345228419554],[114.230686462111,-3.37365802389866],[114.229984060116,-3.37387704119243],[114.229433080572,-3.37406878474656],[114.228978450795,-3.37419184887466],[114.2283316314,-3.37427290656933],[114.228104783709,-3.37427225815816],[114.227808672932,-3.37427141009744],[114.227106889671,-3.37427206840118],[114.22688755042,-3.3742897041065],[114.226668349665,-3.37434407621811],[114.226320848928,-3.37448981495294],[114.225772299352,-3.37468997796009],[114.225260453807,-3.37483524365155],[114.224803605402,-3.37496240419154],[114.223981015312,-3.37518004372401],[114.223688615138,-3.37527094000183],[114.223304408572,-3.37547157065643],[114.222902104049,-3.37565367977345],[114.222060960945,-3.37592646933103],[114.221457659743,-3.37614473479164],[114.22107364833,-3.37636363067696],[114.220671252976,-3.37649094410176],[114.220305808966,-3.3765631569641],[114.220013356631,-3.37667231577473],[114.21968390259,-3.37685483768058],[114.219354746225,-3.37701889020957],[114.21909899882,-3.37707315440252],[114.218842900679,-3.37716415230375],[114.218641538876,-3.37732857175615],[114.218458730986,-3.37743804532948],[114.218275991444,-3.37743751922608],[114.218111646635,-3.37743704618271],[114.217910547434,-3.37750993803314],[114.217654187591,-3.37769266768242],[114.217379835011,-3.37782014208585],[114.217178786172,-3.37787456276084],[114.216944451625,-3.37790364593644],[114.216706803077,-3.37797622572219],[114.216542146203,-3.37808575055692],[114.216413931658,-3.37823211521987],[114.21630413163,-3.37828679759758],[114.216158132092,-3.37830484699106],[114.216011940998,-3.37830442610834],[114.215829044075,-3.37835889894399],[114.215609634677,-3.37848653072876],[114.215426634332,-3.37857773727274],[114.215170886028,-3.37863199966699],[114.214640330987,-3.37888720388133],[114.21431096418,-3.3791247211289],[114.213465062762,-3.37945846043954],[114.213341710851,-3.37950712815137],[114.212647006154,-3.37978012005647],[114.211824207421,-3.38007121261631],[114.210946551842,-3.3804171440359],[114.210434444594,-3.38065392743675],[114.209794437563,-3.38092727907065],[114.209355479372,-3.38114600678273],[114.209154326211,-3.38123716026666],[114.208934566077,-3.38140152126317],[114.208769908305,-3.3815110442992],[114.20864179898,-3.38162067165661],[114.208532102375,-3.38163882357281],[114.208404255652,-3.38165672008154],[114.208313007739,-3.38165645568085],[114.207965558264,-3.38178391929239],[114.206977997437,-3.38222105455799],[114.206483777704,-3.38254982421495],[114.206136258981,-3.38278707886053],[114.205806802242,-3.38296959177319],[114.205514349008,-3.38307874428858],[114.205331452984,-3.38313321262763],[114.205112253128,-3.3831875766453],[114.204929092704,-3.3833337794303],[114.204709525924,-3.38351660980368],[114.204398203115,-3.38379070157958],[114.204178548202,-3.38391853301385],[114.203831308268,-3.38397252561151],[114.2036486038,-3.38404526008065],[114.203520493576,-3.38415488743806],[114.203282529365,-3.38433766295276],[114.20293497377,-3.38450165162988],[114.20273392583,-3.38455606780826],[114.202459728833,-3.38462874202276],[114.202164091999,-3.38482161062876],[114.201767026027,-3.38497252765995],[114.201326565069,-3.38511613500157],[114.201088304082,-3.38523118706956],[114.200741455354,-3.3854910137992],[114.200040646958,-3.38592342762405],[114.199527738414,-3.38618256727159],[114.199159656693,-3.38631899532533],[114.198617930273,-3.3865347471808],[114.198430196796,-3.38664994493894],[114.198256545803,-3.38681607759986],[114.198025455111,-3.38699640875723],[114.197808616874,-3.38708279133772],[114.197512858632,-3.38714698674397],[114.197101507828,-3.38723280275161],[114.19674051906,-3.38737643257627],[114.196516667011,-3.3875134829608],[114.196343119439,-3.38764329200427],[114.19618620483,-3.38778895069947],[114.19591910888,-3.38795132239557],[114.195639352274,-3.38808102711766],[114.195424783027,-3.38814566319178],[114.195249232666,-3.38820384393222],[114.195099420902,-3.38826866706529],[114.195034420602,-3.38835323301527],[114.194956061773,-3.38847695724576],[114.194903910987,-3.38852892996607],[114.194786777888,-3.38857435292402],[114.19459834204,-3.38859329984086],[114.194559341141,-3.38859318562697],[114.194422621707,-3.3886254182284],[114.194364111814,-3.38867101115818],[114.19430533932,-3.38872296499278],[114.194240413664,-3.38878146858985],[114.194136299151,-3.38882036336901],[114.194051675644,-3.38882011605546],[114.193940097657,-3.3888103512167],[114.193661940047,-3.3888953227609],[114.193297869301,-3.38908737208453],[114.192505767127,-3.38945014600739],[114.191798971945,-3.38981592816253],[114.191670788876,-3.38989819994191],[114.191513375142,-3.39003640775394],[114.191422695601,-3.39013177636036],[114.191289264988,-3.39020311058505],[114.191160770753,-3.39021229985769],[114.191060865966,-3.39020722678202],[114.190932870855,-3.39020229400063],[114.190766076293,-3.39026615306045],[114.190646511427,-3.39034707675614],[114.19056781805,-3.39041139896682],[114.190489041036,-3.39050441134947],[114.190410306291,-3.3905830786461],[114.190310305276,-3.39061147743769],[114.190017501307,-3.39067517372024],[114.189788929615,-3.39073905886045],[114.189374423091,-3.39093150568442],[114.188931265066,-3.39115973023729],[114.188602671676,-3.39125918536308],[114.188252585389,-3.39138726590954],[114.187852745908,-3.39144347803403],[114.187481663148,-3.39142805016434],[114.187353183303,-3.39143245594306],[114.187191230691,-3.39149414314016],[114.187091021933,-3.39159426466352],[114.186962155379,-3.3917325552132],[114.186819180261,-3.39181342494953],[114.18667146032,-3.39188949860142],[114.186380930735,-3.39198906434382],[114.186176004019,-3.39210322338499],[114.185956652178,-3.39226993880658],[114.185837411068,-3.39237000367268],[114.185732596882,-3.39241751395707],[114.185585153932,-3.39239795640054],[114.18539498599,-3.3923448028703],[114.185247805642,-3.39223439490138],[114.185114706878,-3.39219097203568],[114.184924317703,-3.3922143229326],[114.184767055056,-3.39229993209614],[114.184595351994,-3.39244287843604],[114.184371143813,-3.39264304863775],[114.184118553928,-3.39278575935526],[114.183885065643,-3.39290461555549],[114.183689821928,-3.3929614239305],[114.183513429801,-3.39308044830398],[114.18333201586,-3.39329030600277],[114.183193755887,-3.39338553431492],[114.183103368626,-3.39338048731958],[114.183013049712,-3.3933515336463],[114.182908665403,-3.3932508149731],[114.182794583703,-3.39321222776204],[114.182727971819,-3.39321203260914],[114.182649201999,-3.39323078886974],[114.182553338766,-3.39326988329844],[114.182413478,-3.39330234702567],[114.182303457639,-3.39329903662122],[114.182224453096,-3.39326533362822],[114.182139100239,-3.39316467071296],[114.182020592976,-3.39301131292171],[114.181930427847,-3.39292976239858],[114.18179258516,-3.39288154344842],[114.181654575199,-3.39289070214414],[114.181478432184,-3.39292365690119],[114.18136417062,-3.39294722993066],[114.181245111173,-3.39298513455628],[114.181097584586,-3.3929942662723],[114.180926340179,-3.39297941936468],[114.180802714873,-3.39295036766526],[114.180598266597,-3.39289956226492],[114.180346108386,-3.3928940422262],[114.17996549731,-3.39288336367622],[114.1793753397,-3.39293901282514],[114.179003692167,-3.39300247978059],[114.178888072626,-3.39301872963063],[114.178503268011,-3.3930657740662],[114.178224988093,-3.39304344030251],[114.177932539355,-3.39298520380407],[114.177711396963,-3.39294869402698],[114.177497308854,-3.39294089420684],[114.177375918364,-3.3929620552546],[114.177254276963,-3.39306928412014],[114.177139795066,-3.3931693606774],[114.177039648361,-3.3932479632229],[114.176903941564,-3.39328342708842],[114.17676840204,-3.3932615124088],[114.176647136556,-3.39323963999732],[114.176461595626,-3.39323192291488],[114.176225951666,-3.39327426479542],[114.175826220104,-3.39329461015808],[114.175483645854,-3.39329360471606],[114.175191177331,-3.39324254031095],[114.175013045016,-3.39314160400176],[114.174785018314,-3.39301900482315],[114.174606885999,-3.39291806941333],[114.174414271901,-3.39288881536646],[114.174221574166,-3.39288824879361],[114.174050351343,-3.3928662288933],[114.173479895181,-3.3926924178208],[114.172952387942,-3.39247569919411],[114.172531936,-3.39225929533018],[114.172197104912,-3.39205031357108],[114.171769683224,-3.39177650957822],[114.171263920693,-3.39144509771302],[114.170850773045,-3.3911713359883],[114.170466026886,-3.39094786435243],[114.169974374718,-3.3906738706026],[114.16922625209,-3.39024133357066],[114.168606407859,-3.38987372489242],[114.168065069048,-3.38950634733999],[114.167516740705,-3.389088741752],[114.16691125505,-3.38869248606932],[114.166048926617,-3.38826678478426],[114.165606943106,-3.38809335142696],[114.164858242214,-3.38786163570586],[114.164494640016,-3.38773146513495],[114.16398830012,-3.38760087458064],[114.163232256264,-3.38744086000764],[114.162612040613,-3.38720234990848],[114.161870751934,-3.38687741675932],[114.160958012902,-3.38660935673636],[114.160173507302,-3.38642056835448],[114.159717107658,-3.38629729558369],[114.159189255979,-3.38620250164411],[114.159025318564,-3.38613029687565],[114.158904286004,-3.3860295287397],[114.158818833323,-3.38596472719036],[114.158661970873,-3.38591405758763],[114.15843375981,-3.38585600814821],[114.157527870015,-3.38568837811613],[114.15616545737,-3.38544050697379],[114.155473588236,-3.38530219394107],[114.154646352247,-3.38508458858286],[114.154190038939,-3.38493262564009],[114.153812210365,-3.38478806681576],[114.15353419125,-3.38467966433501],[114.153297945644,-3.38463454534792],[114.153154861708,-3.38462451430985],[114.152656384585,-3.38458956665511],[114.152067443758,-3.38460572117702],[114.151839051031,-3.38461198495509],[114.151071407719,-3.38458488928114],[114.150818533648,-3.38457176997116],[114.152520773115,-3.38039168332949],[114.153404439763,-3.37848075708121],[114.154971189169,-3.37472712625583],[114.15618230437,-3.37178489615599],[114.161196678584,-3.35918160364804],[114.167127449372,-3.34424466216137],[114.17164786106,-3.33301365415679],[114.17208698023,-3.33192262722741],[114.175825030301,-3.3224300357175],[114.180101625889,-3.31171960297723],[114.185024964431,-3.29936125611704],[114.192522980151,-3.28066242712924],[114.194404372664,-3.27591939996029],[114.195874177851,-3.2766463003864],[114.199958326616,-3.27866611834662],[114.202512037001,-3.27991653212223],[114.204899442955,-3.28109475192122],[114.206752330556,-3.28202043219716],[114.207726369177,-3.28247742719145],[114.210030538379,-3.28365541226742],[114.212869580267,-3.28496639268485],[114.214246071799,-3.2856902003424],[114.214288721247,-3.28575128679239],[114.21434565283,-3.28580882721553],[114.217915140272,-3.28750439101481],[114.219216981778,-3.28813922784303],[114.232699417344,-3.29492520983052],[114.235986975419,-3.29667018418161],[114.236108238205,-3.29669204040528],[114.236208190656,-3.29667797410917],[114.236258264907,-3.29663507734688],[114.236868423439,-3.29535286084581],[114.237896961875,-3.29324056470023],[114.238513816759,-3.29197372930412],[114.238644991873,-3.29171130623178],[114.239433964406,-3.29013289891412],[114.239758295909,-3.28948404165516],[114.240263415424,-3.28844563226005],[114.24098145573,-3.28696949764418],[114.241718711849,-3.28545385131412],[114.241857025781,-3.28516950456896],[114.242614540029,-3.28360991286712],[114.24339044901,-3.28201243992214],[114.243968913634,-3.28082146413919],[114.244191118126,-3.28036877959545],[114.24498782213,-3.27874568586469],[114.24578485169,-3.27712191494436],[114.246541986424,-3.27557941665668],[114.247371775587,-3.27388888096704],[114.247691177006,-3.27323816121213],[114.248142518862,-3.27231226240093],[114.248975614833,-3.2706032069724],[114.248982764443,-3.27058853992912],[114.249837141971,-3.26883581342202],[114.250000010992,-3.26850169100021],[114.2507159253,-3.26711952564557],[114.250886615725,-3.26678998437023],[114.251613488272,-3.26529470138934],[114.251678275432,-3.2651644579733],[114.252911210884,-3.26268585177058],[114.253868165084,-3.260692036808],[114.254472076925,-3.2594922422731],[114.255261465844,-3.257880515973],[114.255698046228,-3.25697912818418],[114.25645226536,-3.255176024354],[114.25728976621,-3.2533611888677],[114.258151163845,-3.2515045753758],[114.258872681829,-3.25000003387441],[114.258872698017,-3.24999999970015],[114.25998115021,-3.2476754869341],[114.260528172737,-3.24655413396607],[114.261206839824,-3.24524762317924],[114.262403019983,-3.24295148582235],[114.263423304442,-3.24104053709107],[114.264096770749,-3.23985605441334],[114.264546232123,-3.23898748468463],[114.265456678783,-3.23727610720653],[114.266633326567,-3.23522405664482],[114.267498382644,-3.23383341158262],[114.267911429569,-3.23314285635769],[114.269050206002,-3.23138225268877],[114.268913816619,-3.23130699921859],[114.26887196397,-3.23128390732643],[114.269306369793,-3.23058759374243],[114.269979367554,-3.22945373570127],[114.270609104327,-3.22824695883003],[114.270858847858,-3.22773084420305],[114.271483412629,-3.22631284176418],[114.27151865706,-3.22622436556196],[114.272080259396,-3.22492564919929],[114.272874984893,-3.22305548382349],[114.2732205341,-3.22244614996981],[114.285463007812,-3.20193603242188],[114.291504748645,-3.19533781628712],[114.305973127158,-3.18571872883621],[114.317231131911,-3.18524964605427],[114.331385534615,-3.21334035687192],[114.330749561943,-3.22359541699484],[114.354280550807,-3.23106809521636],[114.355790985566,-3.23416846210478]]]]},"properties":{"Kecamatan":"KAPUAS KUALA"}},{"type":"Feature","geometry":{"type":"Polygon","coordinates":[[[114.797491396011,-2.59206017533677],[114.797215751106,-2.59263297782962],[114.795662493329,-2.59558847203033],[114.794790999005,-2.59820262495111],[114.794105760573,-2.60053685129458],[114.793633790067,-2.60486434671219],[114.793159901309,-2.6102817017391],[114.792591465024,-2.61663305577088],[114.792150126327,-2.62111629038446],[114.791988315808,-2.62510179431229],[114.79204170586,-2.62995957137707],[114.79252846032,-2.63488039901114],[114.793195760876,-2.64275975785648],[114.793833611332,-2.64976717721339],[114.793920598257,-2.65309920766225],[114.793666420169,-2.65674201593123],[114.793351411039,-2.65976193486534],[114.792476317628,-2.66430665163062],[114.790883403346,-2.67199510059339],[114.7895436761,-2.6766012383564],[114.788609879442,-2.67930862759107],[114.78693213481,-2.68245060700986],[114.784604176741,-2.68556025130448],[114.782184489623,-2.6880157997893],[114.779115042325,-2.69018989824514],[114.776603514641,-2.69205361728058],[114.77347104825,-2.6948192016448],[114.771453637775,-2.6973999888184],[114.769993982336,-2.6997638253402],[114.768906349449,-2.7018792349387],[114.76697581708,-2.70625519122405],[114.765859144184,-2.7087863286261],[114.764428070999,-2.71242686430827],[114.762993599275,-2.71790454585806],[114.762618402118,-2.71986556164632],[114.760816592412,-2.72124341295307],[114.759447248692,-2.72213781390894],[114.757424016006,-2.72291139184722],[114.755805805593,-2.72332694338371],[114.753069463585,-2.72384802856362],[114.751165760691,-2.72429891266466],[114.750600181553,-2.72442275290769],[114.750000022583,-2.72470329731925],[114.7500000001,-2.7247033108091],[114.747924025773,-2.72598121506098],[114.742842520766,-2.72928397077857],[114.738905733113,-2.73154952489062],[114.735137580935,-2.73350273276486],[114.732497120146,-2.734545490382],[114.726828445077,-2.73695989128589],[114.72250544537,-2.73882683259222],[114.719630376641,-2.73975892773228],[114.717707637797,-2.74021447481812],[114.715005060835,-2.74049631155549],[114.711998543598,-2.74050967458174],[114.710019816561,-2.74039106479574],[114.707071232751,-2.73996443630966],[114.704294640685,-2.73915544576715],[114.701385591072,-2.73796351130693],[114.698210777406,-2.73644577944913],[114.695738371129,-2.73579044167548],[114.693018094609,-2.7354025011245],[114.69065884463,-2.73528313231066],[114.688280204368,-2.73535506278586],[114.685844041669,-2.73565648675742],[114.682702308665,-2.73676016355068],[114.681060566592,-2.73754300630463],[114.679637200596,-2.7385046630597],[114.678660410949,-2.73933987423578],[114.677588155569,-2.74034231884292],[114.676611132098,-2.74129711197207],[114.675896200749,-2.74201323941941],[114.675109222912,-2.7430879877204],[114.674441675943,-2.74389987407989],[114.673678341283,-2.7450464188571],[114.672890289655,-2.74667125997064],[114.672267687204,-2.74817152159841],[114.671831539394,-2.74961611069489],[114.671721658428,-2.74999999980008],[114.671721651233,-2.75000002498115],[114.670869817888,-2.75276969226746],[114.670805358081,-2.75534068132731],[114.671217759292,-2.75731467523201],[114.672164507986,-2.759708274817],[114.676553599769,-2.76545709476903],[114.677976881228,-2.76743308696734],[114.678984499635,-2.76910929375885],[114.67969363935,-2.77138285363571],[114.68004552608,-2.77389488584026],[114.679681743118,-2.77748179404949],[114.678841180976,-2.78160589969247],[114.676334898137,-2.78608546057552],[114.673353927941,-2.79002591386478],[114.666498883417,-2.79844310056859],[114.664711396314,-2.80023331711385],[114.662389671446,-2.80154410867362],[114.660068775753,-2.80243634316264],[114.65685591357,-2.80332677630963],[114.652276091768,-2.80385568379273],[114.645258857211,-2.80408068067885],[114.638240215214,-2.80502313421022],[114.632648719063,-2.80596844039115],[114.627057234604,-2.80691371239789],[114.617475924974,-2.81072074856365],[114.612537582144,-2.81214558764873],[114.600342240102,-2.81481100282548],[114.596914115294,-2.81576703162318],[114.597222259,-2.81841716012377],[114.597392244357,-2.81903454740637],[114.59763346771,-2.81970948230673],[114.597746988233,-2.82002540964487],[114.59802403608,-2.82062866857814],[114.598201701647,-2.8209806038717],[114.598329330734,-2.82137548539026],[114.598611835668,-2.82279668671765],[114.598822423616,-2.82449038442365],[114.59883547098,-2.82508592087851],[114.598834275781,-2.82566707987178],[114.598897359626,-2.8262196727996],[114.599003375306,-2.82671495643007],[114.599074154649,-2.82699492167825],[114.599102077699,-2.82729632226739],[114.599101886143,-2.82738959455412],[114.599130236371,-2.82748292709539],[114.599208447712,-2.82761941090706],[114.599357836795,-2.82784214060229],[114.599499766001,-2.82822270311522],[114.599563632256,-2.82839503120567],[114.599677418078,-2.82858181409938],[114.599762763741,-2.82871831319954],[114.599876402074,-2.82897684400609],[114.600195229726,-2.83008243095935],[114.600960542895,-2.83267414039921],[114.601952362911,-2.83615600329688],[114.602079917354,-2.83658675967115],[114.602179031637,-2.83696723315126],[114.602332923626,-2.83846709637936],[114.60266066176,-2.84217000004543],[114.603003671282,-2.84538504668251],[114.603129740046,-2.84653328668179],[114.603390556929,-2.84808359917872],[114.603929546711,-2.8496918927666],[114.604405430166,-2.8507619421099],[114.605230087798,-2.85225603708642],[114.605436357202,-2.85257933706669],[114.60655373157,-2.85400229836733],[114.606745773699,-2.85430404429616],[114.606830913416,-2.85454099317224],[114.606937178208,-2.85491430894814],[114.607142213742,-2.85583312110163],[114.607277005929,-2.85621367102408],[114.607475961147,-2.85662305500995],[114.607724763087,-2.85708276775546],[114.607880754993,-2.85756380972197],[114.608155067103,-2.85948725093584],[114.608551282316,-2.86112395320782],[114.609018230107,-2.86306214779984],[114.609543320868,-2.86449105002191],[114.610757984793,-2.86717700481489],[114.611347269161,-2.86862039421578],[114.611659102785,-2.8696542332562],[114.61244695836,-2.87236422602814],[114.613605748307,-2.87541252217011],[114.614063512221,-2.87939653502201],[114.615221324604,-2.88291343100997],[114.615450934113,-2.88455399587019],[114.599098047837,-2.89090825830942],[114.597657887901,-2.88843627741221],[114.597446784641,-2.88807392707002],[114.596583634227,-2.88679975860191],[114.594795457345,-2.88433116365223],[114.594333068217,-2.88369283115918],[114.594036407954,-2.88329331633344],[114.593111289754,-2.88204744503349],[114.592314042559,-2.88110824524927],[114.591991528586,-2.88086150725269],[114.590670579184,-2.87992175708337],[114.59022999322,-2.87960831637065],[114.58908142227,-2.87876670921622],[114.588986104925,-2.87869686606746],[114.586062472805,-2.87672642628348],[114.585613253349,-2.87642366412075],[114.582660108177,-2.87446464123013],[114.580209003243,-2.87275183562866],[114.578762443732,-2.87168809323089],[114.576891110137,-2.87026829574518],[114.575860540132,-2.869445792889],[114.575746444043,-2.86940967611559],[114.575532494429,-2.86935182272839],[114.575339996344,-2.86927249083271],[114.573829226138,-2.86832221140088],[114.57159896592,-2.86679642161749],[114.569953066281,-2.8656377890527],[114.568399494641,-2.86468741878929],[114.567276004884,-2.8640297778519],[114.561235506913,-2.87722706897398],[114.55975005622,-2.88018046775431],[114.556153582822,-2.87852574576652],[114.553979532929,-2.87756938781695],[114.553815271757,-2.87749712998851],[114.550773432748,-2.87622784304045],[114.548035997164,-2.87498790906471],[114.545299061602,-2.87351838986177],[114.541906343103,-2.87173177330266],[114.539293054431,-2.87029121766551],[114.53660388726,-2.86874527227644],[114.533030939226,-2.86672867838575],[114.530313339089,-2.86514440658902],[114.529182599897,-2.86448190481599],[114.528640924739,-2.86419255784023],[114.528349907722,-2.86403050180616],[114.528237007732,-2.86399438413349],[114.527779280689,-2.86393360435233],[114.52745226561,-2.86392093830062],[114.526899323745,-2.86389582293384],[114.526691285375,-2.86385950021571],[114.526513014564,-2.8638053052706],[114.526423962796,-2.86373934629376],[114.526299337445,-2.86362548043155],[114.526174738174,-2.86349965718341],[114.526067834863,-2.86343963822867],[114.52587175208,-2.86337344722676],[114.52542585382,-2.86334258609145],[114.525324770022,-2.86334236575755],[114.5251819334,-2.86340184332039],[114.524985517867,-2.86349109563753],[114.524812795874,-2.86362225276469],[114.524759280816,-2.86362213675216],[114.524711723767,-2.86361605463719],[114.524515653575,-2.86354388494232],[114.524171046856,-2.86341758415415],[114.523865359199,-2.86328506995],[114.522459764706,-2.86324614369454],[114.522324178418,-2.86325302260883],[114.522231341403,-2.86328869421783],[114.522103000953,-2.86331711279445],[114.520852346159,-2.86325374296581],[114.520060788974,-2.86324725525657],[114.519904351005,-2.86325644632791],[114.515725151095,-2.86237481034919],[114.514189836592,-2.86175073480854],[114.509142145194,-2.85983613213176],[114.505520482684,-2.85841248824568],[114.500000023982,-2.85617523489913],[114.4999999997,-2.85617522590593],[114.497895742595,-2.85534240962448],[114.496897583257,-2.85498629428201],[114.49594703223,-2.85461114928506],[114.494696575287,-2.85412379857439],[114.492787873062,-2.85337990096161],[114.491541201365,-2.85289402244115],[114.490638192998,-2.85253333044881],[114.486636352885,-2.85101114604748],[114.482712871602,-2.84950275994436],[114.4793265239,-2.84820395994473],[114.479008573987,-2.84808373677498],[114.48353104692,-2.84333792890226],[114.482791282592,-2.84261261128296],[114.48264881559,-2.8425046854428],[114.48243512678,-2.84233681888901],[114.479237697862,-2.83947448006313],[114.477267518881,-2.83770244331305],[114.474447367252,-2.83525704187895],[114.473547891422,-2.83444957838526],[114.471114698285,-2.83226528431538],[114.469092310961,-2.83045296513217],[114.466699520766,-2.82836243617743],[114.464762560044,-2.82664596403998],[114.462444424371,-2.82457065161424],[114.458866491395,-2.82131462736811],[114.455320253227,-2.81814546683978],[114.45458913588,-2.81750776117417],[114.454524595134,-2.81744956604462],[114.454499138025,-2.81739781096019],[114.454581974579,-2.81735303911142],[114.454784437152,-2.81721000194],[114.455708307992,-2.81612061087742],[114.456250795238,-2.8154914487713],[114.458088030139,-2.81344534992292],[114.459218884444,-2.81218592763838],[114.463236193795,-2.80757938068382],[114.465000577315,-2.80550273816078],[114.46817147983,-2.80186279693049],[114.471447987035,-2.7980887820716],[114.474942557353,-2.79399787310331],[114.476444471036,-2.7923032311092],[114.47655187437,-2.79212410864068],[114.476683392125,-2.79178959771173],[114.477688597651,-2.78881448390126],[114.478287103667,-2.78696244256264],[114.478345018208,-2.78687326758717],[114.47844219715,-2.78672363658649],[114.478871169269,-2.78630606697135],[114.47927646044,-2.78584061655118],[114.48026591524,-2.78467096099598],[114.482900150022,-2.78171128224983],[114.483890091355,-2.78057098236491],[114.485866535013,-2.77837306086803],[114.488351120808,-2.77554525510936],[114.489756635261,-2.77393123733668],[114.490070795431,-2.77357605279258],[114.492773555855,-2.7705203354451],[114.492840450127,-2.77043116136895],[114.495728586005,-2.76714251601425],[114.497952745223,-2.76462906018293],[114.498708612812,-2.76375886807728],[114.4999999997,-2.76227215473608],[114.500000020385,-2.76227213225303],[114.502287860596,-2.75966654087813],[114.504683543011,-2.75694059862968],[114.504790723313,-2.75681864426497],[114.507263992939,-2.75400438679299],[114.507322608951,-2.75393768857344],[114.510651013334,-2.75018815955588],[114.510705049099,-2.75012341376447],[114.51080802507,-2.75000002677979],[114.510808049352,-2.74999999980008],[114.511369899901,-2.74936275998334],[114.511950887124,-2.74863479386062],[114.512008232394,-2.74850577622055],[114.512044143223,-2.74839106229763],[114.512051603099,-2.74823324117108],[114.512030512198,-2.74808253458127],[114.512009301688,-2.74798922272441],[114.511823213071,-2.74763548608877],[114.50924267501,-2.74667862901549],[114.508261159425,-2.7463177778431],[114.506107179703,-2.74552726836868],[114.504110825055,-2.74479375163031],[114.501843963328,-2.74398378442407],[114.502470992243,-2.74219991709248],[114.503370433898,-2.73967165931958],[114.504126504734,-2.73746833289721],[114.504858362224,-2.73547061667557],[114.505464334412,-2.73373168486933],[114.506284159087,-2.73140335627983],[114.507579871714,-2.72776749077701],[114.508001780558,-2.72659514265166],[114.508451143006,-2.72540533508811],[114.508843136801,-2.72430335081896],[114.508900778848,-2.72414130557672],[114.509068277579,-2.72367042415073],[114.509642278868,-2.7220932587968],[114.510167257213,-2.72063323193805],[114.510460280618,-2.71981829238024],[114.511289398887,-2.71748818942837],[114.511914613868,-2.7157127847172],[114.512765949889,-2.71340918028937],[114.513416616584,-2.71154518606141],[114.514086276061,-2.70969557828823],[114.51489947633,-2.70742536568804],[114.515635985113,-2.70544196937135],[114.516401241624,-2.70335340273732],[114.516888613019,-2.70204184855243],[114.517750048426,-2.69964461840436],[114.519933471053,-2.70051924506708],[114.52520506756,-2.70264065764019],[114.528056314148,-2.70380495233661],[114.530311597103,-2.70473667695603],[114.535569448371,-2.70687229611951],[114.535664405088,-2.70691086714277],[114.538388128709,-2.70800043986839],[114.540829997606,-2.70902493405339],[114.544984491341,-2.71073065929244],[114.54836826968,-2.71211507115356],[114.55123551161,-2.71327651499911],[114.556477900834,-2.71539410365489],[114.5589070776,-2.71640300719298],[114.561930884303,-2.71765275097363],[114.563860288921,-2.71843520432117],[114.587925654046,-2.71722760367095],[114.600343232954,-2.70829839965137],[114.604808151075,-2.71123298281583],[114.605067220576,-2.71140549976394],[114.609396690905,-2.71428855537249],[114.609490410154,-2.71435196297267],[114.614340427869,-2.71763331482555],[114.614606756697,-2.71781350389006],[114.619085757302,-2.72077742833562],[114.623798802873,-2.72391214123229],[114.62568370364,-2.72516363239566],[114.628498558262,-2.72703256390167],[114.630316106103,-2.72823966273023],[114.633538853635,-2.73037193012044],[114.638205628187,-2.73344826262718],[114.643236298117,-2.73671908521754],[114.64366791784,-2.73700049028037],[114.648251871127,-2.73993724890488],[114.652173631108,-2.73355972729951],[114.655743230066,-2.72765443070739],[114.66188972663,-2.71746815523113],[114.667062059566,-2.70917412258763],[114.673131268393,-2.69946582328907],[114.675860405034,-2.69512766011337],[114.678207740795,-2.69143930028343],[114.68076390543,-2.68736026956077],[114.685952403681,-2.67913054024217],[114.687872698167,-2.67609664224619],[114.691987785408,-2.66947922108915],[114.696245821687,-2.66269459078268],[114.698320838236,-2.65955329125137],[114.700443869589,-2.65616092978303],[114.702710206111,-2.65243397195019],[114.707600230167,-2.64462190127966],[114.711476747954,-2.63824296773873],[114.716068625167,-2.63081290569102],[114.720207459007,-2.62397990444896],[114.721972597957,-2.62112490588964],[114.724453533404,-2.61699157500112],[114.726218794662,-2.61405283966678],[114.732599517853,-2.60363121880567],[114.738271960183,-2.59420560070788],[114.742553396822,-2.58722905597608],[114.744775734912,-2.58363466900471],[114.750000008194,-2.58679783195436],[114.752635811394,-2.58840101559434],[114.75469533712,-2.58981111209312],[114.756740686833,-2.59117095267726],[114.758885745281,-2.59263860668631],[114.76081704657,-2.5939408411968],[114.763660557189,-2.59586180657709],[114.765905488947,-2.59735116842165],[114.766284613444,-2.59759974193452],[114.768385644682,-2.59897728567313],[114.770031886063,-2.60009962339888],[114.772732970151,-2.60188399974675],[114.775590898701,-2.60374758927975],[114.778505782216,-2.60569021393218],[114.779460726431,-2.60635925377647],[114.779611334995,-2.60659871176108],[114.779793457602,-2.60606076429281],[114.779810336978,-2.60592923844354],[114.779954360705,-2.60517603734422],[114.779997624391,-2.60491778712611],[114.780764052719,-2.60322566233441],[114.781853505835,-2.60042186217913],[114.783007253282,-2.597567939209],[114.784107020722,-2.59490824641841],[114.784211035411,-2.59465669255229],[114.785049994062,-2.59227580668306],[114.785860803034,-2.58966524385585],[114.786220424833,-2.58801544115965],[114.786652302662,-2.58584193175972],[114.7868573319,-2.58476362663998],[114.797491396011,-2.59206017533677]]]},"properties":{"Kecamatan":"KAPUAS MURUNG"}},{"type":"Feature","geometry":{"type":"Polygon","coordinates":[[[114.526449803016,-3.02817227143311],[114.532788338111,-3.03457361967673],[114.528000521107,-3.04467506839961],[114.539609149043,-3.06173338288926],[114.539740902421,-3.0619998061461],[114.545948774117,-3.06773569564581],[114.537456654101,-3.07689717116745],[114.533343968949,-3.08101244276997],[114.524098987778,-3.07220906199859],[114.518394936077,-3.07765110971087],[114.526051199203,-3.08658388403899],[114.511462994122,-3.09879087499883],[114.5036318902,-3.10418705099158],[114.4999999997,-3.10756178304979],[114.495018618015,-3.11219045602468],[114.481887859637,-3.12439267967835],[114.48156102712,-3.12461492643763],[114.480267727374,-3.12627911199138],[114.47414635607,-3.1294342260087],[114.458281364593,-3.14330426757783],[114.454145801588,-3.15021605662565],[114.453173317894,-3.15171167595304],[114.443943115283,-3.16429342700002],[114.441107314551,-3.16596834236503],[114.438334910628,-3.16803154002349],[114.43290474206,-3.17189892429587],[114.424274344985,-3.16900263876073],[114.42256972861,-3.16822456960813],[114.41932831475,-3.16669081093215],[114.418281279058,-3.16622459608817],[114.418155600601,-3.16618213639646],[114.418080151978,-3.16617351819326],[114.417828608004,-3.16616446022164],[114.411439962684,-3.15523545625126],[114.405805642616,-3.15016754899312],[114.400946414046,-3.14676906943697],[114.396534352678,-3.14667963635611],[114.399634719567,-3.14256568765632],[114.395341903806,-3.14253587692912],[114.393881154792,-3.14030003461886],[114.394209079086,-3.13761702510556],[114.393255119628,-3.13353288803233],[114.397369068328,-3.13168459236999],[114.401125281107,-3.13365213273971],[114.398561516301,-3.12572234890723],[114.404583383017,-3.12226424699736],[114.395461150312,-3.11111485066976],[114.405298851261,-3.10366204656617],[114.396653598285,-3.09656697568533],[114.401959994958,-3.08947190570382],[114.378111019308,-3.069975369068],[114.383298172173,-3.06586142036821],[114.393195497274,-3.07385082835299],[114.396653599184,-3.07128706174848],[114.393672476104,-3.06848480842712],[114.396116996203,-3.06633840009704],[114.385623446665,-3.05661994295593],[114.396116996203,-3.0382562319395],[114.400204196367,-3.03545385810901],[114.403115384567,-3.03540896395248],[114.406826881256,-3.03675046915879],[114.420107778751,-3.04099856792953],[114.432270755991,-3.03053482911901],[114.439962051308,-3.03764480626273],[114.454226719887,-3.02552654511391],[114.459100853821,-3.03116086518173],[114.478038431229,-3.01416847099807],[114.480207196705,-3.01179847861687],[114.486556986816,-3.00790811396826],[114.489515750052,-3.00168502304535],[114.496895716264,-3.00515709142655],[114.499148453239,-3.00638257959235],[114.4999999997,-3.00698197144078],[114.503825134722,-3.0096744292315],[114.51628622463,-3.01706761188075],[114.526449803016,-3.02817227143311]]]},"properties":{"Kecamatan":"KAPUAS TIMUR"}},{"type":"Feature","geometry":{"type":"Polygon","coordinates":[[[114.55975005622,-2.88018046775431],[114.553881950192,-2.89184720538418],[114.545642131379,-2.90792963134737],[114.540716885376,-2.92109178235984],[114.539304242897,-2.92402005138422],[114.538249197842,-2.92703853410103],[114.538220789158,-2.92712269175877],[114.535729305563,-2.92626218715014],[114.533112578782,-2.92535841885592],[114.525433737277,-2.92258540069565],[114.523926526588,-2.92203784307196],[114.522215389229,-2.92137639530438],[114.520564376045,-2.92041614598833],[114.517854714224,-2.91884461128973],[114.516479649916,-2.92127842765728],[114.516455681185,-2.92136207629875],[114.516455522904,-2.92143381971493],[114.516491029937,-2.92151162096451],[114.519455025429,-2.92355094881719],[114.52434297295,-2.92683333309179],[114.528646923217,-2.92961221213386],[114.531333000318,-2.93139009177929],[114.532366455348,-2.93207412062412],[114.532559928298,-2.93220209774859],[114.539549066237,-2.93682518773215],[114.545292674617,-2.9404825479312],[114.549637946934,-2.94328760174136],[114.544580757796,-2.95014670220849],[114.544834472733,-2.95038750288091],[114.546268406662,-2.95166296727206],[114.542977763013,-2.95531944883345],[114.540497688218,-2.95814546673984],[114.540004011676,-2.95862513903887],[114.538162665075,-2.96071024598103],[114.538131917254,-2.96074474487403],[114.535244636631,-2.96398416493719],[114.533548540433,-2.9658296771978],[114.532093849252,-2.96748849919481],[114.529649441568,-2.97029300261994],[114.519454826679,-2.98321589529729],[114.519453609896,-2.98321492402948],[114.503205235633,-2.96853313459644],[114.4999999997,-2.96625337749134],[114.48356096017,-2.95456093813675],[114.479894178673,-2.95572357538265],[114.46080009315,-2.94937378617124],[114.450004187044,-2.94545558390803],[114.447650314111,-2.94833990396336],[114.444610626279,-2.95144161623756],[114.441213051441,-2.95502073991514],[114.437456203741,-2.95967509123244],[114.434707903447,-2.96318566678502],[114.4334777478,-2.96132117343336],[114.433041492071,-2.96071754937537],[114.432738013149,-2.96029597328049],[114.432140591715,-2.95944327928385],[114.431972166682,-2.95923794787296],[114.431865457625,-2.95910785464372],[114.431715199797,-2.95896873312051],[114.430422198626,-2.95786101927058],[114.430051816438,-2.95757320114228],[114.429510358017,-2.95720846310002],[114.428740743391,-2.95676667294356],[114.428512650139,-2.9566609243621],[114.428008721325,-2.95652583809692],[114.427799503045,-2.95648708900791],[114.4276163696,-2.95648188103394],[114.427328403983,-2.95650602063631],[114.42720005274,-2.95651678012524],[114.4270573726,-2.95650449088947],[114.426902853784,-2.95646826170088],[114.426387154644,-2.95628053901561],[114.426230373133,-2.95619408718733],[114.425958114176,-2.9559761913481],[114.425081792291,-2.95511619665513],[114.424767374914,-2.95479861816165],[114.424411293746,-2.95449887682167],[114.424209799742,-2.95435467682682],[114.424126346254,-2.95429495374907],[114.423769988994,-2.95411477637577],[114.423241318032,-2.9538803941648],[114.422748255727,-2.95367598455897],[114.422332452381,-2.95348968999713],[114.421607820045,-2.95314126475751],[114.42018231726,-2.95245642382486],[114.418584722907,-2.9516217261617],[114.416719752015,-2.95070270896281],[114.415229004315,-2.94995195491873],[114.414759717387,-2.94975357886455],[114.414533957876,-2.94966935825425],[114.414337890381,-2.94960313937332],[114.414070480568,-2.94953077722352],[114.413808963113,-2.94948233973815],[114.41359497213,-2.94945194894825],[114.413404766417,-2.94942161391629],[114.413220576269,-2.94936140070803],[114.413048303936,-2.94928926069076],[114.412133643053,-2.94883875970095],[114.410464729763,-2.94799791697022],[114.408302837806,-2.94692277116889],[114.406200174299,-2.94595058695],[114.403835737929,-2.94487315237404],[114.402923193151,-2.94454102284988],[114.402110276168,-2.94432390582352],[114.400270321718,-2.94391786371841],[114.400134489915,-2.94389429068895],[114.406182097026,-2.92219240685404],[114.413277167008,-2.89762796206077],[114.417391114808,-2.8901751570578],[114.420252993181,-2.88945968791421],[114.41643715625,-2.88594196365068],[114.421862799429,-2.87318276287414],[114.419859718751,-2.86208518098624],[114.438914815966,-2.85541527629391],[114.451435528227,-2.83901910474782],[114.462444424371,-2.82457065161424],[114.464762560044,-2.82664596403998],[114.466699520766,-2.82836243617743],[114.469092310961,-2.83045296513217],[114.471114698285,-2.83226528431538],[114.473547891422,-2.83444957838526],[114.474447367252,-2.83525704187895],[114.477267518881,-2.83770244331305],[114.479237697862,-2.83947448006313],[114.48243512678,-2.84233681888901],[114.48264881559,-2.8425046854428],[114.482791282592,-2.84261261128296],[114.48353104692,-2.84333792890226],[114.479008573987,-2.84808373677498],[114.4793265239,-2.84820395994473],[114.482712871602,-2.84950275994436],[114.486636352885,-2.85101114604748],[114.490638192998,-2.85253333044881],[114.491541201365,-2.85289402244115],[114.492787873062,-2.85337990096161],[114.494696575287,-2.85412379857439],[114.49594703223,-2.85461114928506],[114.496897583257,-2.85498629428201],[114.497895742595,-2.85534240962448],[114.4999999997,-2.85617522590593],[114.500000023982,-2.85617523489913],[114.505520482684,-2.85841248824568],[114.509142145194,-2.85983613213176],[114.514189836592,-2.86175073480854],[114.515725151095,-2.86237481034919],[114.519904351005,-2.86325644632791],[114.520060788974,-2.86324725525657],[114.520852346159,-2.86325374296581],[114.522103000953,-2.86331711279445],[114.522231341403,-2.86328869421783],[114.522324178418,-2.86325302260883],[114.522459764706,-2.86324614369454],[114.523865359199,-2.86328506995],[114.524171046856,-2.86341758415415],[114.524515653575,-2.86354388494232],[114.524711723767,-2.86361605463719],[114.524759280816,-2.86362213675216],[114.524812795874,-2.86362225276469],[114.524985517867,-2.86349109563753],[114.5251819334,-2.86340184332039],[114.525324770022,-2.86334236575755],[114.52542585382,-2.86334258609145],[114.52587175208,-2.86337344722676],[114.526067834863,-2.86343963822867],[114.526174738174,-2.86349965718341],[114.526299337445,-2.86362548043155],[114.526423962796,-2.86373934629376],[114.526513014564,-2.8638053052706],[114.526691285375,-2.86385950021571],[114.526899323745,-2.86389582293384],[114.52745226561,-2.86392093830062],[114.527779280689,-2.86393360435233],[114.528237007732,-2.86399438413349],[114.528349907722,-2.86403050180616],[114.528640924739,-2.86419255784023],[114.529182599897,-2.86448190481599],[114.530313339089,-2.86514440658902],[114.533030939226,-2.86672867838575],[114.53660388726,-2.86874527227644],[114.539293054431,-2.87029121766551],[114.541906343103,-2.87173177330266],[114.545299061602,-2.87351838986177],[114.548035997164,-2.87498790906471],[114.550773432748,-2.87622784304045],[114.553815271757,-2.87749712998851],[114.553979532929,-2.87756938781695],[114.556153582822,-2.87852574576652],[114.55975005622,-2.88018046775431]]]},"properties":{"Kecamatan":"PULAUPETAK"}},{"type":"Feature","geometry":{"type":"Polygon","coordinates":[[[114.400134489915,-2.94389429068895],[114.400270321718,-2.94391786371841],[114.402110276168,-2.94432390582352],[114.402923193151,-2.94454102284988],[114.403835737929,-2.94487315237404],[114.406200174299,-2.94595058695],[114.408302837806,-2.94692277116889],[114.410464729763,-2.94799791697022],[114.412133643053,-2.94883875970095],[114.413048303936,-2.94928926069076],[114.413220576269,-2.94936140070803],[114.413404766417,-2.94942161391629],[114.41359497213,-2.94945194894825],[114.413808963113,-2.94948233973815],[114.414070480568,-2.94953077722352],[114.414337890381,-2.94960313937332],[114.414533957876,-2.94966935825425],[114.414759717387,-2.94975357886455],[114.415229004315,-2.94995195491873],[114.416719752015,-2.95070270896281],[114.418584722907,-2.9516217261617],[114.42018231726,-2.95245642382486],[114.421607820045,-2.95314126475751],[114.422332452381,-2.95348968999713],[114.422748255727,-2.95367598455897],[114.423241318032,-2.9538803941648],[114.423769988994,-2.95411477637577],[114.424126346254,-2.95429495374907],[114.424209799742,-2.95435467682682],[114.424411293746,-2.95449887682167],[114.424767374914,-2.95479861816165],[114.425081792291,-2.95511619665513],[114.425958114176,-2.9559761913481],[114.426230373133,-2.95619408718733],[114.426387154644,-2.95628053901561],[114.426902853784,-2.95646826170088],[114.4270573726,-2.95650449088947],[114.42720005274,-2.95651678012524],[114.427328403983,-2.95650602063631],[114.4276163696,-2.95648188103394],[114.427799503045,-2.95648708900791],[114.428008721325,-2.95652583809692],[114.428512650139,-2.9566609243621],[114.428740743391,-2.95676667294356],[114.429510358017,-2.95720846310002],[114.430051816438,-2.95757320114228],[114.430422198626,-2.95786101927058],[114.431715199797,-2.95896873312051],[114.431865457625,-2.95910785464372],[114.431972166682,-2.95923794787296],[114.432140591715,-2.95944327928385],[114.432738013149,-2.96029597328049],[114.433041492071,-2.96071754937537],[114.4334777478,-2.96132117343336],[114.434707903447,-2.96318566678502],[114.434653203982,-2.96325553601412],[114.432384933018,-2.96701655207215],[114.428739714566,-2.97477974998543],[114.426646710677,-2.97985633839926],[114.424252730679,-2.98648653172802],[114.423535265041,-2.98815874103303],[114.42120738881,-2.99191951607276],[114.418525087963,-2.99466313899262],[114.417036396113,-2.99555634115217],[114.415963948278,-2.99645052537142],[114.414652239409,-2.9979419556567],[114.413137506791,-3.0000000001998],[114.413137490603,-3.00000002178353],[114.411858583607,-3.00180296463509],[114.410160595235,-3.00369279998267],[114.40869211385,-3.00508579407409],[114.407147607376,-3.0064403403494],[114.405298280192,-3.00794719310841],[114.402742451003,-3.01048536410821],[114.400681893754,-3.01279514777781],[114.398218136258,-3.01661521422074],[114.395734049587,-3.02097084492851],[114.392868950742,-3.02549770115792],[114.391915375294,-3.02639449610905],[114.390408733876,-3.02780645510376],[114.389747136821,-3.02833014022377],[114.38841074516,-3.02938795159264],[114.386137952405,-3.03129684627237],[114.384535283177,-3.0330720153612],[114.382302131638,-3.03589777426282],[114.378847493017,-3.04023177537607],[114.373506349239,-3.04565150371388],[114.372702060352,-3.04652122277616],[114.367208866396,-3.04701988965616],[114.36712510444,-3.04705510171152],[114.367041355974,-3.04708588820313],[114.366792450611,-3.04716046268516],[114.366051452413,-3.04735421802269],[114.365856777069,-3.04740736615696],[114.365693563607,-3.04742589129182],[114.365542917272,-3.04743813825945],[114.365348282397,-3.04747551228502],[114.365181878141,-3.04751611217881],[114.364924422924,-3.0475785673969],[114.364481730747,-3.04768472966651],[114.364236874133,-3.04772829012842],[114.36408614416,-3.04777523473922],[114.364026471445,-3.04779716920393],[114.363922669895,-3.04790101122262],[114.363866028794,-3.04796711409102],[114.363831366225,-3.04802696397314],[114.36378725178,-3.0481025618837],[114.363736862766,-3.04817814540502],[114.363617479563,-3.04823778574519],[114.363036622742,-3.04838461535769],[114.362239144421,-3.04857822680367],[114.361661478395,-3.04870298165724],[114.361413439079,-3.04876545935844],[114.361102618991,-3.04883724594208],[114.360559386207,-3.04899678297511],[114.359969155752,-3.04912781509654],[114.359730528741,-3.04919031528078],[114.359083739023,-3.04935275082875],[114.358719562158,-3.04943071305689],[114.357881292388,-3.04962421838292],[114.356835771154,-3.04988030123485],[114.356459106303,-3.04993299701016],[114.356224651247,-3.04999971321615],[114.35607391408,-3.05004981085006],[114.35600127314,-3.05010010183815],[114.355817146844,-3.05011647129805],[114.355616328231,-3.05011597487231],[114.355493592356,-3.05012127997304],[114.355437889247,-3.04997966373043],[114.355384605315,-3.04988388503324],[114.355248248308,-3.04971616776686],[114.354548243906,-3.04903296090237],[114.353616976143,-3.04808615465225],[114.353284900578,-3.04770872897461],[114.352608786666,-3.04698373511121],[114.352377319158,-3.04680382843389],[114.352163776937,-3.04658809636351],[114.352051001053,-3.04650412756337],[114.351938167612,-3.04644406993782],[114.351086643634,-3.04632420110096],[114.350835768756,-3.04633139208005],[114.350669283561,-3.04632619939451],[114.350597952034,-3.04631645793813],[114.350474304246,-3.04630180528403],[114.350374334708,-3.04633025173968],[114.350288555572,-3.04639220873338],[114.350226526633,-3.04646857286627],[114.350169290181,-3.04653060090646],[114.349974203847,-3.04654924655046],[114.349132545431,-3.0464084801672],[114.348328838405,-3.04631084616858],[114.346887932932,-3.04611120656688],[114.345713495681,-3.04588353239905],[114.345038194757,-3.0458005609471],[114.343181092933,-3.04542073318026],[114.342175527678,-3.04519586489721],[114.341704970008,-3.0450368836452],[114.341355875673,-3.04481364313506],[114.341135166755,-3.04461224176151],[114.340701097278,-3.04412337569318],[114.34014597096,-3.04353378285776],[114.339789724316,-3.04331769825313],[114.339355038804,-3.04307989861837],[114.33858546195,-3.04264758821557],[114.33769495326,-3.04206433739921],[114.336704441757,-3.04152387902377],[114.33577112174,-3.04094052118808],[114.335537462584,-3.040828501634],[114.333871170818,-3.04028339466288],[114.32123121385,-3.04278753711509],[114.319740653209,-3.03879283402205],[114.310678041958,-3.04326451684392],[114.307458430362,-3.04558979223509],[114.302450146357,-3.05417542285744],[114.300759813015,-3.05586699816337],[114.300720920934,-3.05595943767787],[114.300361614797,-3.05675980911786],[114.300074376731,-3.05731721611659],[114.299760013314,-3.05773087458016],[114.29948984528,-3.05805622861203],[114.299285034577,-3.05825067462888],[114.298487608417,-3.0588339236466],[114.297222726348,-3.05959824486308],[114.295472097959,-3.06057652468684],[114.293181103825,-3.06179312485278],[114.292840304836,-3.06126373893034],[114.292782083626,-3.06124326676331],[114.292529981174,-3.06123784475068],[114.290976155026,-3.05891011421033],[114.290400790364,-3.05787573108006],[114.28964559277,-3.05670699463207],[114.289831669696,-3.05648510130635],[114.290167676197,-3.05622772343065],[114.291838062577,-3.05470480068595],[114.293003118999,-3.05366659004108],[114.294609513219,-3.05224731775945],[114.295800310036,-3.0512421868774],[114.29655060003,-3.05058125981725],[114.298227105397,-3.04923193410644],[114.299351150935,-3.04830872696613],[114.300601836306,-3.04724394315343],[114.301652352374,-3.04636344661571],[114.302574554972,-3.04559845900161],[114.303944334863,-3.0444368775598],[114.3044580492,-3.04398261380652],[114.304807960119,-3.04367730026712],[114.306468032174,-3.04228493030524],[114.308061260319,-3.04088491520662],[114.309959560985,-3.0392840203412],[114.310361691039,-3.03888921526504],[114.310622269602,-3.03865835389985],[114.325305093256,-3.0323878309336],[114.334924179807,-3.02873098874409],[114.357183224226,-3.02054283958034],[114.36155553556,-3.01871441893525],[114.364496908605,-3.01712448680559],[114.367954740719,-3.01376683197367],[114.365068159768,-3.01140690030815],[114.364156939691,-3.01052473372943],[114.363359796817,-3.0096811039997],[114.36250630782,-3.0085312677038],[114.361558556382,-3.00701774737109],[114.361047475261,-3.0059070037052],[114.360764313822,-3.00496897933488],[114.360652629715,-3.00393572485376],[114.360636590307,-3.00269227992476],[114.360754200046,-3.00125786665717],[114.361023754743,-3.00000002897809],[114.361023764635,-3.0000000001998],[114.361330259884,-2.99907852065718],[114.361521729145,-2.99858162274364],[114.36192323417,-2.99777916307789],[114.362400665358,-2.99705340389141],[114.363755422075,-2.99546894593504],[114.365460043846,-2.99407941423351],[114.367510224717,-2.99096209602385],[114.369051075447,-2.98799057500497],[114.371285763028,-2.98236424361488],[114.372725089292,-2.9775860511553],[114.373798958056,-2.97346958255514],[114.375058867773,-2.97001571915007],[114.375686793311,-2.96873552882153],[114.376471074081,-2.96740339724892],[114.377463153102,-2.96628101095985],[114.378849717041,-2.96501506499322],[114.380024064359,-2.96389310588211],[114.380807351378,-2.96297947472294],[114.381460498403,-2.96203938101257],[114.381670775186,-2.96120285232973],[114.381656634246,-2.96060667196031],[114.380986424384,-2.95866680822655],[114.380058898699,-2.95661773711885],[114.378542883647,-2.95399338138941],[114.376666075879,-2.95106210233411],[114.373253841192,-2.94567860768154],[114.372230608756,-2.94387800666465],[114.371530564784,-2.94219295234285],[114.371001401893,-2.94066133944921],[114.370834598338,-2.93876712440323],[114.370762298242,-2.93714094599784],[114.370959901778,-2.93400417635161],[114.373352566967,-2.9355954268874],[114.379657640088,-2.93505882390554],[114.400134489915,-2.94389429068895]]]},"properties":{"Kecamatan":"SELAT"}},{"type":"Feature","geometry":{"type":"Polygon","coordinates":[[[114.43290474206,-3.17189892429587],[114.429695548211,-3.17434960744839],[114.423485730382,-3.179855981868],[114.423455273042,-3.17988298760974],[114.426887452894,-3.19077369125279],[114.433784101855,-3.18658617531167],[114.436433031559,-3.19042261661042],[114.43649419625,-3.19050689387802],[114.43680504062,-3.19096131860994],[114.438419226566,-3.19310720893048],[114.438779064203,-3.19355701384507],[114.439144714157,-3.19412982263316],[114.439619570587,-3.19487480932492],[114.440571220585,-3.19617498978391],[114.44118109763,-3.19694519076791],[114.44171153396,-3.19767829741545],[114.442260157281,-3.19847909333544],[114.443003669084,-3.19963704241553],[114.443527609612,-3.20052386658313],[114.445097461679,-3.20291262871478],[114.445871306716,-3.2041751968278],[114.446596037077,-3.20529366567007],[114.446675759279,-3.2054316936177],[114.447224111903,-3.20634318079311],[114.447918824694,-3.2074456677833],[114.448603724083,-3.20848488387026],[114.44917059105,-3.20940246934845],[114.449366037113,-3.2096548991542],[114.43596133175,-3.24248362521911],[114.431134413123,-3.24790022211749],[114.428450786674,-3.24999999970015],[114.424865097047,-3.25280558860698],[114.412103326907,-3.26311641299202],[114.410486746067,-3.26292469731686],[114.389271390962,-3.27865330120886],[114.376222971813,-3.28848389481584],[114.375218039681,-3.28734906280897],[114.372187157112,-3.2837743314202],[114.389338545138,-3.26938544937894],[114.38202485896,-3.25618901531078],[114.386317674721,-3.25348613167961],[114.385013701821,-3.25000000149885],[114.38437000757,-3.24827910559623],[114.381627375703,-3.24863683971836],[114.355790985566,-3.23416846210478],[114.354280550807,-3.23106809521636],[114.330749561943,-3.22359541699484],[114.331385534615,-3.21334035687192],[114.317231131911,-3.18524964605427],[114.335545855957,-3.18444678439153],[114.340951623219,-3.18667268829387],[114.343734004221,-3.18659319092296],[114.347549840253,-3.18762664685221],[114.3521606419,-3.18730866006655],[114.355261008789,-3.18571872883621],[114.358277611023,-3.18798215335363],[114.358554792869,-3.18791731403275],[114.359706744371,-3.18764087502632],[114.360578755805,-3.18741573784598],[114.362128211248,-3.1869749918024],[114.364148164106,-3.1863500268322],[114.365359569788,-3.18603779300969],[114.366656300448,-3.18564642334371],[114.368391375062,-3.18517475501091],[114.370368518393,-3.18457683805059],[114.37123056264,-3.18429800864612],[114.371860719397,-3.18398768408429],[114.372697322723,-3.18356198189991],[114.374381444448,-3.18277864272017],[114.375317816764,-3.18233110499648],[114.376563963256,-3.18174276131936],[114.377746024959,-3.18118688496673],[114.379451375181,-3.18035687996598],[114.381174560757,-3.17953040120699],[114.383613395342,-3.17837180821232],[114.384687182268,-3.17785930076604],[114.386730772008,-3.17687764129005],[114.389464922368,-3.17552810963451],[114.39070389317,-3.17493620374279],[114.391095449895,-3.17472702593147],[114.391643782734,-3.17448148673117],[114.392370426854,-3.17424252876964],[114.394828131013,-3.17341720923679],[114.397549386895,-3.17249782691312],[114.400106771011,-3.17162916365493],[114.402364905716,-3.17084750890535],[114.403611616083,-3.17044912362809],[114.406446700955,-3.16945767413233],[114.409481334596,-3.16842972115467],[114.411284753189,-3.16776969431589],[114.414209236067,-3.16645061190616],[114.415153038582,-3.16640219690379],[114.416666385345,-3.16626865387525],[114.417828608004,-3.16616446022164],[114.418080151978,-3.16617351819326],[114.418155600601,-3.16618213639646],[114.418281279058,-3.16622459608817],[114.41932831475,-3.16669081093215],[114.42256972861,-3.16822456960813],[114.424274344985,-3.16900263876073],[114.43290474206,-3.17189892429587]]]},"properties":{"Kecamatan":"TAMBANCATUR"}}]}